{"textures":{"0":"modelengine:entity/praying_mantis"},"elements":[{"from":[7.142857,9.007185,10.429511],"to":[8.857143,9.007185,11.572369],"rotation":{"angle":22.5,"axis":"x","origin":[8.0,9.578613,6.429511]},"faces":{"east":{"uv":[0.0,0.0,2.0,0.0],"rotation":0,"texture":"#0","tintindex":0},"south":{"uv":[0.0,0.0,3.0,0.0],"rotation":0,"texture":"#0","tintindex":0},"north":{"uv":[0.0,0.0,3.0,0.0],"rotation":0,"texture":"#0","tintindex":0},"west":{"uv":[0.0,0.0,2.0,0.0],"rotation":0,"texture":"#0","tintindex":0},"up":{"uv":[13.0,6.0,10.0,4.0],"rotation":0,"texture":"#0","tintindex":0},"down":{"uv":[3.0,11.0,0.0,13.0],"rotation":0,"texture":"#0","tintindex":0}}},{"from":[7.428571,7.8643274,6.429511],"to":[8.571428,10.150042,7.0009394],"rotation":{"angle":-22.5,"axis":"x","origin":[8.0,9.578613,6.429511]},"faces":{"east":{"uv":[7.0,11.0,8.0,15.0],"rotation":0,"texture":"#0","tintindex":0},"south":{"uv":[0.0,7.0,2.0,11.0],"rotation":0,"texture":"#0","tintindex":0},"north":{"uv":[6.0,0.0,8.0,4.0],"rotation":0,"texture":"#0","tintindex":0},"west":{"uv":[8.0,11.0,9.0,15.0],"rotation":0,"texture":"#0","tintindex":0},"up":{"uv":[12.0,7.0,10.0,6.0],"rotation":0,"texture":"#0","tintindex":0},"down":{"uv":[15.0,3.0,13.0,4.0],"rotation":0,"texture":"#0","tintindex":0}}},{"from":[7.142857,7.8643274,7.572368],"to":[8.857143,9.007185,10.429511],"rotation":{"angle":22.5,"axis":"x","origin":[8.0,9.578613,6.429511]},"faces":{"east":{"uv":[0.0,5.0,5.0,7.0],"rotation":0,"texture":"#0","tintindex":0},"south":{"uv":[9.0,9.0,12.0,11.0],"rotation":0,"texture":"#0","tintindex":0},"north":{"uv":[9.0,7.0,12.0,9.0],"rotation":0,"texture":"#0","tintindex":0},"west":{"uv":[5.0,5.0,10.0,7.0],"rotation":0,"texture":"#0","tintindex":0},"up":{"uv":[3.0,5.0,0.0,0.0],"rotation":0,"texture":"#0","tintindex":0},"down":{"uv":[6.0,0.0,3.0,5.0],"rotation":0,"texture":"#0","tintindex":0}}}],"display":{"head":{"translation":[0.0,-6.4,0.0],"scale":[4.0,4.0,4.0]}}}