{"textures":{"0":"modelengine:entity/praying_mantis"},"elements":[{"from":[7.428571,7.9997144,6.4530816],"to":[8.571428,7.9997144,7.0245104],"rotation":{"angle":-45.0,"axis":"x","origin":[8.0,8.0,7.285714]},"faces":{"east":{"uv":[0.0,0.0,1.0,0.0],"rotation":0,"texture":"#0","tintindex":0},"south":{"uv":[0.0,0.0,2.0,0.0],"rotation":0,"texture":"#0","tintindex":0},"north":{"uv":[0.0,0.0,2.0,0.0],"rotation":0,"texture":"#0","tintindex":0},"west":{"uv":[0.0,0.0,1.0,0.0],"rotation":0,"texture":"#0","tintindex":0},"up":{"uv":[8.0,5.0,6.0,4.0],"rotation":0,"texture":"#0","tintindex":0},"down":{"uv":[10.0,4.0,8.0,5.0],"rotation":0,"texture":"#0","tintindex":0}}},{"from":[7.142857,7.815503,7.1008134],"to":[8.857143,8.958361,8.24367],"rotation":{"angle":0.0,"axis":"y","origin":[8.0,8.0,7.285714]},"faces":{"east":{"uv":[11.0,0.0,13.0,2.0],"rotation":0,"texture":"#0","tintindex":0},"south":{"uv":[8.0,0.0,11.0,2.0],"rotation":0,"texture":"#0","tintindex":0},"north":{"uv":[6.0,7.0,9.0,9.0],"rotation":0,"texture":"#0","tintindex":0},"west":{"uv":[11.0,2.0,13.0,4.0],"rotation":0,"texture":"#0","tintindex":0},"up":{"uv":[11.0,4.0,8.0,2.0],"rotation":0,"texture":"#0","tintindex":0},"down":{"uv":[9.0,9.0,6.0,11.0],"rotation":0,"texture":"#0","tintindex":0}}}],"display":{"head":{"translation":[0.0,-6.4,0.0],"scale":[4.0,4.0,4.0]}}}