{"textures":{"0":"modelengine:entity/praying_mantis"},"elements":[{"from":[6.198125,6.4162297,7.714286],"to":[7.340982,6.4162297,8.285714],"rotation":{"angle":0.0,"axis":"y","origin":[7.626696,4.9876585,8.0]},"faces":{"east":{"uv":[0.0,0.0,1.0,0.0],"rotation":0,"texture":"#0","tintindex":0},"south":{"uv":[0.0,0.0,2.0,0.0],"rotation":0,"texture":"#0","tintindex":0},"north":{"uv":[0.0,0.0,2.0,0.0],"rotation":0,"texture":"#0","tintindex":0},"west":{"uv":[0.0,0.0,1.0,0.0],"rotation":0,"texture":"#0","tintindex":0},"up":{"uv":[15.0,5.0,13.0,4.0],"rotation":0,"texture":"#0","tintindex":0},"down":{"uv":[15.0,5.0,13.0,6.0],"rotation":0,"texture":"#0","tintindex":0}}},{"from":[7.428571,6.285714,7.714286],"to":[7.428571,8.0,8.285714],"rotation":{"angle":-22.5,"axis":"z","origin":[7.714286,6.5714283,8.0]},"faces":{"east":{"uv":[12.0,10.0,13.0,13.0],"rotation":0,"texture":"#0","tintindex":0},"south":{"uv":[0.0,0.0,0.0,3.0],"rotation":0,"texture":"#0","tintindex":0},"north":{"uv":[0.0,0.0,0.0,3.0],"rotation":0,"texture":"#0","tintindex":0},"west":{"uv":[0.0,13.0,1.0,16.0],"rotation":0,"texture":"#0","tintindex":0},"up":{"uv":[0.0,1.0,0.0,0.0],"rotation":0,"texture":"#0","tintindex":0},"down":{"uv":[0.0,0.0,0.0,1.0],"rotation":0,"texture":"#0","tintindex":0}}},{"from":[5.6296854,4.7019205,7.714286],"to":[5.6296854,6.4162064,8.285714],"rotation":{"angle":-22.5,"axis":"z","origin":[5.9153996,4.987635,8.0]},"faces":{"east":{"uv":[13.0,0.0,14.0,3.0],"rotation":0,"texture":"#0","tintindex":0},"south":{"uv":[0.0,0.0,0.0,3.0],"rotation":0,"texture":"#0","tintindex":0},"north":{"uv":[0.0,0.0,0.0,3.0],"rotation":0,"texture":"#0","tintindex":0},"west":{"uv":[1.0,13.0,2.0,16.0],"rotation":0,"texture":"#0","tintindex":0},"up":{"uv":[0.0,1.0,0.0,0.0],"rotation":0,"texture":"#0","tintindex":0},"down":{"uv":[0.0,0.0,0.0,1.0],"rotation":0,"texture":"#0","tintindex":0}}}],"display":{"head":{"translation":[0.0,-6.4,0.0],"scale":[4.0,4.0,4.0]}}}