{"textures":{"0":"modelengine:entity/praying_mantis"},"elements":[{"from":[10.370315,4.7019205,7.714286],"to":[10.370315,6.4162064,8.285714],"rotation":{"angle":22.5,"axis":"z","origin":[10.0846,4.987635,8.0]},"faces":{"east":{"uv":[2.0,13.0,1.0,16.0],"rotation":0,"texture":"#0","tintindex":0},"south":{"uv":[0.0,0.0,0.0,3.0],"rotation":0,"texture":"#0","tintindex":0},"north":{"uv":[0.0,0.0,0.0,3.0],"rotation":0,"texture":"#0","tintindex":0},"west":{"uv":[14.0,0.0,13.0,3.0],"rotation":0,"texture":"#0","tintindex":0},"up":{"uv":[0.0,1.0,0.0,0.0],"rotation":0,"texture":"#0","tintindex":0},"down":{"uv":[0.0,0.0,0.0,1.0],"rotation":0,"texture":"#0","tintindex":0}}},{"from":[8.659018,6.4162297,7.714286],"to":[9.801875,6.4162297,8.285714],"rotation":{"angle":0.0,"axis":"y","origin":[8.373303,4.9876585,8.0]},"faces":{"east":{"uv":[1.0,0.0,0.0,0.0],"rotation":0,"texture":"#0","tintindex":0},"south":{"uv":[2.0,0.0,0.0,0.0],"rotation":0,"texture":"#0","tintindex":0},"north":{"uv":[2.0,0.0,0.0,0.0],"rotation":0,"texture":"#0","tintindex":0},"west":{"uv":[1.0,0.0,0.0,0.0],"rotation":0,"texture":"#0","tintindex":0},"up":{"uv":[13.0,5.0,15.0,4.0],"rotation":0,"texture":"#0","tintindex":0},"down":{"uv":[13.0,5.0,15.0,6.0],"rotation":0,"texture":"#0","tintindex":0}}},{"from":[8.571428,6.285714,7.714286],"to":[8.571428,8.0,8.285714],"rotation":{"angle":22.5,"axis":"z","origin":[8.285714,6.5714283,8.0]},"faces":{"east":{"uv":[1.0,13.0,0.0,16.0],"rotation":0,"texture":"#0","tintindex":0},"south":{"uv":[0.0,0.0,0.0,3.0],"rotation":0,"texture":"#0","tintindex":0},"north":{"uv":[0.0,0.0,0.0,3.0],"rotation":0,"texture":"#0","tintindex":0},"west":{"uv":[13.0,10.0,12.0,13.0],"rotation":0,"texture":"#0","tintindex":0},"up":{"uv":[0.0,1.0,0.0,0.0],"rotation":0,"texture":"#0","tintindex":0},"down":{"uv":[0.0,0.0,0.0,1.0],"rotation":0,"texture":"#0","tintindex":0}}}],"display":{"head":{"translation":[0.0,-6.4,0.0],"scale":[4.0,4.0,4.0]}}}