{"textures":{"0":"modelengine:entity/praying_mantis"},"elements":[{"from":[8.0,5.9456124,7.712884],"to":[8.571428,8.231327,8.284312],"rotation":{"angle":0.0,"axis":"y","origin":[6.857143,7.6598983,7.712884]},"faces":{"east":{"uv":[13.0,6.0,12.0,10.0],"rotation":0,"texture":"#0","tintindex":0},"south":{"uv":[12.0,11.0,11.0,15.0],"rotation":0,"texture":"#0","tintindex":0},"north":{"uv":[10.0,11.0,9.0,15.0],"rotation":0,"texture":"#0","tintindex":0},"west":{"uv":[11.0,11.0,10.0,15.0],"rotation":0,"texture":"#0","tintindex":0},"up":{"uv":[2.0,14.0,3.0,13.0],"rotation":0,"texture":"#0","tintindex":0},"down":{"uv":[13.0,6.0,14.0,7.0],"rotation":0,"texture":"#0","tintindex":0}}},{"from":[8.285714,6.990428,5.4271693],"to":[8.285714,9.276142,6.570027],"rotation":{"angle":-45.0,"axis":"x","origin":[6.857143,7.5618567,7.712884]},"faces":{"east":{"uv":[6.0,7.0,4.0,11.0],"rotation":0,"texture":"#0","tintindex":0},"south":{"uv":[0.0,0.0,0.0,4.0],"rotation":0,"texture":"#0","tintindex":0},"north":{"uv":[0.0,0.0,0.0,4.0],"rotation":0,"texture":"#0","tintindex":0},"west":{"uv":[4.0,7.0,2.0,11.0],"rotation":0,"texture":"#0","tintindex":0},"up":{"uv":[0.0,2.0,0.0,0.0],"rotation":0,"texture":"#0","tintindex":0},"down":{"uv":[0.0,0.0,0.0,2.0],"rotation":0,"texture":"#0","tintindex":0}}},{"from":[8.0,6.4189997,6.570027],"to":[8.571428,9.276142,7.141455],"rotation":{"angle":-45.0,"axis":"x","origin":[6.5714283,7.5618567,7.712884]},"faces":{"east":{"uv":[7.0,11.0,6.0,16.0],"rotation":0,"texture":"#0","tintindex":0},"south":{"uv":[6.0,11.0,5.0,16.0],"rotation":0,"texture":"#0","tintindex":0},"north":{"uv":[4.0,11.0,3.0,16.0],"rotation":0,"texture":"#0","tintindex":0},"west":{"uv":[5.0,11.0,4.0,16.0],"rotation":0,"texture":"#0","tintindex":0},"up":{"uv":[13.0,8.0,14.0,7.0],"rotation":0,"texture":"#0","tintindex":0},"down":{"uv":[13.0,8.0,14.0,9.0],"rotation":0,"texture":"#0","tintindex":0}}}],"display":{"head":{"translation":[0.0,-6.4,0.0],"scale":[4.0,4.0,4.0]}}}