{"textures":{"0":"modelengine:entity/blood_elemental","1":"modelengine:entity/flame_fx"},"elements":[{"from":[-4.963457,14.681192,1.5151873],"to":[20.963457,31.348494,1.5151873],"rotation":{"angle":22.5,"axis":"x","origin":[8.9259615,23.014843,1.5151873]},"faces":{"east":{"uv":[4.875,1.5,4.875,2.625],"rotation":0,"texture":"#1","tintindex":0},"south":{"uv":[7.25,3.0,5.5,4.125],"rotation":0,"texture":"#1","tintindex":0},"north":{"uv":[5.5,3.0,7.25,4.125],"rotation":0,"texture":"#1","tintindex":0},"west":{"uv":[5.0,1.5,5.0,2.625],"rotation":0,"texture":"#1","tintindex":0},"up":{"uv":[9.125,4.0,7.375,4.0],"rotation":0,"texture":"#1","tintindex":0},"down":{"uv":[9.125,4.125,7.375,4.125],"rotation":0,"texture":"#1","tintindex":0}}},{"from":[7.074039,0.9930506,-6.2262287],"to":[8.9259615,8.40074,-2.5223837],"rotation":{"angle":22.5,"axis":"x","origin":[8.0,14.118551,13.552683]},"faces":{"east":{"uv":[4.8145,5.502,4.9355,5.748],"rotation":0,"texture":"#0","tintindex":0},"south":{"uv":[2.4395,9.877,2.498,10.123],"rotation":0,"texture":"#0","tintindex":0},"north":{"uv":[3.3145,9.8145,3.373,10.0605],"rotation":0,"texture":"#0","tintindex":0},"west":{"uv":[7.9395,9.0645,8.0605,9.3105],"rotation":0,"texture":"#0","tintindex":0},"up":{"uv":[1.623,6.998,1.5645,6.877],"rotation":0,"texture":"#0","tintindex":0},"down":{"uv":[2.498,6.9395,2.4395,7.0605],"rotation":0,"texture":"#0","tintindex":0}}},{"from":[-9.109543,13.787066,-3.0300798],"to":[2.0019917,21.194756,-3.0300798],"rotation":{"angle":-22.5,"axis":"z","origin":[8.0,14.118551,13.552683]},"faces":{"east":{"uv":[5.252,0.877,5.252,1.123],"rotation":0,"texture":"#0","tintindex":0},"south":{"uv":[4.4395,6.8145,4.8105,7.0605],"rotation":0,"texture":"#0","tintindex":0},"north":{"uv":[4.8105,6.8145,4.4395,7.0605],"rotation":0,"texture":"#0","tintindex":0},"west":{"uv":[0.5645,4.877,0.5645,5.123],"rotation":0,"texture":"#0","tintindex":0},"up":{"uv":[3.377,1.877,3.748,1.877],"rotation":0,"texture":"#0","tintindex":0},"down":{"uv":[0.002,5.127,0.373,5.127],"rotation":0,"texture":"#0","tintindex":0}}},{"from":[2.4442325,1.6717215,-4.01221],"to":[13.555767,14.635178,8.951246],"rotation":{"angle":0.0,"axis":"y","origin":[8.0,14.118551,13.552683]},"faces":{"east":{"uv":[1.9395,1.3145,2.373,1.748],"rotation":0,"texture":"#0","tintindex":0},"south":{"uv":[0.9395,5.8145,1.3105,6.248],"rotation":0,"texture":"#0","tintindex":0},"north":{"uv":[0.752,1.377,1.123,1.8105],"rotation":0,"texture":"#0","tintindex":0},"west":{"uv":[5.002,5.3145,5.4355,5.748],"rotation":0,"texture":"#0","tintindex":0},"up":{"uv":[6.1855,4.4355,5.8145,4.002],"rotation":0,"texture":"#0","tintindex":0},"down":{"uv":[5.1855,5.8145,4.8145,6.248],"rotation":0,"texture":"#0","tintindex":0}}},{"from":[13.998009,13.787066,-3.0300798],"to":[25.109543,21.194756,-3.0300798],"rotation":{"angle":22.5,"axis":"z","origin":[8.0,14.118551,13.552683]},"faces":{"east":{"uv":[0.5645,4.877,0.5645,5.123],"rotation":0,"texture":"#0","tintindex":0},"south":{"uv":[4.8105,6.8145,4.4395,7.0605],"rotation":0,"texture":"#0","tintindex":0},"north":{"uv":[4.4395,6.8145,4.8105,7.0605],"rotation":0,"texture":"#0","tintindex":0},"west":{"uv":[5.252,0.877,5.252,1.123],"rotation":0,"texture":"#0","tintindex":0},"up":{"uv":[3.748,1.877,3.377,1.877],"rotation":0,"texture":"#0","tintindex":0},"down":{"uv":[0.373,5.127,0.002,5.127],"rotation":0,"texture":"#0","tintindex":0}}},{"from":[13.998009,8.231299,-4.882002],"to":[25.109543,13.787066,-1.1781578],"rotation":{"angle":22.5,"axis":"z","origin":[8.0,14.118551,13.552683]},"faces":{"east":{"uv":[7.252,9.4395,7.373,9.623],"rotation":0,"texture":"#0","tintindex":0},"south":{"uv":[6.5645,7.4395,6.9355,7.623],"rotation":0,"texture":"#0","tintindex":0},"north":{"uv":[7.252,6.0645,7.623,6.248],"rotation":0,"texture":"#0","tintindex":0},"west":{"uv":[9.4395,7.4395,9.5605,7.623],"rotation":0,"texture":"#0","tintindex":0},"up":{"uv":[8.6855,2.3105,8.3145,2.1895],"rotation":0,"texture":"#0","tintindex":0},"down":{"uv":[8.6855,2.377,8.3145,2.498],"rotation":0,"texture":"#0","tintindex":0}}},{"from":[0.5923104,23.47148,-2.3978796],"to":[15.40769,27.175323,5.0098095],"rotation":{"angle":-45.0,"axis":"x","origin":[8.0,14.118551,13.552683]},"faces":{"east":{"uv":[9.127,7.252,9.373,7.373],"rotation":0,"texture":"#0","tintindex":0},"south":{"uv":[7.502,2.4395,7.998,2.5605],"rotation":0,"texture":"#0","tintindex":0},"north":{"uv":[7.502,2.252,7.998,2.373],"rotation":0,"texture":"#0","tintindex":0},"west":{"uv":[9.127,7.4395,9.373,7.5605],"rotation":0,"texture":"#0","tintindex":0},"up":{"uv":[0.498,6.623,0.002,6.377],"rotation":0,"texture":"#0","tintindex":0},"down":{"uv":[6.873,1.502,6.377,1.748],"rotation":0,"texture":"#0","tintindex":0}}},{"from":[19.336315,4.046548,-4.4190226],"to":[30.44785,7.7503924,-1.641139],"rotation":{"angle":45.0,"axis":"z","origin":[8.0,14.118551,13.552683]},"faces":{"east":{"uv":[4.877,9.9395,4.96875,10.0605],"rotation":0,"texture":"#0","tintindex":0},"south":{"uv":[8.3145,4.502,8.6855,4.623],"rotation":0,"texture":"#0","tintindex":0},"north":{"uv":[8.3145,4.3145,8.6855,4.4355],"rotation":0,"texture":"#0","tintindex":0},"west":{"uv":[5.0645,9.9395,5.15625,10.0605],"rotation":0,"texture":"#0","tintindex":0},"up":{"uv":[9.3105,2.40625,8.9395,2.3145],"rotation":0,"texture":"#0","tintindex":0},"down":{"uv":[9.3105,2.502,8.9395,2.59375],"rotation":0,"texture":"#0","tintindex":0}}},{"from":[6.1480775,2.7332864,-6.2709446],"to":[9.851922,11.992898,-3.493061],"rotation":{"angle":0.0,"axis":"y","origin":[8.0,14.118551,13.552683]},"faces":{"east":{"uv":[8.6895,9.252,8.78125,9.5605],"rotation":0,"texture":"#0","tintindex":0},"south":{"uv":[4.9395,8.5645,5.0605,8.873],"rotation":0,"texture":"#0","tintindex":0},"north":{"uv":[8.5645,3.6895,8.6855,3.998],"rotation":0,"texture":"#0","tintindex":0},"west":{"uv":[9.3145,0.8145,9.40625,1.123],"rotation":0,"texture":"#0","tintindex":0},"up":{"uv":[5.9355,10.03125,5.8145,9.9395],"rotation":0,"texture":"#0","tintindex":0},"down":{"uv":[10.0605,6.002,9.9395,6.09375],"rotation":0,"texture":"#0","tintindex":0}}},{"from":[9.3945675,0.5654917,-1.2343264],"to":[13.0984125,9.825104,2.4695182],"rotation":{"angle":22.5,"axis":"z","origin":[8.0,14.118551,13.552683]},"faces":{"east":{"uv":[8.752,2.502,8.873,2.8105],"rotation":0,"texture":"#0","tintindex":0},"south":{"uv":[8.752,2.877,8.873,3.1855],"rotation":0,"texture":"#0","tintindex":0},"north":{"uv":[8.752,2.127,8.873,2.4355],"rotation":0,"texture":"#0","tintindex":0},"west":{"uv":[8.752,3.252,8.873,3.5605],"rotation":0,"texture":"#0","tintindex":0},"up":{"uv":[8.9355,9.998,8.8145,9.877],"rotation":0,"texture":"#0","tintindex":0},"down":{"uv":[10.0605,0.252,9.9395,0.373],"rotation":0,"texture":"#0","tintindex":0}}},{"from":[-10.327902,5.937648,-0.7713461],"to":[-2.9202127,8.715531,2.0065374],"rotation":{"angle":22.5,"axis":"z","origin":[8.0,14.118551,13.552683]},"faces":{"east":{"uv":[10.002,3.4395,10.09375,3.53125],"rotation":0,"texture":"#0","tintindex":0},"south":{"uv":[9.6895,3.4395,9.9355,3.53125],"rotation":0,"texture":"#0","tintindex":0},"north":{"uv":[3.4395,9.6895,3.6855,9.78125],"rotation":0,"texture":"#0","tintindex":0},"west":{"uv":[10.002,3.627,10.09375,3.71875],"rotation":0,"texture":"#0","tintindex":0},"up":{"uv":[9.9355,3.71875,9.6895,3.627],"rotation":0,"texture":"#0","tintindex":0},"down":{"uv":[3.998,9.6895,3.752,9.78125],"rotation":0,"texture":"#0","tintindex":0}}},{"from":[18.920212,5.937648,-0.7713461],"to":[26.327902,8.715531,2.0065374],"rotation":{"angle":-22.5,"axis":"z","origin":[8.0,14.118551,13.552683]},"faces":{"east":{"uv":[10.002,3.8145,10.09375,3.90625],"rotation":0,"texture":"#0","tintindex":0},"south":{"uv":[9.6895,4.3145,9.9355,4.40625],"rotation":0,"texture":"#0","tintindex":0},"north":{"uv":[9.6895,3.8145,9.9355,3.90625],"rotation":0,"texture":"#0","tintindex":0},"west":{"uv":[10.002,4.3145,10.09375,4.40625],"rotation":0,"texture":"#0","tintindex":0},"up":{"uv":[9.9355,4.90625,9.6895,4.8145],"rotation":0,"texture":"#0","tintindex":0},"down":{"uv":[9.9355,5.002,9.6895,5.09375],"rotation":0,"texture":"#0","tintindex":0}}},{"from":[24.049171,9.638111,-3.9560413],"to":[26.827055,17.045801,-2.1041183],"rotation":{"angle":-22.5,"axis":"z","origin":[8.0,14.118551,13.552683]},"faces":{"east":{"uv":[4.4395,7.752,4.498,7.998],"rotation":0,"texture":"#0","tintindex":0},"south":{"uv":[9.502,0.6895,9.59375,0.9355],"rotation":0,"texture":"#0","tintindex":0},"north":{"uv":[9.4395,9.3145,9.53125,9.5605],"rotation":0,"texture":"#0","tintindex":0},"west":{"uv":[3.8145,8.752,3.873,8.998],"rotation":0,"texture":"#0","tintindex":0},"up":{"uv":[7.71875,10.0605,7.627,10.002],"rotation":0,"texture":"#0","tintindex":0},"down":{"uv":[7.90625,10.002,7.8145,10.0605],"rotation":0,"texture":"#0","tintindex":0}}},{"from":[7.097188,1.0496593,-5.9143705],"to":[8.902812,4.7535043,0.5673585],"rotation":{"angle":45.0,"axis":"x","origin":[8.0,14.118551,13.552683]},"faces":{"east":{"uv":[8.877,9.3145,9.09375,9.4355],"rotation":0,"texture":"#0","tintindex":0},"south":{"uv":[7.627,1.1895,7.6855,1.3105],"rotation":0,"texture":"#0","tintindex":0},"north":{"uv":[7.127,4.5645,7.1855,4.6855],"rotation":0,"texture":"#0","tintindex":0},"west":{"uv":[0.002,9.377,0.21875,9.498],"rotation":0,"texture":"#0","tintindex":0},"up":{"uv":[2.998,10.15625,2.9395,9.9395],"rotation":0,"texture":"#0","tintindex":0},"down":{"uv":[9.998,4.002,9.9395,4.21875],"rotation":0,"texture":"#0","tintindex":0}}},{"from":[2.9015875,0.5654917,-1.2343264],"to":[6.6054325,9.825104,2.4695182],"rotation":{"angle":-22.5,"axis":"z","origin":[8.0,14.118551,13.552683]},"faces":{"east":{"uv":[3.627,8.752,3.748,9.0605],"rotation":0,"texture":"#0","tintindex":0},"south":{"uv":[8.752,3.627,8.873,3.9355],"rotation":0,"texture":"#0","tintindex":0},"north":{"uv":[3.4395,8.752,3.5605,9.0605],"rotation":0,"texture":"#0","tintindex":0},"west":{"uv":[8.752,4.002,8.873,4.3105],"rotation":0,"texture":"#0","tintindex":0},"up":{"uv":[0.4355,10.0605,0.3145,9.9395],"rotation":0,"texture":"#0","tintindex":0},"down":{"uv":[10.0605,0.4395,9.9395,0.5605],"rotation":0,"texture":"#0","tintindex":0}}},{"from":[-10.827055,9.638111,-3.9560413],"to":[-8.049171,17.045801,-2.1041183],"rotation":{"angle":22.5,"axis":"z","origin":[8.0,14.118551,13.552683]},"faces":{"east":{"uv":[2.3145,3.1895,2.373,3.4355],"rotation":0,"texture":"#0","tintindex":0},"south":{"uv":[9.4395,8.002,9.53125,8.248],"rotation":0,"texture":"#0","tintindex":0},"north":{"uv":[9.4395,7.6895,9.53125,7.9355],"rotation":0,"texture":"#0","tintindex":0},"west":{"uv":[1.4395,7.1895,1.498,7.4355],"rotation":0,"texture":"#0","tintindex":0},"up":{"uv":[10.09375,6.8105,10.002,6.752],"rotation":0,"texture":"#0","tintindex":0},"down":{"uv":[10.09375,6.877,10.002,6.9355],"rotation":0,"texture":"#0","tintindex":0}}},{"from":[-2.8448763,-2.153242,-4.4190226],"to":[0.85896826,7.1063695,-1.641139],"rotation":{"angle":-45.0,"axis":"z","origin":[8.0,14.118551,13.552683]},"faces":{"east":{"uv":[9.252,6.0645,9.34375,6.373],"rotation":0,"texture":"#0","tintindex":0},"south":{"uv":[2.877,8.5645,2.998,8.873],"rotation":0,"texture":"#0","tintindex":0},"north":{"uv":[8.5645,2.5645,8.6855,2.873],"rotation":0,"texture":"#0","tintindex":0},"west":{"uv":[9.252,8.002,9.34375,8.3105],"rotation":0,"texture":"#0","tintindex":0},"up":{"uv":[10.0605,5.28125,9.9395,5.1895],"rotation":0,"texture":"#0","tintindex":0},"down":{"uv":[5.373,9.9395,5.252,10.03125],"rotation":0,"texture":"#0","tintindex":0}}},{"from":[20.479736,-0.10235119,-3.0300798],"to":[27.887426,9.157261,-3.0300798],"rotation":{"angle":22.5,"axis":"z","origin":[8.0,14.118551,13.552683]},"faces":{"east":{"uv":[0.877,6.377,0.877,6.6855],"rotation":0,"texture":"#0","tintindex":0},"south":{"uv":[1.373,7.1895,1.127,7.498],"rotation":0,"texture":"#0","tintindex":0},"north":{"uv":[1.127,7.1895,1.373,7.498],"rotation":0,"texture":"#0","tintindex":0},"west":{"uv":[1.877,7.0645,1.877,7.373],"rotation":0,"texture":"#0","tintindex":0},"up":{"uv":[0.873,5.127,0.627,5.127],"rotation":0,"texture":"#0","tintindex":0},"down":{"uv":[5.6855,5.002,5.4395,5.002],"rotation":0,"texture":"#0","tintindex":0}}},{"from":[15.141031,-2.153242,-4.4190226],"to":[18.844875,7.1063695,-1.641139],"rotation":{"angle":45.0,"axis":"z","origin":[8.0,14.118551,13.552683]},"faces":{"east":{"uv":[8.3145,9.252,8.40625,9.5605],"rotation":0,"texture":"#0","tintindex":0},"south":{"uv":[8.5645,3.3145,8.6855,3.623],"rotation":0,"texture":"#0","tintindex":0},"north":{"uv":[8.5645,2.9395,8.6855,3.248],"rotation":0,"texture":"#0","tintindex":0},"west":{"uv":[8.502,9.252,8.59375,9.5605],"rotation":0,"texture":"#0","tintindex":0},"up":{"uv":[5.5605,10.03125,5.4395,9.9395],"rotation":0,"texture":"#0","tintindex":0},"down":{"uv":[10.0605,5.5645,9.9395,5.65625],"rotation":0,"texture":"#0","tintindex":0}}},{"from":[-11.887426,-0.10235119,-3.0300798],"to":[-4.4797373,9.157261,-3.0300798],"rotation":{"angle":-22.5,"axis":"z","origin":[8.0,14.118551,13.552683]},"faces":{"east":{"uv":[1.877,7.0645,1.877,7.373],"rotation":0,"texture":"#0","tintindex":0},"south":{"uv":[1.127,7.1895,1.373,7.498],"rotation":0,"texture":"#0","tintindex":0},"north":{"uv":[1.373,7.1895,1.127,7.498],"rotation":0,"texture":"#0","tintindex":0},"west":{"uv":[0.877,6.377,0.877,6.6855],"rotation":0,"texture":"#0","tintindex":0},"up":{"uv":[0.627,5.127,0.873,5.127],"rotation":0,"texture":"#0","tintindex":0},"down":{"uv":[5.4395,5.002,5.6855,5.002],"rotation":0,"texture":"#0","tintindex":0}}},{"from":[-9.109543,8.231299,-4.882002],"to":[2.0019917,13.787066,-1.1781578],"rotation":{"angle":-22.5,"axis":"z","origin":[8.0,14.118551,13.552683]},"faces":{"east":{"uv":[7.5645,3.252,7.6855,3.4355],"rotation":0,"texture":"#0","tintindex":0},"south":{"uv":[3.9395,5.877,4.3105,6.0605],"rotation":0,"texture":"#0","tintindex":0},"north":{"uv":[5.377,2.752,5.748,2.9355],"rotation":0,"texture":"#0","tintindex":0},"west":{"uv":[2.502,9.377,2.623,9.5605],"rotation":0,"texture":"#0","tintindex":0},"up":{"uv":[8.623,1.873,8.252,1.752],"rotation":0,"texture":"#0","tintindex":0},"down":{"uv":[8.623,4.127,8.252,4.248],"rotation":0,"texture":"#0","tintindex":0}}},{"from":[-14.447849,4.046548,-4.4190226],"to":[-3.3363152,7.7503924,-1.641139],"rotation":{"angle":-45.0,"axis":"z","origin":[8.0,14.118551,13.552683]},"faces":{"east":{"uv":[9.9395,3.252,10.03125,3.373],"rotation":0,"texture":"#0","tintindex":0},"south":{"uv":[8.3145,1.1895,8.6855,1.3105],"rotation":0,"texture":"#0","tintindex":0},"north":{"uv":[8.252,4.8145,8.623,4.9355],"rotation":0,"texture":"#0","tintindex":0},"west":{"uv":[4.6895,9.9395,4.78125,10.0605],"rotation":0,"texture":"#0","tintindex":0},"up":{"uv":[9.3105,2.03125,8.9395,1.9395],"rotation":0,"texture":"#0","tintindex":0},"down":{"uv":[9.3105,2.127,8.9395,2.21875],"rotation":0,"texture":"#0","tintindex":0}}}],"display":{"head":{"translation":[0.0,-6.4,0.0],"scale":[4.0,4.0,4.0]}}}