{"textures":{"0":"modelengine:entity/blood_elemental","1":"modelengine:entity/flame_fx"},"elements":[{"from":[8.140025,-11.396008,5.4309416],"to":[21.103481,-6.2106256,10.616324],"rotation":{"angle":-45.0,"axis":"z","origin":[27.529474,-4.8967066,5.7161922]},"faces":{"east":{"uv":[7.502,2.627,7.748,2.873],"rotation":0,"texture":"#0","tintindex":0},"south":{"uv":[6.002,3.3145,6.623,3.5605],"rotation":0,"texture":"#0","tintindex":0},"north":{"uv":[6.002,3.002,6.623,3.248],"rotation":0,"texture":"#0","tintindex":0},"west":{"uv":[3.0645,7.502,3.3105,7.748],"rotation":0,"texture":"#0","tintindex":0},"up":{"uv":[6.6855,3.873,6.0645,3.627],"rotation":0,"texture":"#0","tintindex":0},"down":{"uv":[6.6855,4.502,6.0645,4.748],"rotation":0,"texture":"#0","tintindex":0}}},{"from":[9.393614,13.706131,6.0791144],"to":[13.28265,25.373241,9.968151],"rotation":{"angle":22.5,"axis":"z","origin":[27.529474,-4.8967066,5.7161922]},"faces":{"east":{"uv":[6.627,6.3145,6.8105,6.873],"rotation":0,"texture":"#0","tintindex":0},"south":{"uv":[0.002,6.6895,0.1855,7.248],"rotation":0,"texture":"#0","tintindex":0},"north":{"uv":[1.6895,6.4395,1.873,6.998],"rotation":0,"texture":"#0","tintindex":0},"west":{"uv":[0.252,6.6895,0.4355,7.248],"rotation":0,"texture":"#0","tintindex":0},"up":{"uv":[9.1855,5.0605,9.002,4.877],"rotation":0,"texture":"#0","tintindex":0},"down":{"uv":[9.1855,5.127,9.002,5.3105],"rotation":0,"texture":"#0","tintindex":0}}},{"from":[1.3243122,4.7767406,7.9847975],"to":[16.880459,32.0,7.9847975],"rotation":{"angle":22.5,"axis":"z","origin":[6.509694,26.166441,8.308884]},"faces":{"east":{"uv":[4.375,7.5,4.375,10.125],"rotation":0,"texture":"#1","tintindex":0},"south":{"uv":[0.0,0.0,1.5,2.625],"rotation":0,"texture":"#1","tintindex":0},"north":{"uv":[1.5,0.0,0.0,2.625],"rotation":0,"texture":"#1","tintindex":0},"west":{"uv":[4.25,7.5,4.25,10.125],"rotation":0,"texture":"#1","tintindex":0},"up":{"uv":[5.5,4.25,7.0,4.25],"rotation":0,"texture":"#1","tintindex":0},"down":{"uv":[7.375,3.125,8.875,3.125],"rotation":0,"texture":"#1","tintindex":0}}},{"from":[-16.0,8.573649,8.308884],"to":[11.223258,24.129797,8.308884],"rotation":{"angle":-45.0,"axis":"z","origin":[-1.7401981,16.999895,8.308884]},"faces":{"east":{"uv":[4.5,7.5,4.5,9.0],"rotation":0,"texture":"#1","tintindex":0},"south":{"uv":[0.0,2.75,2.625,4.25],"rotation":0,"texture":"#1","tintindex":0},"north":{"uv":[2.625,2.75,0.0,4.25],"rotation":0,"texture":"#1","tintindex":0},"west":{"uv":[7.25,1.25,7.25,2.75],"rotation":0,"texture":"#1","tintindex":0},"up":{"uv":[7.375,3.25,10.0,3.25],"rotation":0,"texture":"#1","tintindex":0},"down":{"uv":[7.375,3.375,10.0,3.375],"rotation":0,"texture":"#1","tintindex":0}}},{"from":[0.2644863,-10.242786,6.4032006],"to":[3.50535,-2.4647121,9.644065],"rotation":{"angle":-22.5,"axis":"z","origin":[27.529474,-4.8967066,5.7161922]},"faces":{"east":{"uv":[8.002,3.127,8.15625,3.498],"rotation":0,"texture":"#0","tintindex":0},"south":{"uv":[8.002,3.5645,8.15625,3.9355],"rotation":0,"texture":"#0","tintindex":0},"north":{"uv":[1.8145,8.002,1.96875,8.373],"rotation":0,"texture":"#0","tintindex":0},"west":{"uv":[4.752,8.002,4.90625,8.373],"rotation":0,"texture":"#0","tintindex":0},"up":{"uv":[9.59375,0.59375,9.4395,0.4395],"rotation":0,"texture":"#0","tintindex":0},"down":{"uv":[9.59375,4.8145,9.4395,4.96875],"rotation":0,"texture":"#0","tintindex":0}}},{"from":[21.753662,15.695318,6.4032006],"to":[24.994526,26.066082,9.644065],"rotation":{"angle":22.5,"axis":"z","origin":[27.529474,-4.8967066,5.7161922]},"faces":{"east":{"uv":[7.252,4.5645,7.40625,5.0605],"rotation":0,"texture":"#0","tintindex":0},"south":{"uv":[0.002,7.3145,0.15625,7.8105],"rotation":0,"texture":"#0","tintindex":0},"north":{"uv":[3.9395,7.252,4.09375,7.748],"rotation":0,"texture":"#0","tintindex":0},"west":{"uv":[0.252,7.3145,0.40625,7.8105],"rotation":0,"texture":"#0","tintindex":0},"up":{"uv":[9.53125,4.71875,9.377,4.5645],"rotation":0,"texture":"#0","tintindex":0},"down":{"uv":[6.65625,9.377,6.502,9.53125],"rotation":0,"texture":"#0","tintindex":0}}},{"from":[13.930823,14.354305,8.023633],"to":[21.060724,24.725069,8.023633],"rotation":{"angle":22.5,"axis":"z","origin":[27.529474,-4.8967066,5.7161922]},"faces":{"east":{"uv":[0.1895,10.0645,0.1895,10.5605],"rotation":0,"texture":"#0","tintindex":0},"south":{"uv":[2.96875,5.752,2.627,6.248],"rotation":0,"texture":"#0","tintindex":0},"north":{"uv":[2.627,5.752,2.96875,6.248],"rotation":0,"texture":"#0","tintindex":0},"west":{"uv":[0.252,10.0645,0.252,10.5605],"rotation":0,"texture":"#0","tintindex":0},"up":{"uv":[10.34375,3.002,10.002,3.002],"rotation":0,"texture":"#0","tintindex":0},"down":{"uv":[10.34375,8.8145,10.002,8.8145],"rotation":0,"texture":"#0","tintindex":0}}},{"from":[7.627572,-2.2700272,6.0791144],"to":[11.516608,8.100738,9.968151],"rotation":{"angle":-22.5,"axis":"z","origin":[27.529474,-4.8967066,5.7161922]},"faces":{"east":{"uv":[4.877,6.8145,5.0605,7.3105],"rotation":0,"texture":"#0","tintindex":0},"south":{"uv":[6.877,6.3145,7.0605,6.8105],"rotation":0,"texture":"#0","tintindex":0},"north":{"uv":[3.4395,6.8145,3.623,7.3105],"rotation":0,"texture":"#0","tintindex":0},"west":{"uv":[6.877,6.877,7.0605,7.373],"rotation":0,"texture":"#0","tintindex":0},"up":{"uv":[0.1855,9.0605,0.002,8.877],"rotation":0,"texture":"#0","tintindex":0},"down":{"uv":[0.623,8.877,0.4395,9.0605],"rotation":0,"texture":"#0","tintindex":0}}},{"from":[4.904848,4.8926797,6.7272873],"to":[11.386577,7.4853706,9.319979],"rotation":{"angle":0.0,"axis":"y","origin":[27.529474,-4.8967066,5.7161922]},"faces":{"east":{"uv":[0.502,9.9395,0.623,10.0605],"rotation":0,"texture":"#0","tintindex":0},"south":{"uv":[8.6895,4.6895,8.998,4.8105],"rotation":0,"texture":"#0","tintindex":0},"north":{"uv":[8.6895,1.752,8.998,1.873],"rotation":0,"texture":"#0","tintindex":0},"west":{"uv":[9.9395,0.627,10.0605,0.748],"rotation":0,"texture":"#0","tintindex":0},"up":{"uv":[9.0605,4.498,8.752,4.377],"rotation":0,"texture":"#0","tintindex":0},"down":{"uv":[7.373,8.752,7.0645,8.873],"rotation":0,"texture":"#0","tintindex":0}}},{"from":[6.9793987,1.61901,5.4309416],"to":[12.164782,2.9153552,10.616324],"rotation":{"angle":-22.5,"axis":"z","origin":[27.529474,-4.8967066,5.7161922]},"faces":{"east":{"uv":[10.1855,0.127,9.9395,0.1855],"rotation":0,"texture":"#0","tintindex":0},"south":{"uv":[0.248,9.9395,0.002,9.998],"rotation":0,"texture":"#0","tintindex":0},"north":{"uv":[10.123,9.502,9.877,9.5605],"rotation":0,"texture":"#0","tintindex":0},"west":{"uv":[10.123,9.627,9.877,9.6855],"rotation":0,"texture":"#0","tintindex":0},"up":{"uv":[7.377,7.873,7.623,7.627],"rotation":0,"texture":"#0","tintindex":0},"down":{"uv":[1.377,7.6895,1.623,7.9355],"rotation":0,"texture":"#0","tintindex":0}}},{"from":[-8.518488,10.720954,5.755028],"to":[-4.6294518,13.313644,8.347719],"rotation":{"angle":0.0,"axis":"y","origin":[27.529474,-4.8967066,5.7161922]},"faces":{"east":{"uv":[0.6895,9.9395,0.8105,10.0605],"rotation":0,"texture":"#0","tintindex":0},"south":{"uv":[0.252,9.752,0.4355,9.873],"rotation":0,"texture":"#0","tintindex":0},"north":{"uv":[0.002,9.752,0.1855,9.873],"rotation":0,"texture":"#0","tintindex":0},"west":{"uv":[1.752,9.9395,1.873,10.0605],"rotation":0,"texture":"#0","tintindex":0},"up":{"uv":[0.6855,9.873,0.502,9.752],"rotation":0,"texture":"#0","tintindex":0},"down":{"uv":[0.9355,9.752,0.752,9.873],"rotation":0,"texture":"#0","tintindex":0}}},{"from":[-9.166662,13.313644,5.755028],"to":[-3.9812794,17.850855,10.940411],"rotation":{"angle":0.0,"axis":"y","origin":[27.529474,-4.8967066,5.7161922]},"faces":{"east":{"uv":[6.8145,8.252,7.0605,8.46875],"rotation":0,"texture":"#0","tintindex":0},"south":{"uv":[8.252,6.9395,8.498,7.15625],"rotation":0,"texture":"#0","tintindex":0},"north":{"uv":[8.252,3.8145,8.498,4.03125],"rotation":0,"texture":"#0","tintindex":0},"west":{"uv":[8.252,7.252,8.498,7.46875],"rotation":0,"texture":"#0","tintindex":0},"up":{"uv":[6.873,7.9355,6.627,7.6895],"rotation":0,"texture":"#0","tintindex":0},"down":{"uv":[7.9355,7.627,7.6895,7.873],"rotation":0,"texture":"#0","tintindex":0}}},{"from":[-13.023056,2.868403,6.0791144],"to":[-11.078539,6.7574396,9.968151],"rotation":{"angle":-22.5,"axis":"z","origin":[27.529474,-4.8967066,5.7161922]},"faces":{"east":{"uv":[9.002,5.377,9.1855,5.5605],"rotation":0,"texture":"#0","tintindex":0},"south":{"uv":[8.4395,9.8145,8.53125,9.998],"rotation":0,"texture":"#0","tintindex":0},"north":{"uv":[2.252,9.8145,2.34375,9.998],"rotation":0,"texture":"#0","tintindex":0},"west":{"uv":[9.002,5.627,9.1855,5.8105],"rotation":0,"texture":"#0","tintindex":0},"up":{"uv":[8.71875,9.998,8.627,9.8145],"rotation":0,"texture":"#0","tintindex":0},"down":{"uv":[9.15625,9.8145,9.0645,9.998],"rotation":0,"texture":"#0","tintindex":0}}},{"from":[10.68996,15.65065,5.4309416],"to":[13.930823,23.428724,10.616324],"rotation":{"angle":22.5,"axis":"z","origin":[27.529474,-4.8967066,5.7161922]},"faces":{"east":{"uv":[7.0645,0.9395,7.3105,1.3105],"rotation":0,"texture":"#0","tintindex":0},"south":{"uv":[4.4395,8.0645,4.59375,8.4355],"rotation":0,"texture":"#0","tintindex":0},"north":{"uv":[8.0645,4.377,8.21875,4.748],"rotation":0,"texture":"#0","tintindex":0},"west":{"uv":[1.5645,7.0645,1.8105,7.4355],"rotation":0,"texture":"#0","tintindex":0},"up":{"uv":[4.78125,8.998,4.627,8.752],"rotation":0,"texture":"#0","tintindex":0},"down":{"uv":[5.90625,8.752,5.752,8.998],"rotation":0,"texture":"#0","tintindex":0}}},{"from":[6.9793987,4.2117004,5.4309416],"to":[12.164782,5.508047,10.616324],"rotation":{"angle":-22.5,"axis":"z","origin":[27.529474,-4.8967066,5.7161922]},"faces":{"east":{"uv":[10.1855,0.127,9.9395,0.1855],"rotation":0,"texture":"#0","tintindex":0},"south":{"uv":[0.248,9.9395,0.002,9.998],"rotation":0,"texture":"#0","tintindex":0},"north":{"uv":[10.123,9.502,9.877,9.5605],"rotation":0,"texture":"#0","tintindex":0},"west":{"uv":[10.123,9.627,9.877,9.6855],"rotation":0,"texture":"#0","tintindex":0},"up":{"uv":[7.377,7.873,7.623,7.627],"rotation":0,"texture":"#0","tintindex":0},"down":{"uv":[1.377,7.6895,1.623,7.9355],"rotation":0,"texture":"#0","tintindex":0}}},{"from":[-4.9208965,-5.0574036,6.4032006],"to":[-1.6800327,2.7206702,9.644065],"rotation":{"angle":-22.5,"axis":"z","origin":[27.529474,-4.8967066,5.7161922]},"faces":{"east":{"uv":[1.3145,8.002,1.46875,8.373],"rotation":0,"texture":"#0","tintindex":0},"south":{"uv":[8.002,1.502,8.15625,1.873],"rotation":0,"texture":"#0","tintindex":0},"north":{"uv":[3.3145,7.9395,3.46875,8.3105],"rotation":0,"texture":"#0","tintindex":0},"west":{"uv":[1.5645,8.002,1.71875,8.373],"rotation":0,"texture":"#0","tintindex":0},"up":{"uv":[9.34375,9.53125,9.1895,9.377],"rotation":0,"texture":"#0","tintindex":0},"down":{"uv":[9.59375,0.1895,9.4395,0.34375],"rotation":0,"texture":"#0","tintindex":0}}},{"from":[-15.615746,3.1924891,6.4032006],"to":[-3.948637,6.4333534,9.644065],"rotation":{"angle":-22.5,"axis":"z","origin":[27.529474,-4.8967066,5.7161922]},"faces":{"east":{"uv":[7.877,9.377,8.03125,9.53125],"rotation":0,"texture":"#0","tintindex":0},"south":{"uv":[7.0645,1.8145,7.623,1.96875],"rotation":0,"texture":"#0","tintindex":0},"north":{"uv":[6.9395,5.8145,7.498,5.96875],"rotation":0,"texture":"#0","tintindex":0},"west":{"uv":[9.377,9.0645,9.53125,9.21875],"rotation":0,"texture":"#0","tintindex":0},"up":{"uv":[7.6855,0.15625,7.127,0.002],"rotation":0,"texture":"#0","tintindex":0},"down":{"uv":[6.748,7.127,6.1895,7.28125],"rotation":0,"texture":"#0","tintindex":0}}}],"display":{"head":{"translation":[-46.169144,37.693718,0.0],"scale":[4.0,4.0,4.0]}}}