{"textures":{"0":"modelengine:entity/blood_elemental","1":"modelengine:entity/flame_fx"},"elements":[{"from":[4.0425963,-0.49478626,1.4689698],"to":[6.635288,5.9869423,4.061661],"rotation":{"angle":22.5,"axis":"x","origin":[26.510954,11.788372,8.923171]},"faces":{"east":{"uv":[5.623,8.8145,5.502,9.123],"rotation":0,"texture":"#0","tintindex":0},"south":{"uv":[8.9355,5.252,8.8145,5.5605],"rotation":0,"texture":"#0","tintindex":0},"north":{"uv":[4.4355,8.8145,4.3145,9.123],"rotation":0,"texture":"#0","tintindex":0},"west":{"uv":[8.9355,4.877,8.8145,5.1855],"rotation":0,"texture":"#0","tintindex":0},"up":{"uv":[9.9395,2.5605,10.0605,2.4395],"rotation":0,"texture":"#0","tintindex":0},"down":{"uv":[2.5645,9.9395,2.6855,10.0605],"rotation":0,"texture":"#0","tintindex":0}}},{"from":[3.3944235,-2.6932402,6.665646],"to":[7.2834606,1.195797,13.147374],"rotation":{"angle":45.0,"axis":"x","origin":[26.510954,11.788372,8.923171]},"faces":{"east":{"uv":[8.4355,1.9395,8.127,2.123],"rotation":0,"texture":"#0","tintindex":0},"south":{"uv":[8.5605,9.002,8.377,9.1855],"rotation":0,"texture":"#0","tintindex":0},"north":{"uv":[9.1855,8.252,9.002,8.4355],"rotation":0,"texture":"#0","tintindex":0},"west":{"uv":[8.4355,0.002,8.127,0.1855],"rotation":0,"texture":"#0","tintindex":0},"up":{"uv":[8.127,6.873,8.3105,6.5645],"rotation":0,"texture":"#0","tintindex":0},"down":{"uv":[2.9395,8.1895,3.123,8.498],"rotation":0,"texture":"#0","tintindex":0}}},{"from":[3.3944235,-0.63076687,2.6364946],"to":[7.2834606,3.2582703,9.118223],"rotation":{"angle":-45.0,"axis":"x","origin":[26.510954,11.788372,8.923171]},"faces":{"east":{"uv":[8.127,1.9395,8.4355,2.123],"rotation":0,"texture":"#0","tintindex":0},"south":{"uv":[9.002,8.252,9.1855,8.4355],"rotation":0,"texture":"#0","tintindex":0},"north":{"uv":[8.377,9.002,8.5605,9.1855],"rotation":0,"texture":"#0","tintindex":0},"west":{"uv":[8.127,0.002,8.4355,0.1855],"rotation":0,"texture":"#0","tintindex":0},"up":{"uv":[8.127,6.5645,8.3105,6.873],"rotation":0,"texture":"#0","tintindex":0},"down":{"uv":[2.9395,8.498,3.123,8.1895],"rotation":0,"texture":"#0","tintindex":0}}},{"from":[2.833127,-10.406521,10.77708],"to":[5.4258184,-5.221137,12.073425],"rotation":{"angle":-22.5,"axis":"z","origin":[26.510954,11.788372,8.923171]},"faces":{"east":{"uv":[2.1855,9.9395,2.127,10.1855],"rotation":0,"texture":"#0","tintindex":0},"south":{"uv":[9.373,5.752,9.252,5.998],"rotation":0,"texture":"#0","tintindex":0},"north":{"uv":[9.373,5.4395,9.252,5.6855],"rotation":0,"texture":"#0","tintindex":0},"west":{"uv":[0.9355,9.9395,0.877,10.1855],"rotation":0,"texture":"#0","tintindex":0},"up":{"uv":[10.002,4.998,10.123,4.9395],"rotation":0,"texture":"#0","tintindex":0},"down":{"uv":[10.002,5.0645,10.123,5.123],"rotation":0,"texture":"#0","tintindex":0}}},{"from":[0.2404356,-10.406521,7.5362153],"to":[5.4258184,-0.035754204,7.5362153],"rotation":{"angle":-22.5,"axis":"z","origin":[26.510954,11.788372,8.923171]},"faces":{"east":{"uv":[4.1895,10.0645,4.1895,10.5605],"rotation":0,"texture":"#0","tintindex":0},"south":{"uv":[2.252,6.377,2.498,6.873],"rotation":0,"texture":"#0","tintindex":0},"north":{"uv":[2.498,6.377,2.252,6.873],"rotation":0,"texture":"#0","tintindex":0},"west":{"uv":[4.127,10.0645,4.127,10.5605],"rotation":0,"texture":"#0","tintindex":0},"up":{"uv":[10.0645,4.5645,10.3105,4.5645],"rotation":0,"texture":"#0","tintindex":0},"down":{"uv":[10.0645,4.627,10.3105,4.627],"rotation":0,"texture":"#0","tintindex":0}}},{"from":[4.0425963,0.62141657,11.089931],"to":[6.635288,7.1031446,13.682621],"rotation":{"angle":-22.5,"axis":"x","origin":[26.510954,11.788372,8.923171]},"faces":{"east":{"uv":[5.502,8.8145,5.623,9.123],"rotation":0,"texture":"#0","tintindex":0},"south":{"uv":[4.3145,8.8145,4.4355,9.123],"rotation":0,"texture":"#0","tintindex":0},"north":{"uv":[8.8145,5.252,8.9355,5.5605],"rotation":0,"texture":"#0","tintindex":0},"west":{"uv":[8.8145,4.877,8.9355,5.1855],"rotation":0,"texture":"#0","tintindex":0},"up":{"uv":[9.9395,2.4395,10.0605,2.5605],"rotation":0,"texture":"#0","tintindex":0},"down":{"uv":[2.5645,10.0605,2.6855,9.9395],"rotation":0,"texture":"#0","tintindex":0}}},{"from":[2.833127,-10.406521,2.9990053],"to":[5.4258184,-5.221137,4.295351],"rotation":{"angle":-22.5,"axis":"z","origin":[26.510954,11.788372,8.923171]},"faces":{"east":{"uv":[2.1855,9.9395,2.127,10.1855],"rotation":0,"texture":"#0","tintindex":0},"south":{"uv":[9.373,5.752,9.252,5.998],"rotation":0,"texture":"#0","tintindex":0},"north":{"uv":[9.373,5.4395,9.252,5.6855],"rotation":0,"texture":"#0","tintindex":0},"west":{"uv":[0.9355,9.9395,0.877,10.1855],"rotation":0,"texture":"#0","tintindex":0},"up":{"uv":[10.002,4.998,10.123,4.9395],"rotation":0,"texture":"#0","tintindex":0},"down":{"uv":[10.002,5.0645,10.123,5.123],"rotation":0,"texture":"#0","tintindex":0}}},{"from":[-8.490377,5.3066444,5.034134],"to":[3.1767325,23.455482,5.034134],"rotation":{"angle":22.5,"axis":"z","origin":[3.1767325,15.67741,7.6268253]},"faces":{"east":{"uv":[4.75,7.5,4.75,9.25],"rotation":0,"texture":"#1","tintindex":0},"south":{"uv":[5.125,6.0,6.25,7.75],"rotation":0,"texture":"#1","tintindex":0},"north":{"uv":[6.25,6.0,5.125,7.75],"rotation":0,"texture":"#1","tintindex":0},"west":{"uv":[4.625,7.5,4.625,9.25],"rotation":0,"texture":"#1","tintindex":0},"up":{"uv":[7.375,3.5,8.5,3.5],"rotation":0,"texture":"#1","tintindex":0},"down":{"uv":[7.375,3.625,8.5,3.625],"rotation":0,"texture":"#1","tintindex":0}}},{"from":[6.722164,-11.702866,2.9990053],"to":[15.796583,2.5569367,12.073425],"rotation":{"angle":-22.5,"axis":"z","origin":[26.510954,11.788372,8.923171]},"faces":{"east":{"uv":[4.3145,2.502,4.748,3.1855],"rotation":0,"texture":"#0","tintindex":0},"south":{"uv":[2.9395,4.3145,3.373,4.998],"rotation":0,"texture":"#0","tintindex":0},"north":{"uv":[2.4395,4.1895,2.873,4.873],"rotation":0,"texture":"#0","tintindex":0},"west":{"uv":[3.4395,4.3145,3.873,4.998],"rotation":0,"texture":"#0","tintindex":0},"up":{"uv":[5.8105,2.6855,5.377,2.252],"rotation":0,"texture":"#0","tintindex":0},"down":{"uv":[4.373,5.377,3.9395,5.8105],"rotation":0,"texture":"#0","tintindex":0}}},{"from":[5.4258184,-10.406521,1.7026601],"to":[17.09293,-3.9247923,13.36977],"rotation":{"angle":-22.5,"axis":"z","origin":[26.510954,11.788372,8.923171]},"faces":{"east":{"uv":[5.377,3.252,5.9355,3.5605],"rotation":0,"texture":"#0","tintindex":0},"south":{"uv":[0.502,5.4395,1.0605,5.748],"rotation":0,"texture":"#0","tintindex":0},"north":{"uv":[0.627,2.8145,1.1855,3.123],"rotation":0,"texture":"#0","tintindex":0},"west":{"uv":[5.4395,3.627,5.998,3.9355],"rotation":0,"texture":"#0","tintindex":0},"up":{"uv":[4.373,1.1855,3.8145,0.627],"rotation":0,"texture":"#0","tintindex":0},"down":{"uv":[1.8105,3.8145,1.252,4.373],"rotation":0,"texture":"#0","tintindex":0}}},{"from":[5.4258184,-3.9247923,1.7026601],"to":[11.907546,-0.035754204,13.36977],"rotation":{"angle":-22.5,"axis":"z","origin":[26.510954,11.788372,8.923171]},"faces":{"east":{"uv":[5.5645,6.627,6.123,6.8105],"rotation":0,"texture":"#0","tintindex":0},"south":{"uv":[7.9395,7.9395,8.248,8.123],"rotation":0,"texture":"#0","tintindex":0},"north":{"uv":[7.5645,7.9395,7.873,8.123],"rotation":0,"texture":"#0","tintindex":0},"west":{"uv":[6.627,6.0645,7.1855,6.248],"rotation":0,"texture":"#0","tintindex":0},"up":{"uv":[1.9355,5.998,1.627,5.4395],"rotation":0,"texture":"#0","tintindex":0},"down":{"uv":[5.748,4.002,5.4395,4.5605],"rotation":0,"texture":"#0","tintindex":0}}},{"from":[1.5367813,-10.406521,6.8880424],"to":[5.4258184,-3.9247923,8.184388],"rotation":{"angle":-22.5,"axis":"z","origin":[26.510954,11.788372,8.923171]},"faces":{"east":{"uv":[0.627,2.3145,0.6855,2.623],"rotation":0,"texture":"#0","tintindex":0},"south":{"uv":[5.5645,7.8145,5.748,8.123],"rotation":0,"texture":"#0","tintindex":0},"north":{"uv":[5.3145,7.8145,5.498,8.123],"rotation":0,"texture":"#0","tintindex":0},"west":{"uv":[7.002,7.4395,7.0605,7.748],"rotation":0,"texture":"#0","tintindex":0},"up":{"uv":[5.998,4.5605,5.8145,4.502],"rotation":0,"texture":"#0","tintindex":0},"down":{"uv":[6.6855,0.252,6.502,0.3105],"rotation":0,"texture":"#0","tintindex":0}}}],"display":{"head":{"translation":[0.0,-6.4,0.0],"scale":[4.0,4.0,4.0]}}}