{"textures":{"0":"modelengine:entity/mso_spittleshrub"},"elements":[{"from":[4.5714283,8.0,0.5714283],"to":[11.428572,10.857143,0.5714283],"rotation":{"angle":0.0,"axis":"y","origin":[8.0,9.428572,-1.1428576]},"faces":{"east":{"uv":[0.875,7.0,0.0,7.75],"rotation":0,"texture":"#0","tintindex":0},"south":{"uv":[0.75,15.375,0.0,16.0],"rotation":0,"texture":"#0","tintindex":0},"north":{"uv":[0.75,15.375,0.0,16.0],"rotation":0,"texture":"#0","tintindex":0},"west":{"uv":[4.25,6.0,3.375,6.75],"rotation":0,"texture":"#0","tintindex":0},"up":{"uv":[2.5,5.25,3.375,3.5],"rotation":0,"texture":"#0","tintindex":0},"down":{"uv":[2.5,5.25,3.375,7.0],"rotation":0,"texture":"#0","tintindex":0}}},{"from":[5.714286,8.0,1.1428566],"to":[10.285714,8.857143,7.428571],"rotation":{"angle":0.0,"axis":"y","origin":[8.0,4.5714283,4.0]},"faces":{"east":{"uv":[4.6875,15.75,5.375,16.0],"rotation":0,"texture":"#0","tintindex":0},"south":{"uv":[5.8125,14.875,6.3125,15.0625],"rotation":0,"texture":"#0","tintindex":0},"north":{"uv":[4.9375,14.75,5.4375,14.9375],"rotation":0,"texture":"#0","tintindex":0},"west":{"uv":[5.375,15.7625,4.6875,16.0],"rotation":0,"texture":"#0","tintindex":0},"up":{"uv":[7.5,14.625,8.0,16.0],"rotation":0,"texture":"#0","tintindex":0},"down":{"uv":[6.75,14.625,7.25,16.0],"rotation":0,"texture":"#0","tintindex":0}}},{"from":[4.5714283,8.0,0.5714283],"to":[4.5714283,10.857143,7.428571],"rotation":{"angle":0.0,"axis":"y","origin":[2.8571424,9.428572,4.0]},"faces":{"east":{"uv":[0.0,15.375,0.75,16.0],"rotation":0,"texture":"#0","tintindex":0},"south":{"uv":[0.0,7.0,0.875,7.75],"rotation":0,"texture":"#0","tintindex":0},"north":{"uv":[3.375,6.0,4.25,6.75],"rotation":0,"texture":"#0","tintindex":0},"west":{"uv":[0.0,15.375,0.75,16.0],"rotation":0,"texture":"#0","tintindex":0},"up":{"uv":[2.5,3.5,3.375,5.25],"rotation":90,"texture":"#0","tintindex":0},"down":{"uv":[2.5,7.0,3.375,5.25],"rotation":270,"texture":"#0","tintindex":0}}},{"from":[11.428572,8.0,0.5714283],"to":[11.428572,10.857143,7.428571],"rotation":{"angle":0.0,"axis":"y","origin":[13.142858,9.428572,4.0]},"faces":{"east":{"uv":[0.75,15.375,0.0,16.0],"rotation":0,"texture":"#0","tintindex":0},"south":{"uv":[0.875,7.0,0.0,7.75],"rotation":0,"texture":"#0","tintindex":0},"north":{"uv":[4.25,6.0,3.375,6.75],"rotation":0,"texture":"#0","tintindex":0},"west":{"uv":[0.75,15.375,0.0,16.0],"rotation":0,"texture":"#0","tintindex":0},"up":{"uv":[2.5,5.25,3.375,3.5],"rotation":90,"texture":"#0","tintindex":0},"down":{"uv":[2.5,5.25,3.375,7.0],"rotation":270,"texture":"#0","tintindex":0}}},{"from":[4.0,4.5714283,0.0],"to":[12.0,8.0,8.0],"rotation":{"angle":0.0,"axis":"y","origin":[8.0,4.5714283,4.0]},"faces":{"east":{"uv":[3.375,6.0,4.25,6.75],"rotation":0,"texture":"#0","tintindex":0},"south":{"uv":[3.375,6.75,4.25,7.5],"rotation":0,"texture":"#0","tintindex":0},"north":{"uv":[3.375,5.25,4.25,6.0],"rotation":0,"texture":"#0","tintindex":0},"west":{"uv":[0.0,7.0,0.875,7.75],"rotation":0,"texture":"#0","tintindex":0},"up":{"uv":[3.375,5.25,2.5,3.5],"rotation":0,"texture":"#0","tintindex":0},"down":{"uv":[3.375,5.25,2.5,7.0],"rotation":0,"texture":"#0","tintindex":0}}}],"display":{"head":{"translation":[0.0,-6.4,0.0],"scale":[4.0,4.0,4.0]}}}