{"textures":{"0":"modelengine:entity/mso_spittleshrub"},"elements":[{"from":[1.1428566,8.0,5.142857],"to":[8.0,8.0,10.857143],"rotation":{"angle":0.0,"axis":"y","origin":[12.0,3.4285712,8.0]},"faces":{"east":{"uv":[0.0,0.0,0.625,0.0],"rotation":0,"texture":"#0","tintindex":0},"south":{"uv":[0.0,0.0,0.75,0.0],"rotation":0,"texture":"#0","tintindex":0},"north":{"uv":[0.0,0.0,0.75,0.0],"rotation":0,"texture":"#0","tintindex":0},"west":{"uv":[0.0,0.0,0.625,0.0],"rotation":0,"texture":"#0","tintindex":0},"up":{"uv":[2.25,7.0,1.5,5.75],"rotation":0,"texture":"#0","tintindex":0},"down":{"uv":[2.25,5.75,1.5,7.0],"rotation":0,"texture":"#0","tintindex":0}}}],"display":{"head":{"translation":[0.0,-6.4,0.0],"scale":[4.0,4.0,4.0]}}}