{"textures":{"0":"modelengine:entity/armadillo"},"elements":[{"from":[6.285714,6.142857,4.5714283],"to":[9.714286,9.0,6.857143],"rotation":{"angle":-22.5,"axis":"x","origin":[8.0,7.5714283,5.142857]},"faces":{"east":{"uv":[0.0,11.5,2.0,14.0],"rotation":0,"texture":"#0","tintindex":0},"south":{"uv":[7.0,8.0,10.0,10.5],"rotation":0,"texture":"#0","tintindex":0},"north":{"uv":[4.0,8.0,7.0,10.5],"rotation":0,"texture":"#0","tintindex":0},"west":{"uv":[2.0,11.5,4.0,14.0],"rotation":0,"texture":"#0","tintindex":0},"up":{"uv":[13.0,10.5,10.0,8.5],"rotation":0,"texture":"#0","tintindex":0},"down":{"uv":[7.0,10.5,4.0,12.5],"rotation":0,"texture":"#0","tintindex":0}}},{"from":[5.714286,6.285714,5.714286],"to":[10.285714,10.285714,10.857143],"rotation":{"angle":0.0,"axis":"y","origin":[6.857143,6.285714,9.714286]},"faces":{"east":{"uv":[0.0,4.5,4.5,8.0],"rotation":0,"texture":"#0","tintindex":0},"south":{"uv":[8.0,0.0,12.0,3.5],"rotation":0,"texture":"#0","tintindex":0},"north":{"uv":[0.0,8.0,4.0,11.5],"rotation":0,"texture":"#0","tintindex":0},"west":{"uv":[4.5,4.5,9.0,8.0],"rotation":0,"texture":"#0","tintindex":0},"up":{"uv":[4.0,4.5,0.0,0.0],"rotation":0,"texture":"#0","tintindex":0},"down":{"uv":[8.0,0.0,4.0,4.5],"rotation":0,"texture":"#0","tintindex":0}}},{"from":[6.285714,6.285714,9.714286],"to":[9.714286,9.142858,12.0],"rotation":{"angle":22.5,"axis":"x","origin":[8.0,7.714286,11.142858]},"faces":{"east":{"uv":[12.0,0.0,14.0,2.5],"rotation":0,"texture":"#0","tintindex":0},"south":{"uv":[10.0,6.0,13.0,8.5],"rotation":0,"texture":"#0","tintindex":0},"north":{"uv":[9.0,3.5,12.0,6.0],"rotation":0,"texture":"#0","tintindex":0},"west":{"uv":[12.0,2.5,14.0,5.0],"rotation":0,"texture":"#0","tintindex":0},"up":{"uv":[10.0,12.5,7.0,10.5],"rotation":0,"texture":"#0","tintindex":0},"down":{"uv":[13.0,10.5,10.0,12.5],"rotation":0,"texture":"#0","tintindex":0}}},{"from":[7.428571,5.7166805,11.432156],"to":[8.571428,6.288109,13.1464405],"rotation":{"angle":22.5,"axis":"x","origin":[8.0,6.0023947,12.289299]},"faces":{"east":{"uv":[14.0,4.5,15.5,5.0],"rotation":0,"texture":"#0","tintindex":0},"south":{"uv":[9.5,14.0,10.5,14.5],"rotation":0,"texture":"#0","tintindex":0},"north":{"uv":[9.0,7.5,10.0,8.0],"rotation":0,"texture":"#0","tintindex":0},"west":{"uv":[8.0,14.0,9.5,14.5],"rotation":0,"texture":"#0","tintindex":0},"up":{"uv":[10.0,7.5,9.0,6.0],"rotation":0,"texture":"#0","tintindex":0},"down":{"uv":[14.0,9.5,13.0,11.0],"rotation":0,"texture":"#0","tintindex":0}}}],"display":{"head":{"translation":[0.0,-6.4,0.0],"scale":[4.0,4.0,4.0]}}}