{"textures":{"0":"modelengine:entity/armadillo"},"elements":[{"from":[7.6671247,6.926469,6.980618],"to":[8.238553,8.069325,8.123475],"rotation":{"angle":0.0,"axis":"y","origin":[7.6671247,5.7836113,6.980618]},"faces":{"east":{"uv":[14.0,0.0,15.0,1.0],"rotation":0,"texture":"#0","tintindex":0},"south":{"uv":[14.0,12.5,14.5,13.5],"rotation":0,"texture":"#0","tintindex":0},"north":{"uv":[3.5,14.0,4.0,15.0],"rotation":0,"texture":"#0","tintindex":0},"west":{"uv":[1.0,14.0,2.0,15.0],"rotation":0,"texture":"#0","tintindex":0},"up":{"uv":[14.0,15.0,13.5,14.0],"rotation":0,"texture":"#0","tintindex":0},"down":{"uv":[14.5,13.5,14.0,14.5],"rotation":0,"texture":"#0","tintindex":0}}},{"from":[7.6671247,5.714286,6.0051284],"to":[8.238553,6.285714,6.5765567],"rotation":{"angle":0.0,"axis":"y","origin":[7.6671247,5.142857,7.1479855]},"faces":{"east":{"uv":[6.0,14.5,6.5,15.0],"rotation":0,"texture":"#0","tintindex":0},"south":{"uv":[6.5,14.5,7.0,15.0],"rotation":0,"texture":"#0","tintindex":0},"north":{"uv":[5.5,14.5,6.0,15.0],"rotation":0,"texture":"#0","tintindex":0},"west":{"uv":[14.5,6.5,15.0,7.0],"rotation":0,"texture":"#0","tintindex":0},"up":{"uv":[7.5,15.0,7.0,14.5],"rotation":0,"texture":"#0","tintindex":0},"down":{"uv":[15.0,7.0,14.5,7.5],"rotation":0,"texture":"#0","tintindex":0}}},{"from":[7.6671247,6.020305,6.6458826],"to":[8.238553,6.5917335,8.931597],"rotation":{"angle":-45.0,"axis":"x","origin":[7.6671247,5.7836113,6.980618]},"faces":{"east":{"uv":[13.0,12.0,15.0,12.5],"rotation":0,"texture":"#0","tintindex":0},"south":{"uv":[5.0,14.5,5.5,15.0],"rotation":0,"texture":"#0","tintindex":0},"north":{"uv":[4.5,14.5,5.0,15.0],"rotation":0,"texture":"#0","tintindex":0},"west":{"uv":[14.0,1.0,16.0,1.5],"rotation":0,"texture":"#0","tintindex":0},"up":{"uv":[14.5,3.5,14.0,1.5],"rotation":0,"texture":"#0","tintindex":0},"down":{"uv":[2.5,14.0,2.0,16.0],"rotation":0,"texture":"#0","tintindex":0}}}],"display":{"head":{"translation":[0.0,-6.4,0.0],"scale":[4.0,4.0,4.0]}}}