{"textures":{"0":"modelengine:entity/armadillo"},"elements":[{"from":[7.7614465,6.020305,6.6458826],"to":[8.332875,6.5917335,8.931597],"rotation":{"angle":-45.0,"axis":"x","origin":[8.332875,5.7836113,6.980618]},"faces":{"east":{"uv":[16.0,1.0,14.0,1.5],"rotation":0,"texture":"#0","tintindex":0},"south":{"uv":[5.5,14.5,5.0,15.0],"rotation":0,"texture":"#0","tintindex":0},"north":{"uv":[5.0,14.5,4.5,15.0],"rotation":0,"texture":"#0","tintindex":0},"west":{"uv":[15.0,12.0,13.0,12.5],"rotation":0,"texture":"#0","tintindex":0},"up":{"uv":[14.0,3.5,14.5,1.5],"rotation":0,"texture":"#0","tintindex":0},"down":{"uv":[2.0,14.0,2.5,16.0],"rotation":0,"texture":"#0","tintindex":0}}},{"from":[7.7614465,5.714286,6.0051284],"to":[8.332875,6.285714,6.5765567],"rotation":{"angle":0.0,"axis":"y","origin":[8.332875,5.142857,7.1479855]},"faces":{"east":{"uv":[15.0,6.5,14.5,7.0],"rotation":0,"texture":"#0","tintindex":0},"south":{"uv":[7.0,14.5,6.5,15.0],"rotation":0,"texture":"#0","tintindex":0},"north":{"uv":[6.0,14.5,5.5,15.0],"rotation":0,"texture":"#0","tintindex":0},"west":{"uv":[6.5,14.5,6.0,15.0],"rotation":0,"texture":"#0","tintindex":0},"up":{"uv":[7.0,15.0,7.5,14.5],"rotation":0,"texture":"#0","tintindex":0},"down":{"uv":[14.5,7.0,15.0,7.5],"rotation":0,"texture":"#0","tintindex":0}}},{"from":[7.7614465,6.926469,6.980618],"to":[8.332875,8.069325,8.123475],"rotation":{"angle":0.0,"axis":"y","origin":[8.332875,5.7836113,6.980618]},"faces":{"east":{"uv":[2.0,14.0,1.0,15.0],"rotation":0,"texture":"#0","tintindex":0},"south":{"uv":[14.5,12.5,14.0,13.5],"rotation":0,"texture":"#0","tintindex":0},"north":{"uv":[4.0,14.0,3.5,15.0],"rotation":0,"texture":"#0","tintindex":0},"west":{"uv":[15.0,0.0,14.0,1.0],"rotation":0,"texture":"#0","tintindex":0},"up":{"uv":[13.5,15.0,14.0,14.0],"rotation":0,"texture":"#0","tintindex":0},"down":{"uv":[14.0,13.5,14.5,14.5],"rotation":0,"texture":"#0","tintindex":0}}}],"display":{"head":{"translation":[0.0,-6.4,0.0],"scale":[4.0,4.0,4.0]}}}