{"textures":{"0":"modelengine:entity/armadillo"},"elements":[{"from":[7.8154726,5.714286,7.1971626],"to":[8.386901,6.285714,7.7685914],"rotation":{"angle":0.0,"axis":"y","origin":[8.386901,5.142857,8.34002]},"faces":{"east":{"uv":[15.0,9.0,14.5,9.5],"rotation":0,"texture":"#0","tintindex":0},"south":{"uv":[9.5,14.5,9.0,15.0],"rotation":0,"texture":"#0","tintindex":0},"north":{"uv":[9.0,14.5,8.5,15.0],"rotation":0,"texture":"#0","tintindex":0},"west":{"uv":[15.0,8.5,14.5,9.0],"rotation":0,"texture":"#0","tintindex":0},"up":{"uv":[9.5,15.0,10.0,14.5],"rotation":0,"texture":"#0","tintindex":0},"down":{"uv":[10.0,14.5,10.5,15.0],"rotation":0,"texture":"#0","tintindex":0}}},{"from":[7.8154726,6.020305,7.8379173],"to":[8.386901,6.5917335,10.1236315],"rotation":{"angle":-45.0,"axis":"x","origin":[8.386901,5.7836113,8.172652]},"faces":{"east":{"uv":[16.0,4.0,14.0,4.5],"rotation":0,"texture":"#0","tintindex":0},"south":{"uv":[15.0,7.5,14.5,8.0],"rotation":0,"texture":"#0","tintindex":0},"north":{"uv":[8.0,14.5,7.5,15.0],"rotation":0,"texture":"#0","tintindex":0},"west":{"uv":[16.0,3.5,14.0,4.0],"rotation":0,"texture":"#0","tintindex":0},"up":{"uv":[2.5,16.0,3.0,14.0],"rotation":0,"texture":"#0","tintindex":0},"down":{"uv":[3.0,14.0,3.5,16.0],"rotation":0,"texture":"#0","tintindex":0}}},{"from":[7.8154726,6.5917335,8.980775],"to":[8.386901,7.163162,10.1236315],"rotation":{"angle":-45.0,"axis":"x","origin":[8.386901,5.7836113,8.172652]},"faces":{"east":{"uv":[15.5,2.0,14.5,2.5],"rotation":0,"texture":"#0","tintindex":0},"south":{"uv":[15.0,8.0,14.5,8.5],"rotation":0,"texture":"#0","tintindex":0},"north":{"uv":[8.5,14.5,8.0,15.0],"rotation":0,"texture":"#0","tintindex":0},"west":{"uv":[15.5,1.5,14.5,2.0],"rotation":0,"texture":"#0","tintindex":0},"up":{"uv":[14.5,3.5,15.0,2.5],"rotation":0,"texture":"#0","tintindex":0},"down":{"uv":[4.0,14.5,4.5,15.5],"rotation":0,"texture":"#0","tintindex":0}}}],"display":{"head":{"translation":[0.0,-6.4,0.0],"scale":[4.0,4.0,4.0]}}}