{"textures":{"0":"modelengine:entity/mso_glowfly"},"elements":[{"from":[9.428572,8.119047,2.171187],"to":[9.428572,10.976191,7.4569016],"rotation":{"angle":-22.5,"axis":"y","origin":[9.0,9.547619,5.3854733]},"faces":{"east":{"uv":[11.5,8.0,13.75,9.25],"rotation":0,"texture":"#0","tintindex":0},"south":{"uv":[0.0,0.0,0.0,1.25],"rotation":0,"texture":"#0","tintindex":0},"north":{"uv":[0.0,0.0,0.0,1.25],"rotation":0,"texture":"#0","tintindex":0},"west":{"uv":[11.5,9.25,13.75,10.5],"rotation":0,"texture":"#0","tintindex":0},"up":{"uv":[0.0,2.25,0.0,0.0],"rotation":0,"texture":"#0","tintindex":0},"down":{"uv":[0.0,0.0,0.0,2.25],"rotation":0,"texture":"#0","tintindex":0}}},{"from":[6.5714283,8.119047,2.171187],"to":[6.5714283,10.976191,7.4569016],"rotation":{"angle":22.5,"axis":"y","origin":[7.0,9.547619,5.3854733]},"faces":{"east":{"uv":[12.5,10.5,14.75,11.75],"rotation":0,"texture":"#0","tintindex":0},"south":{"uv":[0.0,0.0,0.0,1.25],"rotation":0,"texture":"#0","tintindex":0},"north":{"uv":[0.0,0.0,0.0,1.25],"rotation":0,"texture":"#0","tintindex":0},"west":{"uv":[12.5,11.75,14.75,13.0],"rotation":0,"texture":"#0","tintindex":0},"up":{"uv":[0.0,2.25,0.0,0.0],"rotation":0,"texture":"#0","tintindex":0},"down":{"uv":[0.0,0.0,0.0,2.25],"rotation":0,"texture":"#0","tintindex":0}}},{"from":[6.857143,6.547619,5.3140445],"to":[9.142858,9.261905,8.02833],"rotation":{"angle":0.0,"axis":"y","origin":[8.0,6.9761906,10.742617]},"faces":{"east":{"uv":[1.25,13.25,2.5,14.5],"rotation":0,"texture":"#0","tintindex":0},"south":{"uv":[13.25,2.5,14.25,3.75],"rotation":0,"texture":"#0","tintindex":0},"north":{"uv":[2.5,13.25,3.5,14.5],"rotation":0,"texture":"#0","tintindex":0},"west":{"uv":[13.25,1.25,14.5,2.5],"rotation":0,"texture":"#0","tintindex":0},"up":{"uv":[4.5,14.5,3.5,13.25],"rotation":0,"texture":"#0","tintindex":0},"down":{"uv":[14.25,3.75,13.25,5.0],"rotation":0,"texture":"#0","tintindex":0}}}],"display":{"head":{"translation":[0.0,-6.4,0.0],"scale":[4.0,4.0,4.0]}}}