{"textures":{"0":"modelengine:entity/kraken"},"elements":[{"from":[10.542857,0.22857094,9.3714285],"to":[17.400002,11.428572,9.3714285],"rotation":{"angle":0.0,"axis":"y","origin":[9.042857,-22.800003,9.3714285]},"faces":{"east":{"uv":[0.0,0.0,0.0,1.25],"rotation":0,"texture":"#0","tintindex":0},"south":{"uv":[4.3125,4.0,3.5625,5.25],"rotation":0,"texture":"#0","tintindex":0},"north":{"uv":[3.5625,4.0,2.8125,5.25],"rotation":0,"texture":"#0","tintindex":0},"west":{"uv":[0.0,0.0,0.0,1.25],"rotation":0,"texture":"#0","tintindex":0},"up":{"uv":[0.0,0.0,0.75,0.0],"rotation":0,"texture":"#0","tintindex":0},"down":{"uv":[0.0,0.0,0.75,0.0],"rotation":0,"texture":"#0","tintindex":0}}},{"from":[1.1428566,0.22857094,9.3714285],"to":[8.0,11.428572,9.3714285],"rotation":{"angle":0.0,"axis":"y","origin":[9.042857,-22.800003,9.3714285]},"faces":{"east":{"uv":[0.0,0.0,0.0,1.25],"rotation":0,"texture":"#0","tintindex":0},"south":{"uv":[3.5625,4.0,4.3125,5.25],"rotation":0,"texture":"#0","tintindex":0},"north":{"uv":[2.8125,4.0,3.5625,5.25],"rotation":0,"texture":"#0","tintindex":0},"west":{"uv":[0.0,0.0,0.0,1.25],"rotation":0,"texture":"#0","tintindex":0},"up":{"uv":[0.75,0.0,0.0,0.0],"rotation":0,"texture":"#0","tintindex":0},"down":{"uv":[0.75,0.0,0.0,0.0],"rotation":0,"texture":"#0","tintindex":0}}}],"display":{"head":{"translation":[0.0,-6.4,0.0],"scale":[4.0,4.0,4.0]}}}