{"textures":{"0":"modelengine:entity/kraken"},"elements":[{"from":[8.0,0.0,5.5714283],"to":[8.0,8.0,7.285714],"rotation":{"angle":0.0,"axis":"y","origin":[7.9428573,9.414286,3.9428568]},"faces":{"east":{"uv":[6.6875,6.8125,6.875,7.6875],"rotation":0,"texture":"#0","tintindex":0},"south":{"uv":[0.0,0.0,0.0,0.875],"rotation":0,"texture":"#0","tintindex":0},"north":{"uv":[0.0,0.0,0.0,0.875],"rotation":0,"texture":"#0","tintindex":0},"west":{"uv":[6.875,0.0,7.0625,0.875],"rotation":0,"texture":"#0","tintindex":0},"up":{"uv":[0.0,0.1875,0.0,0.0],"rotation":0,"texture":"#0","tintindex":0},"down":{"uv":[0.0,0.0,0.0,0.1875],"rotation":0,"texture":"#0","tintindex":0}}},{"from":[7.428571,0.0,7.285714],"to":[8.571428,8.0,8.657143],"rotation":{"angle":0.0,"axis":"y","origin":[7.9428573,9.414286,3.9428568]},"faces":{"east":{"uv":[5.375,7.9375,5.5,8.8125],"rotation":0,"texture":"#0","tintindex":0},"south":{"uv":[5.5,7.9375,5.625,8.8125],"rotation":0,"texture":"#0","tintindex":0},"north":{"uv":[7.9375,5.0,8.0625,5.875],"rotation":0,"texture":"#0","tintindex":0},"west":{"uv":[5.625,7.9375,5.75,8.8125],"rotation":0,"texture":"#0","tintindex":0},"up":{"uv":[7.625,1.625,7.5,1.5],"rotation":0,"texture":"#0","tintindex":0},"down":{"uv":[3.9375,7.5,3.8125,7.625],"rotation":0,"texture":"#0","tintindex":0}}}],"display":{"head":{"translation":[0.0,-6.4,0.0],"scale":[4.0,4.0,4.0]}}}