{"textures":{"0":"modelengine:entity/butterfly"},"elements":[{"from":[6.857143,8.45398,6.032459],"to":[9.142858,8.45398,7.1753163],"rotation":{"angle":22.5,"axis":"x","origin":[8.285714,8.45398,6.6038876]},"faces":{"east":{"uv":[4.0,0.0,8.0,1.0],"rotation":0,"texture":"#0","tintindex":0},"south":{"uv":[1.0,6.0,2.0,7.0],"rotation":0,"texture":"#0","tintindex":0},"north":{"uv":[0.0,6.0,1.0,7.0],"rotation":0,"texture":"#0","tintindex":0},"west":{"uv":[4.0,1.0,6.0,1.0],"rotation":0,"texture":"#0","tintindex":0},"up":{"uv":[10.0,4.0,6.0,2.0],"rotation":0,"texture":"#0","tintindex":0},"down":{"uv":[10.0,2.0,6.0,4.0],"rotation":0,"texture":"#0","tintindex":0}}},{"from":[7.714286,7.664403,7.132037],"to":[8.285714,8.235831,9.417751],"rotation":{"angle":0.0,"axis":"y","origin":[7.714286,7.664403,8.274895]},"faces":{"east":{"uv":[4.0,0.0,8.0,1.0],"rotation":0,"texture":"#0","tintindex":0},"south":{"uv":[1.0,6.0,2.0,7.0],"rotation":0,"texture":"#0","tintindex":0},"north":{"uv":[0.0,6.0,1.0,7.0],"rotation":0,"texture":"#0","tintindex":0},"west":{"uv":[4.0,1.0,8.0,2.0],"rotation":0,"texture":"#0","tintindex":0},"up":{"uv":[5.0,6.0,4.0,2.0],"rotation":0,"texture":"#0","tintindex":0},"down":{"uv":[6.0,2.0,5.0,6.0],"rotation":0,"texture":"#0","tintindex":0}}},{"from":[8.220687,8.563318,7.132037],"to":[10.506401,8.563318,10.560609],"rotation":{"angle":22.5,"axis":"z","origin":[9.077829,8.563318,9.989181]},"faces":{"east":{"uv":[0.0,4.0,0.0,0.0],"rotation":90,"texture":"#0","tintindex":0},"south":{"uv":[0.0,0.0,0.0,3.0],"rotation":90,"texture":"#0","tintindex":0},"north":{"uv":[0.0,0.0,0.0,3.0],"rotation":270,"texture":"#0","tintindex":0},"west":{"uv":[0.0,0.0,0.0,4.0],"rotation":90,"texture":"#0","tintindex":0},"up":{"uv":[10.0,4.0,16.0,8.0],"rotation":90,"texture":"#0","tintindex":0},"down":{"uv":[16.0,4.0,10.0,8.0],"rotation":90,"texture":"#0","tintindex":0}}},{"from":[5.493599,8.563318,7.132037],"to":[7.779313,8.563318,10.560609],"rotation":{"angle":-22.5,"axis":"z","origin":[6.92217,8.563318,9.989181]},"faces":{"east":{"uv":[0.0,4.0,0.0,0.0],"rotation":90,"texture":"#0","tintindex":0},"south":{"uv":[0.0,3.0,0.0,0.0],"rotation":90,"texture":"#0","tintindex":0},"north":{"uv":[0.0,3.0,0.0,0.0],"rotation":270,"texture":"#0","tintindex":0},"west":{"uv":[0.0,0.0,0.0,4.0],"rotation":90,"texture":"#0","tintindex":0},"up":{"uv":[10.0,8.0,16.0,4.0],"rotation":90,"texture":"#0","tintindex":0},"down":{"uv":[16.0,8.0,10.0,4.0],"rotation":90,"texture":"#0","tintindex":0}}}],"display":{"head":{"translation":[0.0,-6.4,0.0],"scale":[4.0,4.0,4.0]}}}