{"textures":{"0":"modelengine:entity/mso_amethyst_golem"},"elements":[{"from":[4.0857143,16.914288,6.714286],"to":[11.914286,24.57143,6.714286],"rotation":{"angle":0.0,"axis":"y","origin":[10.6285715,20.57143,7.0]},"faces":{"east":{"uv":[0.0,0.0,0.0,1.625],"rotation":0,"texture":"#0","tintindex":0},"south":{"uv":[1.75,1.625,3.5,3.25],"rotation":0,"texture":"#0","tintindex":0},"north":{"uv":[1.75,1.625,3.5,3.25],"rotation":0,"texture":"#0","tintindex":0},"west":{"uv":[0.0,0.0,0.0,1.625],"rotation":0,"texture":"#0","tintindex":0},"up":{"uv":[1.75,0.0,0.0,0.0],"rotation":0,"texture":"#0","tintindex":0},"down":{"uv":[1.75,0.0,0.0,0.0],"rotation":0,"texture":"#0","tintindex":0}}},{"from":[3.4285712,12.571428,3.5714283],"to":[12.571428,17.142857,9.571428],"rotation":{"angle":0.0,"axis":"y","origin":[8.0,14.857143,6.857143]},"faces":{"east":{"uv":[7.375,1.0,8.75,2.0],"rotation":0,"texture":"#0","tintindex":0},"south":{"uv":[4.75,3.875,6.75,4.875],"rotation":0,"texture":"#0","tintindex":0},"north":{"uv":[4.75,2.875,6.75,3.875],"rotation":0,"texture":"#0","tintindex":0},"west":{"uv":[7.375,2.0,8.75,3.0],"rotation":0,"texture":"#0","tintindex":0},"up":{"uv":[2.0,4.625,0.0,3.25],"rotation":0,"texture":"#0","tintindex":0},"down":{"uv":[4.0,3.25,2.0,4.625],"rotation":0,"texture":"#0","tintindex":0}}},{"from":[8.0,16.914288,2.885714],"to":[8.0,24.57143,10.714286],"rotation":{"angle":0.0,"axis":"y","origin":[8.0,20.57143,9.714286]},"faces":{"east":{"uv":[1.75,1.625,3.5,3.25],"rotation":0,"texture":"#0","tintindex":0},"south":{"uv":[0.0,0.0,0.0,1.625],"rotation":0,"texture":"#0","tintindex":0},"north":{"uv":[0.0,0.0,0.0,1.625],"rotation":0,"texture":"#0","tintindex":0},"west":{"uv":[1.75,1.625,3.5,3.25],"rotation":0,"texture":"#0","tintindex":0},"up":{"uv":[0.0,1.75,0.0,0.0],"rotation":0,"texture":"#0","tintindex":0},"down":{"uv":[0.0,0.0,0.0,1.75],"rotation":0,"texture":"#0","tintindex":0}}},{"from":[4.0,8.0,4.285714],"to":[12.0,12.571428,9.428572],"rotation":{"angle":0.0,"axis":"y","origin":[10.285714,8.0,6.5714283]},"faces":{"east":{"uv":[0.0,7.5,1.125,8.5],"rotation":0,"texture":"#0","tintindex":0},"south":{"uv":[7.375,0.0,9.125,1.0],"rotation":0,"texture":"#0","tintindex":0},"north":{"uv":[5.0,1.125,6.75,2.125],"rotation":0,"texture":"#0","tintindex":0},"west":{"uv":[1.125,7.5,2.25,8.5],"rotation":0,"texture":"#0","tintindex":0},"up":{"uv":[6.5,6.0,4.75,4.875],"rotation":0,"texture":"#0","tintindex":0},"down":{"uv":[6.75,0.0,5.0,1.125],"rotation":0,"texture":"#0","tintindex":0}}}],"display":{"head":{"translation":[0.0,-6.4,0.0],"scale":[4.0,4.0,4.0]}}}