{"textures":{"0":"modelengine:entity/mso_amethyst_golem"},"elements":[{"from":[5.5714283,6.53292,4.548371],"to":[10.428572,11.247206,9.262657],"rotation":{"angle":-45.0,"axis":"x","origin":[8.0,8.818634,6.976942]},"faces":{"east":{"uv":[8.5,3.0,9.5,4.0],"rotation":0,"texture":"#0","tintindex":0},"south":{"uv":[7.5,5.25,8.625,6.25],"rotation":0,"texture":"#0","tintindex":0},"north":{"uv":[2.25,7.5,3.375,8.5],"rotation":0,"texture":"#0","tintindex":0},"west":{"uv":[8.5,4.0,9.5,5.0],"rotation":0,"texture":"#0","tintindex":0},"up":{"uv":[8.625,7.25,7.5,6.25],"rotation":0,"texture":"#0","tintindex":0},"down":{"uv":[8.625,7.25,7.5,8.25],"rotation":0,"texture":"#0","tintindex":0}}},{"from":[5.714286,6.390063,3.976942],"to":[10.285714,8.390062,8.491228],"rotation":{"angle":0.0,"axis":"y","origin":[8.0,7.2472057,11.834085]},"faces":{"east":{"uv":[9.25,7.25,10.25,7.75],"rotation":0,"texture":"#0","tintindex":0},"south":{"uv":[9.25,7.75,10.25,8.25],"rotation":0,"texture":"#0","tintindex":0},"north":{"uv":[7.25,9.25,8.25,9.75],"rotation":0,"texture":"#0","tintindex":0},"west":{"uv":[9.25,8.25,10.25,8.75],"rotation":0,"texture":"#0","tintindex":0},"up":{"uv":[2.125,9.5,1.125,8.5],"rotation":0,"texture":"#0","tintindex":0},"down":{"uv":[3.125,8.5,2.125,9.5],"rotation":0,"texture":"#0","tintindex":0}}},{"from":[5.428571,4.961491,3.691228],"to":[10.571428,7.2472057,8.548371],"rotation":{"angle":0.0,"axis":"y","origin":[8.0,7.2472057,11.834085]},"faces":{"east":{"uv":[8.75,2.125,9.875,2.625],"rotation":0,"texture":"#0","tintindex":0},"south":{"uv":[5.0,9.0,6.125,9.5],"rotation":0,"texture":"#0","tintindex":0},"north":{"uv":[5.0,2.125,6.125,2.625],"rotation":0,"texture":"#0","tintindex":0},"west":{"uv":[6.125,9.0,7.25,9.5],"rotation":0,"texture":"#0","tintindex":0},"up":{"uv":[8.5,4.125,7.375,3.0],"rotation":0,"texture":"#0","tintindex":0},"down":{"uv":[8.5,4.125,7.375,5.25],"rotation":0,"texture":"#0","tintindex":0}}},{"from":[5.5714283,11.275777,4.548371],"to":[10.428572,11.275777,9.262657],"rotation":{"angle":-45.0,"axis":"x","origin":[8.0,8.818634,6.976942]},"faces":{"east":{"uv":[0.0,0.0,1.0,0.0],"rotation":0,"texture":"#0","tintindex":0},"south":{"uv":[0.0,0.0,1.125,0.0],"rotation":0,"texture":"#0","tintindex":0},"north":{"uv":[0.0,0.0,1.125,0.0],"rotation":0,"texture":"#0","tintindex":0},"west":{"uv":[0.0,0.0,1.0,0.0],"rotation":0,"texture":"#0","tintindex":0},"up":{"uv":[8.625,9.25,7.5,8.25],"rotation":0,"texture":"#0","tintindex":0},"down":{"uv":[1.125,8.5,0.0,9.5],"rotation":0,"texture":"#0","tintindex":0}}}],"display":{"head":{"translation":[0.0,-6.4,0.0],"scale":[4.0,4.0,4.0]}}}