{"textures":{"0":"modelengine:entity/mso_amethyst_golem"},"elements":[{"from":[6.5714283,3.0,6.5714283],"to":[9.428572,8.142858,9.428572],"rotation":{"angle":0.0,"axis":"y","origin":[7.714286,3.0,7.142857]},"faces":{"east":{"uv":[8.75,1.0,9.375,2.125],"rotation":0,"texture":"#0","tintindex":0},"south":{"uv":[3.75,8.75,4.375,9.875],"rotation":0,"texture":"#0","tintindex":0},"north":{"uv":[8.625,8.375,9.25,9.5],"rotation":0,"texture":"#0","tintindex":0},"west":{"uv":[4.375,9.0,5.0,10.125],"rotation":0,"texture":"#0","tintindex":0},"up":{"uv":[1.25,10.125,0.625,9.5],"rotation":0,"texture":"#0","tintindex":0},"down":{"uv":[1.875,9.5,1.25,10.125],"rotation":0,"texture":"#0","tintindex":0}}}],"display":{"head":{"translation":[0.0,-6.4,0.0],"scale":[4.0,4.0,4.0]}}}