{"textures":{"0":"modelengine:entity/mso_amethyst_golem"},"elements":[{"from":[6.5714283,3.0,6.5714283],"to":[9.428572,8.142858,9.428572],"rotation":{"angle":0.0,"axis":"y","origin":[8.285714,3.0,7.142857]},"faces":{"east":{"uv":[8.625,5.0,9.25,6.125],"rotation":0,"texture":"#0","tintindex":0},"south":{"uv":[8.625,6.125,9.25,7.25],"rotation":0,"texture":"#0","tintindex":0},"north":{"uv":[3.125,8.5,3.75,9.625],"rotation":0,"texture":"#0","tintindex":0},"west":{"uv":[8.625,7.25,9.25,8.375],"rotation":0,"texture":"#0","tintindex":0},"up":{"uv":[6.75,2.75,6.125,2.125],"rotation":0,"texture":"#0","tintindex":0},"down":{"uv":[9.875,8.75,9.25,9.375],"rotation":0,"texture":"#0","tintindex":0}}}],"display":{"head":{"translation":[0.0,-6.4,0.0],"scale":[4.0,4.0,4.0]}}}