{"textures":{"0":"modelengine:entity/mso_amethyst_golem"},"elements":[{"from":[5.142857,-3.6428576,6.5714283],"to":[8.0,9.785714,9.428572],"rotation":{"angle":0.0,"axis":"y","origin":[6.857143,4.642857,7.714286]},"faces":{"east":{"uv":[3.75,5.75,4.375,8.75],"rotation":0,"texture":"#0","tintindex":0},"south":{"uv":[4.375,5.75,3.75,8.75],"rotation":0,"texture":"#0","tintindex":0},"north":{"uv":[4.375,5.75,3.75,8.75],"rotation":0,"texture":"#0","tintindex":0},"west":{"uv":[3.75,5.75,4.375,8.75],"rotation":0,"texture":"#0","tintindex":0},"up":{"uv":[9.375,1.375,10.0,0.75],"rotation":0,"texture":"#0","tintindex":0},"down":{"uv":[9.375,1.375,10.0,2.0],"rotation":0,"texture":"#0","tintindex":0}}},{"from":[5.0,-3.9285717,6.428571],"to":[8.142858,9.214286,9.571428],"rotation":{"angle":0.0,"axis":"y","origin":[6.857143,4.642857,7.714286]},"faces":{"east":{"uv":[0.75,4.625,0.0,7.5],"rotation":0,"texture":"#0","tintindex":0},"south":{"uv":[5.0,0.0,4.25,2.875],"rotation":0,"texture":"#0","tintindex":0},"north":{"uv":[4.25,0.0,3.5,2.875],"rotation":0,"texture":"#0","tintindex":0},"west":{"uv":[4.75,2.875,4.0,5.75],"rotation":0,"texture":"#0","tintindex":0},"up":{"uv":[9.125,0.75,9.875,0.0],"rotation":0,"texture":"#0","tintindex":0},"down":{"uv":[9.25,5.0,10.0,5.75],"rotation":0,"texture":"#0","tintindex":0}}}],"display":{"head":{"translation":[0.0,-6.4,0.0],"scale":[4.0,4.0,4.0]}}}