{"textures":{"0":"modelengine:entity/plague"},"elements":[{"from":[6.285714,8.0,7.428571],"to":[8.0,13.142858,8.571428],"rotation":{"angle":0.0,"axis":"y","origin":[7.142857,10.571428,8.0]},"faces":{"east":{"uv":[2.5,4.5,3.5,9.0],"rotation":0,"texture":"#0","tintindex":0},"south":{"uv":[0.0,4.5,1.5,9.0],"rotation":0,"texture":"#0","tintindex":0},"north":{"uv":[3.0,0.0,4.5,4.5],"rotation":0,"texture":"#0","tintindex":0},"west":{"uv":[3.5,4.5,4.5,9.0],"rotation":0,"texture":"#0","tintindex":0},"up":{"uv":[10.0,8.0,8.5,7.0],"rotation":0,"texture":"#0","tintindex":0},"down":{"uv":[10.0,8.0,8.5,9.0],"rotation":0,"texture":"#0","tintindex":0}}}],"display":{"head":{"translation":[0.0,-6.4,0.0],"scale":[4.0,4.0,4.0]}}}