{"textures":{"0":"modelengine:entity/ant"},"elements":[{"from":[7.428571,6.543851,7.279133],"to":[8.571428,7.115279,7.279133],"rotation":{"angle":22.5,"axis":"x","origin":[7.714286,7.782781,8.916699]},"faces":{"east":{"uv":[0.0,0.0,0.0,1.0],"rotation":0,"texture":"#0","tintindex":0},"south":{"uv":[7.0,2.0,9.0,3.0],"rotation":0,"texture":"#0","tintindex":0},"north":{"uv":[6.0,5.0,8.0,6.0],"rotation":0,"texture":"#0","tintindex":0},"west":{"uv":[0.0,0.0,0.0,1.0],"rotation":0,"texture":"#0","tintindex":0},"up":{"uv":[2.0,0.0,0.0,0.0],"rotation":0,"texture":"#0","tintindex":0},"down":{"uv":[2.0,0.0,0.0,0.0],"rotation":0,"texture":"#0","tintindex":0}}},{"from":[8.285714,7.2113523,8.345271],"to":[8.857143,7.782781,9.488128],"rotation":{"angle":0.0,"axis":"y","origin":[7.714286,7.782781,8.916699]},"faces":{"east":{"uv":[5.0,7.0,7.0,8.0],"rotation":0,"texture":"#0","tintindex":0},"south":{"uv":[8.0,1.0,9.0,2.0],"rotation":0,"texture":"#0","tintindex":0},"north":{"uv":[2.0,8.0,3.0,9.0],"rotation":0,"texture":"#0","tintindex":0},"west":{"uv":[7.0,3.0,9.0,4.0],"rotation":0,"texture":"#0","tintindex":0},"up":{"uv":[7.0,6.0,8.0,8.0],"rotation":0,"texture":"#0","tintindex":0},"down":{"uv":[0.0,10.0,1.0,8.0],"rotation":0,"texture":"#0","tintindex":0}}},{"from":[7.142857,7.2113523,7.2024136],"to":[7.714286,7.782781,8.345271],"rotation":{"angle":0.0,"axis":"y","origin":[7.714286,7.782781,8.916699]},"faces":{"east":{"uv":[7.0,3.0,9.0,4.0],"rotation":0,"texture":"#0","tintindex":0},"south":{"uv":[2.0,8.0,3.0,9.0],"rotation":0,"texture":"#0","tintindex":0},"north":{"uv":[8.0,1.0,9.0,2.0],"rotation":0,"texture":"#0","tintindex":0},"west":{"uv":[5.0,7.0,7.0,8.0],"rotation":0,"texture":"#0","tintindex":0},"up":{"uv":[8.0,8.0,7.0,6.0],"rotation":0,"texture":"#0","tintindex":0},"down":{"uv":[1.0,8.0,0.0,10.0],"rotation":0,"texture":"#0","tintindex":0}}},{"from":[8.285714,7.686708,6.1362753],"to":[8.285714,8.829565,7.279133],"rotation":{"angle":22.5,"axis":"x","origin":[7.714286,7.782781,8.916699]},"faces":{"east":{"uv":[2.0,0.0,4.0,2.0],"rotation":0,"texture":"#0","tintindex":0},"south":{"uv":[0.0,0.0,0.0,2.0],"rotation":0,"texture":"#0","tintindex":0},"north":{"uv":[0.0,0.0,0.0,2.0],"rotation":0,"texture":"#0","tintindex":0},"west":{"uv":[2.0,2.0,4.0,4.0],"rotation":0,"texture":"#0","tintindex":0},"up":{"uv":[0.0,2.0,0.0,0.0],"rotation":0,"texture":"#0","tintindex":0},"down":{"uv":[0.0,0.0,0.0,2.0],"rotation":0,"texture":"#0","tintindex":0}}},{"from":[7.428571,7.4970665,8.916699],"to":[8.571428,8.639924,10.059557],"rotation":{"angle":0.0,"axis":"y","origin":[7.714286,7.782781,8.916699]},"faces":{"east":{"uv":[4.0,0.0,6.0,2.0],"rotation":0,"texture":"#0","tintindex":0},"south":{"uv":[2.0,4.0,4.0,6.0],"rotation":0,"texture":"#0","tintindex":0},"north":{"uv":[0.0,4.0,2.0,6.0],"rotation":0,"texture":"#0","tintindex":0},"west":{"uv":[4.0,2.0,6.0,4.0],"rotation":0,"texture":"#0","tintindex":0},"up":{"uv":[6.0,6.0,4.0,4.0],"rotation":0,"texture":"#0","tintindex":0},"down":{"uv":[2.0,6.0,0.0,8.0],"rotation":0,"texture":"#0","tintindex":0}}},{"from":[7.428571,7.115279,7.279133],"to":[8.571428,8.258137,7.850561],"rotation":{"angle":22.5,"axis":"x","origin":[7.714286,7.782781,8.916699]},"faces":{"east":{"uv":[3.0,6.0,4.0,8.0],"rotation":0,"texture":"#0","tintindex":0},"south":{"uv":[0.0,2.0,2.0,4.0],"rotation":0,"texture":"#0","tintindex":0},"north":{"uv":[0.0,0.0,2.0,2.0],"rotation":0,"texture":"#0","tintindex":0},"west":{"uv":[4.0,6.0,5.0,8.0],"rotation":0,"texture":"#0","tintindex":0},"up":{"uv":[8.0,5.0,6.0,4.0],"rotation":0,"texture":"#0","tintindex":0},"down":{"uv":[7.0,6.0,5.0,7.0],"rotation":0,"texture":"#0","tintindex":0}}},{"from":[7.142857,7.2113523,8.345271],"to":[7.714286,7.782781,9.488128],"rotation":{"angle":0.0,"axis":"y","origin":[7.714286,7.782781,8.916699]},"faces":{"east":{"uv":[9.0,3.0,7.0,4.0],"rotation":0,"texture":"#0","tintindex":0},"south":{"uv":[9.0,1.0,8.0,2.0],"rotation":0,"texture":"#0","tintindex":0},"north":{"uv":[3.0,8.0,2.0,9.0],"rotation":0,"texture":"#0","tintindex":0},"west":{"uv":[7.0,7.0,5.0,8.0],"rotation":0,"texture":"#0","tintindex":0},"up":{"uv":[8.0,6.0,7.0,8.0],"rotation":0,"texture":"#0","tintindex":0},"down":{"uv":[1.0,10.0,0.0,8.0],"rotation":0,"texture":"#0","tintindex":0}}},{"from":[8.285714,7.2113523,7.2024136],"to":[8.857143,7.782781,8.345271],"rotation":{"angle":0.0,"axis":"y","origin":[7.714286,7.782781,8.916699]},"faces":{"east":{"uv":[7.0,7.0,5.0,8.0],"rotation":0,"texture":"#0","tintindex":0},"south":{"uv":[3.0,8.0,2.0,9.0],"rotation":0,"texture":"#0","tintindex":0},"north":{"uv":[9.0,1.0,8.0,2.0],"rotation":0,"texture":"#0","tintindex":0},"west":{"uv":[9.0,3.0,7.0,4.0],"rotation":0,"texture":"#0","tintindex":0},"up":{"uv":[7.0,8.0,8.0,6.0],"rotation":0,"texture":"#0","tintindex":0},"down":{"uv":[0.0,8.0,1.0,10.0],"rotation":0,"texture":"#0","tintindex":0}}},{"from":[7.714286,7.782781,7.773842],"to":[8.285714,8.35421,8.916699],"rotation":{"angle":0.0,"axis":"y","origin":[7.714286,7.782781,8.916699]},"faces":{"east":{"uv":[6.0,0.0,8.0,1.0],"rotation":0,"texture":"#0","tintindex":0},"south":{"uv":[1.0,8.0,2.0,9.0],"rotation":0,"texture":"#0","tintindex":0},"north":{"uv":[8.0,0.0,9.0,1.0],"rotation":0,"texture":"#0","tintindex":0},"west":{"uv":[6.0,1.0,8.0,2.0],"rotation":0,"texture":"#0","tintindex":0},"up":{"uv":[3.0,8.0,2.0,6.0],"rotation":0,"texture":"#0","tintindex":0},"down":{"uv":[7.0,2.0,6.0,4.0],"rotation":0,"texture":"#0","tintindex":0}}},{"from":[7.714286,7.686708,6.1362753],"to":[7.714286,8.829565,7.279133],"rotation":{"angle":22.5,"axis":"x","origin":[7.714286,7.782781,8.916699]},"faces":{"east":{"uv":[2.0,0.0,4.0,2.0],"rotation":0,"texture":"#0","tintindex":0},"south":{"uv":[0.0,0.0,0.0,2.0],"rotation":0,"texture":"#0","tintindex":0},"north":{"uv":[0.0,0.0,0.0,2.0],"rotation":0,"texture":"#0","tintindex":0},"west":{"uv":[2.0,2.0,4.0,4.0],"rotation":0,"texture":"#0","tintindex":0},"up":{"uv":[0.0,2.0,0.0,0.0],"rotation":0,"texture":"#0","tintindex":0},"down":{"uv":[0.0,0.0,0.0,2.0],"rotation":0,"texture":"#0","tintindex":0}}}],"display":{"head":{"translation":[0.0,-6.4,0.0],"scale":[4.0,4.0,4.0]}}}