{"textures":{"2":"modelengine:entity/goblin_treasure_treasure"},"elements":[{"from":[7.428571,9.142858,5.142857],"to":[9.142858,9.714286,9.142858],"rotation":{"angle":45.0,"axis":"z","origin":[7.428571,9.142858,6.857143]},"faces":{"east":{"uv":[12.0,5.5,15.5,6.0],"rotation":0,"texture":"#2","tintindex":0},"south":{"uv":[13.5,5.0,15.0,5.5],"rotation":0,"texture":"#2","tintindex":0},"north":{"uv":[13.5,4.5,15.0,5.0],"rotation":0,"texture":"#2","tintindex":0},"west":{"uv":[12.0,6.0,15.5,6.5],"rotation":0,"texture":"#2","tintindex":0},"up":{"uv":[10.5,3.0,12.0,6.5],"rotation":0,"texture":"#2","tintindex":0},"down":{"uv":[12.5,6.5,14.0,10.0],"rotation":0,"texture":"#2","tintindex":0}}},{"from":[7.428571,7.428571,5.142857],"to":[9.142858,9.142858,9.142858],"rotation":{"angle":0.0,"axis":"y","origin":[8.0,8.0,8.0]},"faces":{"east":{"uv":[10.0,0.0,13.5,1.5],"rotation":0,"texture":"#2","tintindex":0},"south":{"uv":[12.0,3.0,13.5,4.5],"rotation":0,"texture":"#2","tintindex":0},"north":{"uv":[13.5,1.5,15.0,3.0],"rotation":0,"texture":"#2","tintindex":0},"west":{"uv":[10.0,1.5,13.5,3.0],"rotation":0,"texture":"#2","tintindex":0},"up":{"uv":[11.0,6.5,12.5,10.0],"rotation":0,"texture":"#2","tintindex":0},"down":{"uv":[9.0,3.0,10.5,6.5],"rotation":0,"texture":"#2","tintindex":0}}}],"display":{"head":{"translation":[0.0,-6.4,0.0],"scale":[4.0,4.0,4.0]}}}