{"textures":{"0":"modelengine:entity/ladybug"},"elements":[{"from":[7.142857,7.2114816,6.536047],"to":[8.857143,8.354339,8.821761],"rotation":{"angle":0.0,"axis":"y","origin":[8.285714,7.2114816,7.678904]},"faces":{"east":{"uv":[0.0,4.0,4.0,6.0],"rotation":0,"texture":"#0","tintindex":0},"south":{"uv":[6.0,0.0,9.0,2.0],"rotation":0,"texture":"#0","tintindex":0},"north":{"uv":[0.0,6.0,3.0,8.0],"rotation":0,"texture":"#0","tintindex":0},"west":{"uv":[4.0,4.0,8.0,6.0],"rotation":0,"texture":"#0","tintindex":0},"up":{"uv":[3.0,4.0,0.0,0.0],"rotation":0,"texture":"#0","tintindex":0},"down":{"uv":[6.0,0.0,3.0,4.0],"rotation":0,"texture":"#0","tintindex":0}}},{"from":[9.385075,6.421377,7.39319],"to":[9.385075,7.5642343,7.964618],"rotation":{"angle":45.0,"axis":"z","origin":[9.385075,6.9928055,9.678905]},"faces":{"east":{"uv":[5.0,7.0,4.0,9.0],"rotation":0,"texture":"#0","tintindex":0},"south":{"uv":[0.0,0.0,0.0,2.0],"rotation":0,"texture":"#0","tintindex":0},"north":{"uv":[0.0,0.0,0.0,2.0],"rotation":0,"texture":"#0","tintindex":0},"west":{"uv":[4.0,7.0,3.0,9.0],"rotation":0,"texture":"#0","tintindex":0},"up":{"uv":[0.0,1.0,0.0,0.0],"rotation":0,"texture":"#0","tintindex":0},"down":{"uv":[0.0,0.0,0.0,1.0],"rotation":0,"texture":"#0","tintindex":0}}},{"from":[7.142857,7.7829103,6.1074753],"to":[7.714286,8.354339,6.1074753],"rotation":{"angle":-22.5,"axis":"x","origin":[8.0,7.497196,6.39319]},"faces":{"east":{"uv":[0.0,0.0,0.0,1.0],"rotation":0,"texture":"#0","tintindex":0},"south":{"uv":[8.0,5.0,9.0,6.0],"rotation":0,"texture":"#0","tintindex":0},"north":{"uv":[5.0,8.0,6.0,9.0],"rotation":0,"texture":"#0","tintindex":0},"west":{"uv":[0.0,0.0,0.0,1.0],"rotation":0,"texture":"#0","tintindex":0},"up":{"uv":[1.0,0.0,0.0,0.0],"rotation":0,"texture":"#0","tintindex":0},"down":{"uv":[1.0,0.0,0.0,0.0],"rotation":0,"texture":"#0","tintindex":0}}},{"from":[7.428571,7.2114816,6.1074753],"to":[8.571428,7.7829103,6.678904],"rotation":{"angle":-22.5,"axis":"x","origin":[7.714286,7.497196,6.39319]},"faces":{"east":{"uv":[8.0,3.0,9.0,4.0],"rotation":0,"texture":"#0","tintindex":0},"south":{"uv":[7.0,6.0,9.0,7.0],"rotation":0,"texture":"#0","tintindex":0},"north":{"uv":[5.0,7.0,7.0,8.0],"rotation":0,"texture":"#0","tintindex":0},"west":{"uv":[8.0,4.0,9.0,5.0],"rotation":0,"texture":"#0","tintindex":0},"up":{"uv":[9.0,8.0,7.0,7.0],"rotation":0,"texture":"#0","tintindex":0},"down":{"uv":[2.0,8.0,0.0,9.0],"rotation":0,"texture":"#0","tintindex":0}}},{"from":[9.059174,6.723737,8.250333],"to":[9.059174,7.2951655,8.821761],"rotation":{"angle":45.0,"axis":"z","origin":[9.059174,7.0094514,8.536047]},"faces":{"east":{"uv":[5.0,7.0,4.0,8.0],"rotation":0,"texture":"#0","tintindex":0},"south":{"uv":[0.0,0.0,0.0,2.0],"rotation":0,"texture":"#0","tintindex":0},"north":{"uv":[0.0,0.0,0.0,2.0],"rotation":0,"texture":"#0","tintindex":0},"west":{"uv":[4.0,7.0,3.0,8.0],"rotation":0,"texture":"#0","tintindex":0},"up":{"uv":[0.0,1.0,0.0,0.0],"rotation":0,"texture":"#0","tintindex":0},"down":{"uv":[0.0,0.0,0.0,1.0],"rotation":0,"texture":"#0","tintindex":0}}},{"from":[8.285714,8.092603,5.670123],"to":[8.857143,8.664031,5.670123],"rotation":{"angle":22.5,"axis":"x","origin":[8.0,7.8068886,5.9558372]},"faces":{"east":{"uv":[0.0,0.0,0.0,1.0],"rotation":0,"texture":"#0","tintindex":0},"south":{"uv":[1.0,9.0,2.0,10.0],"rotation":0,"texture":"#0","tintindex":0},"north":{"uv":[9.0,0.0,10.0,1.0],"rotation":0,"texture":"#0","tintindex":0},"west":{"uv":[0.0,0.0,0.0,1.0],"rotation":0,"texture":"#0","tintindex":0},"up":{"uv":[1.0,0.0,0.0,0.0],"rotation":0,"texture":"#0","tintindex":0},"down":{"uv":[1.0,0.0,0.0,0.0],"rotation":0,"texture":"#0","tintindex":0}}},{"from":[6.614926,6.421377,7.39319],"to":[6.614926,7.5642343,7.964618],"rotation":{"angle":-45.0,"axis":"z","origin":[6.614926,6.9928055,9.678905]},"faces":{"east":{"uv":[3.0,7.0,4.0,9.0],"rotation":0,"texture":"#0","tintindex":0},"south":{"uv":[0.0,0.0,0.0,2.0],"rotation":0,"texture":"#0","tintindex":0},"north":{"uv":[0.0,0.0,0.0,2.0],"rotation":0,"texture":"#0","tintindex":0},"west":{"uv":[4.0,7.0,5.0,9.0],"rotation":0,"texture":"#0","tintindex":0},"up":{"uv":[0.0,1.0,0.0,0.0],"rotation":0,"texture":"#0","tintindex":0},"down":{"uv":[0.0,0.0,0.0,1.0],"rotation":0,"texture":"#0","tintindex":0}}},{"from":[7.142857,8.092603,5.670123],"to":[7.714286,8.664031,5.670123],"rotation":{"angle":22.5,"axis":"x","origin":[8.0,7.8068886,5.9558372]},"faces":{"east":{"uv":[0.0,0.0,0.0,1.0],"rotation":0,"texture":"#0","tintindex":0},"south":{"uv":[7.0,8.0,8.0,9.0],"rotation":0,"texture":"#0","tintindex":0},"north":{"uv":[6.0,8.0,7.0,9.0],"rotation":0,"texture":"#0","tintindex":0},"west":{"uv":[0.0,0.0,0.0,1.0],"rotation":0,"texture":"#0","tintindex":0},"up":{"uv":[1.0,0.0,0.0,0.0],"rotation":0,"texture":"#0","tintindex":0},"down":{"uv":[1.0,0.0,0.0,0.0],"rotation":0,"texture":"#0","tintindex":0}}},{"from":[6.9408264,6.723737,8.250333],"to":[6.9408264,7.2951655,8.821761],"rotation":{"angle":-45.0,"axis":"z","origin":[6.9408264,7.0094514,8.536047]},"faces":{"east":{"uv":[3.0,7.0,4.0,8.0],"rotation":0,"texture":"#0","tintindex":0},"south":{"uv":[0.0,0.0,0.0,2.0],"rotation":0,"texture":"#0","tintindex":0},"north":{"uv":[0.0,0.0,0.0,2.0],"rotation":0,"texture":"#0","tintindex":0},"west":{"uv":[4.0,7.0,5.0,8.0],"rotation":0,"texture":"#0","tintindex":0},"up":{"uv":[0.0,1.0,0.0,0.0],"rotation":0,"texture":"#0","tintindex":0},"down":{"uv":[0.0,0.0,0.0,1.0],"rotation":0,"texture":"#0","tintindex":0}}},{"from":[8.285714,7.7829103,6.1074753],"to":[8.857143,8.354339,6.1074753],"rotation":{"angle":-22.5,"axis":"x","origin":[8.0,7.497196,6.39319]},"faces":{"east":{"uv":[0.0,0.0,0.0,1.0],"rotation":0,"texture":"#0","tintindex":0},"south":{"uv":[0.0,9.0,1.0,10.0],"rotation":0,"texture":"#0","tintindex":0},"north":{"uv":[8.0,8.0,9.0,9.0],"rotation":0,"texture":"#0","tintindex":0},"west":{"uv":[0.0,0.0,0.0,1.0],"rotation":0,"texture":"#0","tintindex":0},"up":{"uv":[1.0,0.0,0.0,0.0],"rotation":0,"texture":"#0","tintindex":0},"down":{"uv":[1.0,0.0,0.0,0.0],"rotation":0,"texture":"#0","tintindex":0}}}],"display":{"head":{"translation":[0.0,-6.4,0.0],"scale":[4.0,4.0,4.0]}}}