{"textures":{"0":"modelengine:entity/ladybug"},"elements":[{"from":[6.857143,7.428571,8.0],"to":[8.0,8.0,8.571428],"rotation":{"angle":0.0,"axis":"y","origin":[8.0,7.428571,8.0]},"faces":{"east":{"uv":[2.0,8.0,3.0,9.0],"rotation":0,"texture":"#0","tintindex":0},"south":{"uv":[3.0,6.0,5.0,7.0],"rotation":0,"texture":"#0","tintindex":0},"north":{"uv":[6.0,2.0,8.0,3.0],"rotation":0,"texture":"#0","tintindex":0},"west":{"uv":[8.0,2.0,9.0,3.0],"rotation":0,"texture":"#0","tintindex":0},"up":{"uv":[8.0,4.0,6.0,3.0],"rotation":0,"texture":"#0","tintindex":0},"down":{"uv":[7.0,6.0,5.0,7.0],"rotation":0,"texture":"#0","tintindex":0}}},{"from":[6.6384664,6.9006405,8.0],"to":[6.6384664,8.043497,8.571428],"rotation":{"angle":-22.5,"axis":"z","origin":[6.6384664,7.472069,8.285714]},"faces":{"east":{"uv":[3.0,7.0,4.0,9.0],"rotation":0,"texture":"#0","tintindex":0},"south":{"uv":[0.0,0.0,0.0,2.0],"rotation":0,"texture":"#0","tintindex":0},"north":{"uv":[0.0,0.0,0.0,2.0],"rotation":0,"texture":"#0","tintindex":0},"west":{"uv":[4.0,7.0,5.0,9.0],"rotation":0,"texture":"#0","tintindex":0},"up":{"uv":[0.0,1.0,0.0,0.0],"rotation":0,"texture":"#0","tintindex":0},"down":{"uv":[0.0,0.0,0.0,1.0],"rotation":0,"texture":"#0","tintindex":0}}}],"display":{"head":{"translation":[0.0,-6.4,0.0],"scale":[4.0,4.0,4.0]}}}