{"textures":{"0":"modelengine:entity/amethyst_block","2":"modelengine:entity/budding_amethyst"},"elements":[{"from":[6.5714283,2.8571424,5.428571],"to":[8.857143,5.142857,7.714286],"rotation":{"angle":45.0,"axis":"y","origin":[7.714286,4.0,6.5714283]},"faces":{"east":{"uv":[12.0,12.0,16.0,16.0],"rotation":0,"texture":"#0","tintindex":0},"south":{"uv":[4.0,9.0,8.0,13.0],"rotation":0,"texture":"#0","tintindex":0},"north":{"uv":[0.0,4.0,4.0,8.0],"rotation":0,"texture":"#0","tintindex":0},"west":{"uv":[6.0,11.0,10.0,15.0],"rotation":0,"texture":"#0","tintindex":0},"up":{"uv":[3.0,2.0,7.0,6.0],"rotation":0,"texture":"#0","tintindex":0},"down":{"uv":[9.0,0.0,13.0,4.0],"rotation":0,"texture":"#0","tintindex":0}}},{"from":[6.0,11.428572,6.5714283],"to":[8.857143,14.285715,9.428572],"rotation":{"angle":0.0,"axis":"y","origin":[9.428572,-4.5714293,7.714286]},"faces":{"east":{"uv":[0.0,4.0,5.0,9.0],"rotation":0,"texture":"#0","tintindex":0},"south":{"uv":[0.0,4.0,5.0,9.0],"rotation":0,"texture":"#0","tintindex":0},"north":{"uv":[0.0,4.0,5.0,9.0],"rotation":0,"texture":"#0","tintindex":0},"west":{"uv":[0.0,4.0,5.0,9.0],"rotation":0,"texture":"#0","tintindex":0},"up":{"uv":[0.0,4.0,5.0,9.0],"rotation":0,"texture":"#0","tintindex":0},"down":{"uv":[0.0,4.0,5.0,9.0],"rotation":0,"texture":"#0","tintindex":0}}},{"from":[9.428572,0.5714283,8.857143],"to":[10.0,1.1428566,9.428572],"rotation":{"angle":-22.5,"axis":"y","origin":[9.714286,0.85714245,9.142858]},"faces":{"east":{"uv":[2.0,1.0,3.0,2.0],"rotation":0,"texture":"#0","tintindex":0},"south":{"uv":[2.0,1.0,3.0,2.0],"rotation":0,"texture":"#0","tintindex":0},"north":{"uv":[1.0,1.0,2.0,2.0],"rotation":0,"texture":"#0","tintindex":0},"west":{"uv":[1.0,1.0,2.0,2.0],"rotation":0,"texture":"#0","tintindex":0},"up":{"uv":[2.0,1.0,3.0,2.0],"rotation":0,"texture":"#0","tintindex":0},"down":{"uv":[1.0,1.0,2.0,2.0],"rotation":0,"texture":"#0","tintindex":0}}},{"from":[7.714286,7.428571,10.0],"to":[8.285714,8.0,10.571428],"rotation":{"angle":-22.5,"axis":"z","origin":[8.0,7.714286,10.285714]},"faces":{"east":{"uv":[9.0,7.0,10.0,8.0],"rotation":0,"texture":"#0","tintindex":0},"south":{"uv":[9.0,7.0,10.0,8.0],"rotation":0,"texture":"#0","tintindex":0},"north":{"uv":[9.0,7.0,10.0,8.0],"rotation":0,"texture":"#0","tintindex":0},"west":{"uv":[9.0,7.0,10.0,8.0],"rotation":0,"texture":"#0","tintindex":0},"up":{"uv":[9.0,7.0,10.0,8.0],"rotation":0,"texture":"#0","tintindex":0},"down":{"uv":[9.0,7.0,10.0,8.0],"rotation":0,"texture":"#0","tintindex":0}}},{"from":[10.571428,9.142858,9.428572],"to":[12.857143,11.428572,11.714286],"rotation":{"angle":0.0,"axis":"y","origin":[9.428572,-4.5714293,7.714286]},"faces":{"east":{"uv":[4.0,4.0,8.0,8.0],"rotation":0,"texture":"#0","tintindex":0},"south":{"uv":[4.0,4.0,8.0,8.0],"rotation":0,"texture":"#0","tintindex":0},"north":{"uv":[4.0,4.0,8.0,8.0],"rotation":0,"texture":"#0","tintindex":0},"west":{"uv":[4.0,4.0,8.0,8.0],"rotation":0,"texture":"#0","tintindex":0},"up":{"uv":[4.0,4.0,8.0,8.0],"rotation":0,"texture":"#0","tintindex":0},"down":{"uv":[4.0,4.0,8.0,8.0],"rotation":0,"texture":"#0","tintindex":0}}},{"from":[8.0,9.142858,8.0],"to":[9.714286,10.857143,9.714286],"rotation":{"angle":45.0,"axis":"x","origin":[8.857143,10.0,8.857143]},"faces":{"east":{"uv":[8.0,8.0,10.0,10.0],"rotation":0,"texture":"#2","tintindex":0},"south":{"uv":[8.0,8.0,10.0,10.0],"rotation":0,"texture":"#2","tintindex":0},"north":{"uv":[8.0,8.0,10.0,10.0],"rotation":0,"texture":"#2","tintindex":0},"west":{"uv":[8.0,8.0,10.0,10.0],"rotation":0,"texture":"#2","tintindex":0},"up":{"uv":[8.0,8.0,10.0,10.0],"rotation":0,"texture":"#2","tintindex":0},"down":{"uv":[8.0,8.0,10.0,10.0],"rotation":0,"texture":"#2","tintindex":0}}},{"from":[7.714286,1.1428566,6.5714283],"to":[8.857143,2.2857141,7.714286],"rotation":{"angle":0.0,"axis":"y","origin":[9.428572,-4.5714293,7.714286]},"faces":{"east":{"uv":[0.0,10.0,2.0,12.0],"rotation":0,"texture":"#0","tintindex":0},"south":{"uv":[1.0,11.0,3.0,13.0],"rotation":0,"texture":"#0","tintindex":0},"north":{"uv":[3.0,10.0,5.0,12.0],"rotation":0,"texture":"#0","tintindex":0},"west":{"uv":[1.0,11.0,3.0,13.0],"rotation":0,"texture":"#0","tintindex":0},"up":{"uv":[2.0,12.0,4.0,14.0],"rotation":0,"texture":"#0","tintindex":0},"down":{"uv":[1.0,9.0,3.0,11.0],"rotation":0,"texture":"#0","tintindex":0}}},{"from":[8.857143,9.142858,11.142858],"to":[9.428572,9.714286,11.714286],"rotation":{"angle":-22.5,"axis":"y","origin":[9.142858,9.428572,11.428572]},"faces":{"east":{"uv":[3.0,6.0,4.0,7.0],"rotation":0,"texture":"#0","tintindex":0},"south":{"uv":[3.0,6.0,4.0,7.0],"rotation":0,"texture":"#0","tintindex":0},"north":{"uv":[3.0,6.0,4.0,7.0],"rotation":0,"texture":"#0","tintindex":0},"west":{"uv":[3.0,6.0,4.0,7.0],"rotation":0,"texture":"#0","tintindex":0},"up":{"uv":[3.0,6.0,4.0,7.0],"rotation":0,"texture":"#0","tintindex":0},"down":{"uv":[3.0,6.0,4.0,7.0],"rotation":0,"texture":"#0","tintindex":0}}},{"from":[8.857143,-2.8571434,7.714286],"to":[9.428572,-2.285715,8.285714],"rotation":{"angle":45.0,"axis":"x","origin":[9.142858,-2.5714293,8.0]},"faces":{"east":{"uv":[12.0,12.0,13.0,13.0],"rotation":0,"texture":"#0","tintindex":0},"south":{"uv":[12.0,12.0,13.0,13.0],"rotation":0,"texture":"#0","tintindex":0},"north":{"uv":[12.0,12.0,13.0,13.0],"rotation":0,"texture":"#0","tintindex":0},"west":{"uv":[12.0,12.0,13.0,13.0],"rotation":0,"texture":"#0","tintindex":0},"up":{"uv":[12.0,13.0,13.0,14.0],"rotation":0,"texture":"#0","tintindex":0},"down":{"uv":[12.0,12.0,13.0,13.0],"rotation":0,"texture":"#0","tintindex":0}}},{"from":[8.0,9.142858,8.0],"to":[9.714286,10.857143,9.714286],"rotation":{"angle":45.0,"axis":"y","origin":[8.857143,10.0,8.857143]},"faces":{"east":{"uv":[8.0,8.0,10.0,10.0],"rotation":0,"texture":"#2","tintindex":0},"south":{"uv":[8.0,8.0,10.0,10.0],"rotation":0,"texture":"#2","tintindex":0},"north":{"uv":[8.0,8.0,10.0,10.0],"rotation":0,"texture":"#2","tintindex":0},"west":{"uv":[8.0,8.0,10.0,10.0],"rotation":0,"texture":"#2","tintindex":0},"up":{"uv":[8.0,8.0,10.0,10.0],"rotation":0,"texture":"#2","tintindex":0},"down":{"uv":[8.0,8.0,10.0,10.0],"rotation":0,"texture":"#2","tintindex":0}}},{"from":[10.0,6.857143,7.714286],"to":[11.142858,8.0,8.857143],"rotation":{"angle":-22.5,"axis":"y","origin":[10.0,7.428571,8.285714]},"faces":{"east":{"uv":[6.0,3.0,8.0,5.0],"rotation":0,"texture":"#0","tintindex":0},"south":{"uv":[6.0,5.0,8.0,7.0],"rotation":0,"texture":"#0","tintindex":0},"north":{"uv":[6.0,9.0,8.0,11.0],"rotation":0,"texture":"#0","tintindex":0},"west":{"uv":[6.0,7.0,8.0,9.0],"rotation":0,"texture":"#0","tintindex":0},"up":{"uv":[4.0,7.0,6.0,9.0],"rotation":0,"texture":"#0","tintindex":0},"down":{"uv":[8.0,7.0,10.0,9.0],"rotation":0,"texture":"#0","tintindex":0}}},{"from":[10.0,12.0,9.428572],"to":[11.714286,13.714286,11.142858],"rotation":{"angle":0.0,"axis":"y","origin":[9.428572,-4.5714293,7.714286]},"faces":{"east":{"uv":[3.0,10.0,6.0,13.0],"rotation":0,"texture":"#0","tintindex":0},"south":{"uv":[3.0,10.0,6.0,13.0],"rotation":0,"texture":"#0","tintindex":0},"north":{"uv":[3.0,10.0,6.0,13.0],"rotation":0,"texture":"#0","tintindex":0},"west":{"uv":[3.0,10.0,6.0,13.0],"rotation":0,"texture":"#0","tintindex":0},"up":{"uv":[3.0,10.0,6.0,13.0],"rotation":0,"texture":"#0","tintindex":0},"down":{"uv":[3.0,10.0,6.0,13.0],"rotation":0,"texture":"#0","tintindex":0}}},{"from":[8.285714,12.0,5.428571],"to":[8.857143,12.571428,6.5714283],"rotation":{"angle":0.0,"axis":"y","origin":[9.428572,-4.5714293,7.714286]},"faces":{"east":{"uv":[9.0,8.0,10.0,10.0],"rotation":0,"texture":"#0","tintindex":0},"south":{"uv":[9.0,8.0,10.0,9.0],"rotation":0,"texture":"#0","tintindex":0},"north":{"uv":[9.0,8.0,10.0,9.0],"rotation":0,"texture":"#0","tintindex":0},"west":{"uv":[9.0,8.0,10.0,10.0],"rotation":0,"texture":"#0","tintindex":0},"up":{"uv":[9.0,8.0,10.0,10.0],"rotation":0,"texture":"#0","tintindex":0},"down":{"uv":[9.0,8.0,10.0,10.0],"rotation":0,"texture":"#0","tintindex":0}}},{"from":[5.428571,8.0,8.857143],"to":[6.0,9.142858,9.428572],"rotation":{"angle":0.0,"axis":"y","origin":[9.428572,-4.5714293,7.714286]},"faces":{"east":{"uv":[2.0,4.0,3.0,6.0],"rotation":0,"texture":"#0","tintindex":0},"south":{"uv":[2.0,4.0,3.0,6.0],"rotation":0,"texture":"#0","tintindex":0},"north":{"uv":[2.0,4.0,3.0,6.0],"rotation":0,"texture":"#0","tintindex":0},"west":{"uv":[2.0,4.0,3.0,6.0],"rotation":0,"texture":"#0","tintindex":0},"up":{"uv":[2.0,4.0,3.0,5.0],"rotation":0,"texture":"#0","tintindex":0},"down":{"uv":[2.0,5.0,3.0,6.0],"rotation":0,"texture":"#0","tintindex":0}}},{"from":[7.714286,7.428571,7.714286],"to":[8.285714,8.571428,8.285714],"rotation":{"angle":45.0,"axis":"y","origin":[8.0,8.0,8.0]},"faces":{"east":{"uv":[2.0,5.0,3.0,7.0],"rotation":0,"texture":"#0","tintindex":0},"south":{"uv":[2.0,5.0,3.0,7.0],"rotation":0,"texture":"#0","tintindex":0},"north":{"uv":[2.0,5.0,3.0,7.0],"rotation":0,"texture":"#0","tintindex":0},"west":{"uv":[2.0,5.0,3.0,7.0],"rotation":0,"texture":"#0","tintindex":0},"up":{"uv":[2.0,5.0,3.0,7.0],"rotation":0,"texture":"#0","tintindex":0},"down":{"uv":[2.0,5.0,3.0,7.0],"rotation":0,"texture":"#0","tintindex":0}}},{"from":[8.857143,10.857143,5.428571],"to":[10.0,12.0,6.5714283],"rotation":{"angle":-22.5,"axis":"y","origin":[9.428572,12.0,6.5714283]},"faces":{"east":{"uv":[4.0,10.0,6.0,12.0],"rotation":0,"texture":"#0","tintindex":0},"south":{"uv":[4.0,10.0,6.0,12.0],"rotation":0,"texture":"#0","tintindex":0},"north":{"uv":[4.0,10.0,6.0,12.0],"rotation":0,"texture":"#0","tintindex":0},"west":{"uv":[4.0,10.0,6.0,12.0],"rotation":0,"texture":"#0","tintindex":0},"up":{"uv":[4.0,10.0,6.0,12.0],"rotation":0,"texture":"#0","tintindex":0},"down":{"uv":[4.0,10.0,6.0,12.0],"rotation":0,"texture":"#0","tintindex":0}}},{"from":[6.5714283,8.571428,8.285714],"to":[7.142857,9.142858,8.857143],"rotation":{"angle":0.0,"axis":"y","origin":[9.428572,-4.5714293,7.714286]},"faces":{"east":{"uv":[11.0,1.0,12.0,2.0],"rotation":0,"texture":"#0","tintindex":0},"south":{"uv":[11.0,1.0,12.0,2.0],"rotation":0,"texture":"#0","tintindex":0},"north":{"uv":[11.0,1.0,12.0,2.0],"rotation":0,"texture":"#0","tintindex":0},"west":{"uv":[11.0,1.0,12.0,2.0],"rotation":0,"texture":"#0","tintindex":0},"up":{"uv":[11.0,1.0,12.0,2.0],"rotation":0,"texture":"#0","tintindex":0},"down":{"uv":[11.0,1.0,12.0,2.0],"rotation":0,"texture":"#0","tintindex":0}}},{"from":[8.285714,1.7142854,8.857143],"to":[10.0,3.4285712,10.571428],"rotation":{"angle":45.0,"axis":"x","origin":[9.142858,2.5714283,9.714286]},"faces":{"east":{"uv":[4.0,3.0,7.0,6.0],"rotation":0,"texture":"#0","tintindex":0},"south":{"uv":[7.0,2.0,10.0,5.0],"rotation":0,"texture":"#0","tintindex":0},"north":{"uv":[3.0,7.0,6.0,10.0],"rotation":0,"texture":"#0","tintindex":0},"west":{"uv":[7.0,9.0,10.0,12.0],"rotation":0,"texture":"#0","tintindex":0},"up":{"uv":[3.0,2.0,6.0,5.0],"rotation":0,"texture":"#0","tintindex":0},"down":{"uv":[9.0,1.0,12.0,4.0],"rotation":0,"texture":"#0","tintindex":0}}},{"from":[6.0,9.142858,9.428572],"to":[6.5714283,9.714286,10.0],"rotation":{"angle":0.0,"axis":"y","origin":[9.428572,-4.5714293,7.714286]},"faces":{"east":{"uv":[3.0,5.0,4.0,6.0],"rotation":0,"texture":"#0","tintindex":0},"south":{"uv":[3.0,5.0,4.0,6.0],"rotation":0,"texture":"#0","tintindex":0},"north":{"uv":[3.0,5.0,4.0,6.0],"rotation":0,"texture":"#0","tintindex":0},"west":{"uv":[3.0,5.0,4.0,6.0],"rotation":0,"texture":"#0","tintindex":0},"up":{"uv":[3.0,5.0,4.0,6.0],"rotation":0,"texture":"#0","tintindex":0},"down":{"uv":[3.0,5.0,4.0,6.0],"rotation":0,"texture":"#0","tintindex":0}}},{"from":[6.5714283,12.571428,6.0],"to":[7.142857,13.142858,6.5714283],"rotation":{"angle":0.0,"axis":"y","origin":[9.428572,-4.5714293,7.714286]},"faces":{"east":{"uv":[1.0,6.0,2.0,7.0],"rotation":0,"texture":"#0","tintindex":0},"south":{"uv":[1.0,6.0,2.0,7.0],"rotation":0,"texture":"#0","tintindex":0},"north":{"uv":[1.0,6.0,2.0,7.0],"rotation":0,"texture":"#0","tintindex":0},"west":{"uv":[1.0,6.0,2.0,7.0],"rotation":0,"texture":"#0","tintindex":0},"up":{"uv":[1.0,6.0,2.0,7.0],"rotation":0,"texture":"#0","tintindex":0},"down":{"uv":[1.0,6.0,2.0,7.0],"rotation":0,"texture":"#0","tintindex":0}}},{"from":[7.714286,4.0,8.285714],"to":[10.0,6.285714,10.571428],"rotation":{"angle":45.0,"axis":"y","origin":[8.857143,5.142857,9.428572]},"faces":{"east":{"uv":[10.0,6.0,14.0,10.0],"rotation":0,"texture":"#0","tintindex":0},"south":{"uv":[9.0,5.0,13.0,9.0],"rotation":0,"texture":"#0","tintindex":0},"north":{"uv":[6.0,9.0,10.0,13.0],"rotation":0,"texture":"#0","tintindex":0},"west":{"uv":[6.0,5.0,10.0,9.0],"rotation":0,"texture":"#0","tintindex":0},"up":{"uv":[2.0,11.0,6.0,15.0],"rotation":0,"texture":"#0","tintindex":0},"down":{"uv":[10.0,10.0,14.0,14.0],"rotation":0,"texture":"#0","tintindex":0}}},{"from":[7.714286,10.857143,8.285714],"to":[8.285714,11.428572,8.857143],"rotation":{"angle":45.0,"axis":"y","origin":[10.285714,11.714286,9.142858]},"faces":{"east":{"uv":[4.0,12.0,5.0,13.0],"rotation":0,"texture":"#0","tintindex":0},"south":{"uv":[4.0,12.0,5.0,13.0],"rotation":0,"texture":"#0","tintindex":0},"north":{"uv":[4.0,12.0,5.0,13.0],"rotation":0,"texture":"#0","tintindex":0},"west":{"uv":[4.0,12.0,5.0,13.0],"rotation":0,"texture":"#0","tintindex":0},"up":{"uv":[4.0,12.0,5.0,13.0],"rotation":0,"texture":"#0","tintindex":0},"down":{"uv":[4.0,12.0,5.0,13.0],"rotation":0,"texture":"#0","tintindex":0}}},{"from":[9.428572,0.0,6.5714283],"to":[10.571428,1.1428566,7.714286],"rotation":{"angle":-45.0,"axis":"y","origin":[10.0,0.5714283,7.142857]},"faces":{"east":{"uv":[9.0,2.0,11.0,4.0],"rotation":0,"texture":"#0","tintindex":0},"south":{"uv":[2.0,5.0,4.0,7.0],"rotation":0,"texture":"#0","tintindex":0},"north":{"uv":[10.0,1.0,12.0,3.0],"rotation":0,"texture":"#0","tintindex":0},"west":{"uv":[1.0,5.0,3.0,7.0],"rotation":0,"texture":"#0","tintindex":0},"up":{"uv":[2.0,4.0,4.0,6.0],"rotation":0,"texture":"#0","tintindex":0},"down":{"uv":[3.0,3.0,5.0,5.0],"rotation":0,"texture":"#0","tintindex":0}}},{"from":[8.0,9.142858,8.0],"to":[9.714286,10.857143,9.714286],"rotation":{"angle":45.0,"axis":"z","origin":[8.857143,10.0,8.857143]},"faces":{"east":{"uv":[8.0,8.0,10.0,10.0],"rotation":0,"texture":"#2","tintindex":0},"south":{"uv":[8.0,8.0,10.0,10.0],"rotation":0,"texture":"#2","tintindex":0},"north":{"uv":[8.0,8.0,10.0,10.0],"rotation":0,"texture":"#2","tintindex":0},"west":{"uv":[8.0,8.0,10.0,10.0],"rotation":0,"texture":"#2","tintindex":0},"up":{"uv":[8.0,8.0,10.0,10.0],"rotation":0,"texture":"#2","tintindex":0},"down":{"uv":[8.0,8.0,10.0,10.0],"rotation":0,"texture":"#2","tintindex":0}}},{"from":[5.428571,9.142858,7.714286],"to":[7.142857,10.857143,9.428572],"rotation":{"angle":0.0,"axis":"y","origin":[9.428572,-4.5714293,7.714286]},"faces":{"east":{"uv":[11.0,3.0,14.0,6.0],"rotation":0,"texture":"#0","tintindex":0},"south":{"uv":[11.0,3.0,14.0,6.0],"rotation":0,"texture":"#0","tintindex":0},"north":{"uv":[11.0,3.0,14.0,6.0],"rotation":0,"texture":"#0","tintindex":0},"west":{"uv":[11.0,3.0,14.0,6.0],"rotation":0,"texture":"#0","tintindex":0},"up":{"uv":[11.0,3.0,14.0,6.0],"rotation":0,"texture":"#0","tintindex":0},"down":{"uv":[11.0,3.0,14.0,6.0],"rotation":0,"texture":"#0","tintindex":0}}},{"from":[10.0,2.2857141,6.5714283],"to":[11.714286,4.0,8.285714],"rotation":{"angle":-22.5,"axis":"y","origin":[10.857143,3.142857,7.428571]},"faces":{"east":{"uv":[0.0,0.0,3.0,3.0],"rotation":0,"texture":"#0","tintindex":0},"south":{"uv":[0.0,0.0,3.0,3.0],"rotation":0,"texture":"#0","tintindex":0},"north":{"uv":[0.0,0.0,3.0,3.0],"rotation":0,"texture":"#0","tintindex":0},"west":{"uv":[0.0,0.0,3.0,3.0],"rotation":0,"texture":"#0","tintindex":0},"up":{"uv":[0.0,0.0,3.0,3.0],"rotation":0,"texture":"#0","tintindex":0},"down":{"uv":[0.0,0.0,3.0,3.0],"rotation":0,"texture":"#0","tintindex":0}}},{"from":[8.285714,0.0,8.285714],"to":[8.857143,0.5714283,8.857143],"rotation":{"angle":-22.5,"axis":"z","origin":[8.571428,0.28571415,8.571428]},"faces":{"east":{"uv":[1.0,5.0,2.0,6.0],"rotation":0,"texture":"#0","tintindex":0},"south":{"uv":[1.0,5.0,2.0,6.0],"rotation":0,"texture":"#0","tintindex":0},"north":{"uv":[2.0,5.0,3.0,6.0],"rotation":0,"texture":"#0","tintindex":0},"west":{"uv":[2.0,5.0,3.0,6.0],"rotation":0,"texture":"#0","tintindex":0},"up":{"uv":[2.0,5.0,3.0,6.0],"rotation":0,"texture":"#0","tintindex":0},"down":{"uv":[1.0,5.0,2.0,6.0],"rotation":0,"texture":"#0","tintindex":0}}},{"from":[7.714286,13.142858,6.0],"to":[8.285714,13.714286,6.5714283],"rotation":{"angle":0.0,"axis":"y","origin":[9.428572,-4.5714293,7.714286]},"faces":{"east":{"uv":[4.0,6.0,5.0,7.0],"rotation":0,"texture":"#0","tintindex":0},"south":{"uv":[4.0,6.0,5.0,7.0],"rotation":0,"texture":"#0","tintindex":0},"north":{"uv":[4.0,6.0,5.0,7.0],"rotation":0,"texture":"#0","tintindex":0},"west":{"uv":[4.0,6.0,5.0,7.0],"rotation":0,"texture":"#0","tintindex":0},"up":{"uv":[4.0,6.0,5.0,7.0],"rotation":0,"texture":"#0","tintindex":0},"down":{"uv":[4.0,6.0,5.0,7.0],"rotation":0,"texture":"#0","tintindex":0}}},{"from":[8.857143,-1.7142859,7.142857],"to":[10.0,-0.57142925,8.285714],"rotation":{"angle":-45.0,"axis":"y","origin":[9.428572,-1.1428576,7.714286]},"faces":{"east":{"uv":[7.0,0.0,9.0,2.0],"rotation":0,"texture":"#0","tintindex":0},"south":{"uv":[4.0,3.0,6.0,5.0],"rotation":0,"texture":"#0","tintindex":0},"north":{"uv":[9.0,0.0,11.0,2.0],"rotation":0,"texture":"#0","tintindex":0},"west":{"uv":[3.0,2.0,5.0,4.0],"rotation":0,"texture":"#0","tintindex":0},"up":{"uv":[2.0,12.0,4.0,14.0],"rotation":0,"texture":"#0","tintindex":0},"down":{"uv":[0.0,0.0,2.0,2.0],"rotation":0,"texture":"#0","tintindex":0}}}],"display":{"head":{"translation":[0.0,-6.4,0.0],"scale":[4.0,4.0,4.0]}}}