{"textures":{"0":"modelengine:entity/amethyst_block","1":"modelengine:entity/amethyst_cluster","2":"modelengine:entity/budding_amethyst"},"elements":[{"from":[2.8571424,10.285714,5.714286],"to":[7.428571,14.857143,10.285714],"rotation":{"angle":0.0,"axis":"y","origin":[8.0,-11.428572,4.5714283]},"faces":{"east":{"uv":[0.0,0.0,16.0,16.0],"rotation":0,"texture":"#1","tintindex":0},"south":{"uv":[0.0,0.0,1.0,1.0],"rotation":0,"texture":"#1","tintindex":0},"north":{"uv":[0.0,0.0,1.0,1.0],"rotation":0,"texture":"#1","tintindex":0},"west":{"uv":[0.0,0.0,1.0,1.0],"rotation":0,"texture":"#1","tintindex":0},"up":{"uv":[0.0,0.0,1.0,1.0],"rotation":0,"texture":"#1","tintindex":0},"down":{"uv":[0.0,0.0,1.0,1.0],"rotation":0,"texture":"#1","tintindex":0}}},{"from":[5.142857,10.285714,3.4285712],"to":[9.714286,14.857143,8.0],"rotation":{"angle":0.0,"axis":"y","origin":[8.0,-11.428572,4.5714283]},"faces":{"east":{"uv":[0.0,0.0,1.0,1.0],"rotation":0,"texture":"#1","tintindex":0},"south":{"uv":[0.0,0.0,16.0,16.0],"rotation":0,"texture":"#1","tintindex":0},"north":{"uv":[0.0,0.0,1.0,1.0],"rotation":0,"texture":"#1","tintindex":0},"west":{"uv":[0.0,0.0,1.0,1.0],"rotation":0,"texture":"#1","tintindex":0},"up":{"uv":[0.0,0.0,1.0,1.0],"rotation":0,"texture":"#1","tintindex":0},"down":{"uv":[0.0,0.0,1.0,1.0],"rotation":0,"texture":"#1","tintindex":0}}},{"from":[5.142857,5.714286,5.714286],"to":[9.714286,10.285714,10.285714],"rotation":{"angle":0.0,"axis":"y","origin":[8.0,-11.428572,4.5714283]},"faces":{"east":{"uv":[0.0,8.0,8.0,16.0],"rotation":0,"texture":"#0","tintindex":0},"south":{"uv":[4.0,4.0,12.0,12.0],"rotation":0,"texture":"#2","tintindex":0},"north":{"uv":[0.0,0.0,8.0,8.0],"rotation":0,"texture":"#0","tintindex":0},"west":{"uv":[8.0,8.0,16.0,16.0],"rotation":0,"texture":"#0","tintindex":0},"up":{"uv":[8.0,0.0,16.0,8.0],"rotation":0,"texture":"#0","tintindex":0},"down":{"uv":[0.0,0.0,8.0,8.0],"rotation":0,"texture":"#0","tintindex":0}}}],"display":{"head":{"translation":[0.0,-6.4,0.0],"scale":[4.0,4.0,4.0]}}}