{"textures":{"0":"modelengine:entity/amethyst_block","1":"modelengine:entity/amethyst_cluster","2":"modelengine:entity/budding_amethyst"},"elements":[{"from":[0.5714283,5.714286,6.285714],"to":[2.2857141,7.428571,8.0],"rotation":{"angle":0.0,"axis":"y","origin":[17.428572,7.714286,8.857143]},"faces":{"east":{"uv":[0.0,0.0,1.0,1.0],"rotation":0,"texture":"#1","tintindex":0},"south":{"uv":[0.0,0.0,1.0,1.0],"rotation":0,"texture":"#1","tintindex":0},"north":{"uv":[0.0,0.0,1.0,1.0],"rotation":0,"texture":"#1","tintindex":0},"west":{"uv":[0.0,0.0,1.0,1.0],"rotation":0,"texture":"#1","tintindex":0},"up":{"uv":[0.0,0.0,16.0,16.0],"rotation":0,"texture":"#1","tintindex":0},"down":{"uv":[0.0,0.0,1.0,1.0],"rotation":0,"texture":"#1","tintindex":0}}},{"from":[1.4285712,6.5714283,6.285714],"to":[3.142857,8.285714,8.0],"rotation":{"angle":0.0,"axis":"y","origin":[17.428572,7.714286,8.857143]},"faces":{"east":{"uv":[0.0,0.0,1.0,1.0],"rotation":0,"texture":"#1","tintindex":0},"south":{"uv":[0.0,0.0,1.0,1.0],"rotation":0,"texture":"#1","tintindex":0},"north":{"uv":[0.0,0.0,1.0,1.0],"rotation":0,"texture":"#1","tintindex":0},"west":{"uv":[0.0,0.0,16.0,16.0],"rotation":270,"texture":"#1","tintindex":0},"up":{"uv":[0.0,0.0,1.0,1.0],"rotation":0,"texture":"#1","tintindex":0},"down":{"uv":[0.0,0.0,1.0,1.0],"rotation":0,"texture":"#1","tintindex":0}}},{"from":[6.857143,6.857143,6.285714],"to":[7.428571,7.428571,6.857143],"rotation":{"angle":0.0,"axis":"y","origin":[13.142858,-8.57143,8.0]},"faces":{"east":{"uv":[12.0,11.0,13.0,12.0],"rotation":0,"texture":"#0","tintindex":0},"south":{"uv":[12.0,11.0,13.0,12.0],"rotation":0,"texture":"#0","tintindex":0},"north":{"uv":[12.0,11.0,13.0,12.0],"rotation":0,"texture":"#0","tintindex":0},"west":{"uv":[12.0,11.0,13.0,12.0],"rotation":0,"texture":"#0","tintindex":0},"up":{"uv":[12.0,11.0,13.0,12.0],"rotation":0,"texture":"#0","tintindex":0},"down":{"uv":[12.0,11.0,13.0,12.0],"rotation":0,"texture":"#0","tintindex":0}}},{"from":[2.8571424,6.285714,8.0],"to":[6.857143,8.571428,10.285714],"rotation":{"angle":0.0,"axis":"y","origin":[8.857143,7.714286,8.857143]},"faces":{"east":{"uv":[1.0,4.0,5.0,8.0],"rotation":0,"texture":"#0","tintindex":0},"south":{"uv":[9.0,4.0,16.0,8.0],"rotation":0,"texture":"#0","tintindex":0},"north":{"uv":[9.0,8.0,16.0,12.0],"rotation":0,"texture":"#0","tintindex":0},"west":{"uv":[5.0,4.0,9.0,8.0],"rotation":0,"texture":"#0","tintindex":0},"up":{"uv":[9.0,0.0,16.0,4.0],"rotation":0,"texture":"#0","tintindex":0},"down":{"uv":[9.0,12.0,16.0,16.0],"rotation":0,"texture":"#0","tintindex":0}}},{"from":[8.0,9.714286,6.857143],"to":[12.0,13.714286,10.857143],"rotation":{"angle":0.0,"axis":"y","origin":[7.714286,12.285715,10.0]},"faces":{"east":{"uv":[0.0,0.0,1.0,1.0],"rotation":0,"texture":"#1","tintindex":0},"south":{"uv":[0.0,0.0,1.0,1.0],"rotation":0,"texture":"#1","tintindex":0},"north":{"uv":[0.0,0.0,1.0,1.0],"rotation":0,"texture":"#1","tintindex":0},"west":{"uv":[0.0,0.0,16.0,16.0],"rotation":0,"texture":"#1","tintindex":0},"up":{"uv":[0.0,0.0,1.0,1.0],"rotation":0,"texture":"#1","tintindex":0},"down":{"uv":[0.0,0.0,1.0,1.0],"rotation":0,"texture":"#1","tintindex":0}}},{"from":[6.0,9.714286,4.8571424],"to":[10.0,13.714286,8.857143],"rotation":{"angle":0.0,"axis":"y","origin":[7.142857,12.285715,10.0]},"faces":{"east":{"uv":[0.0,0.0,1.0,1.0],"rotation":0,"texture":"#1","tintindex":0},"south":{"uv":[0.0,0.0,16.0,16.0],"rotation":0,"texture":"#1","tintindex":0},"north":{"uv":[0.0,0.0,1.0,1.0],"rotation":0,"texture":"#1","tintindex":0},"west":{"uv":[0.0,0.0,1.0,1.0],"rotation":0,"texture":"#1","tintindex":0},"up":{"uv":[0.0,0.0,1.0,1.0],"rotation":0,"texture":"#1","tintindex":0},"down":{"uv":[0.0,0.0,1.0,1.0],"rotation":0,"texture":"#1","tintindex":0}}},{"from":[3.4285712,5.714286,6.285714],"to":[5.142857,7.428571,8.0],"rotation":{"angle":0.0,"axis":"y","origin":[17.428572,7.714286,8.857143]},"faces":{"east":{"uv":[0.0,0.0,1.0,1.0],"rotation":0,"texture":"#1","tintindex":0},"south":{"uv":[0.0,0.0,1.0,1.0],"rotation":0,"texture":"#1","tintindex":0},"north":{"uv":[0.0,0.0,1.0,1.0],"rotation":0,"texture":"#1","tintindex":0},"west":{"uv":[0.0,0.0,1.0,1.0],"rotation":0,"texture":"#1","tintindex":0},"up":{"uv":[0.0,0.0,16.0,16.0],"rotation":0,"texture":"#1","tintindex":0},"down":{"uv":[0.0,0.0,1.0,1.0],"rotation":0,"texture":"#1","tintindex":0}}},{"from":[4.285714,6.5714283,6.285714],"to":[6.0,8.285714,8.0],"rotation":{"angle":0.0,"axis":"y","origin":[17.428572,7.714286,8.857143]},"faces":{"east":{"uv":[0.0,0.0,1.0,1.0],"rotation":0,"texture":"#1","tintindex":0},"south":{"uv":[0.0,0.0,1.0,1.0],"rotation":0,"texture":"#1","tintindex":0},"north":{"uv":[0.0,0.0,1.0,1.0],"rotation":0,"texture":"#1","tintindex":0},"west":{"uv":[0.0,0.0,16.0,16.0],"rotation":270,"texture":"#1","tintindex":0},"up":{"uv":[0.0,0.0,1.0,1.0],"rotation":0,"texture":"#1","tintindex":0},"down":{"uv":[0.0,0.0,1.0,1.0],"rotation":0,"texture":"#1","tintindex":0}}},{"from":[8.571428,6.285714,6.285714],"to":[9.142858,6.857143,6.857143],"rotation":{"angle":0.0,"axis":"y","origin":[13.142858,-8.57143,8.0]},"faces":{"east":{"uv":[9.0,14.0,10.0,15.0],"rotation":0,"texture":"#0","tintindex":0},"south":{"uv":[9.0,14.0,10.0,15.0],"rotation":0,"texture":"#0","tintindex":0},"north":{"uv":[9.0,14.0,10.0,15.0],"rotation":0,"texture":"#0","tintindex":0},"west":{"uv":[9.0,14.0,10.0,15.0],"rotation":0,"texture":"#0","tintindex":0},"up":{"uv":[9.0,14.0,10.0,15.0],"rotation":0,"texture":"#0","tintindex":0},"down":{"uv":[9.0,14.0,10.0,15.0],"rotation":0,"texture":"#0","tintindex":0}}},{"from":[-3.4285717,6.0,7.714286],"to":[-0.57142925,8.857143,10.571428],"rotation":{"angle":0.0,"axis":"y","origin":[13.142858,-8.57143,8.0]},"faces":{"east":{"uv":[6.0,6.0,11.0,11.0],"rotation":0,"texture":"#2","tintindex":0},"south":{"uv":[6.0,6.0,11.0,11.0],"rotation":0,"texture":"#2","tintindex":0},"north":{"uv":[6.0,6.0,11.0,11.0],"rotation":0,"texture":"#2","tintindex":0},"west":{"uv":[6.0,6.0,11.0,11.0],"rotation":0,"texture":"#2","tintindex":0},"up":{"uv":[6.0,6.0,11.0,11.0],"rotation":0,"texture":"#2","tintindex":0},"down":{"uv":[6.0,6.0,11.0,11.0],"rotation":0,"texture":"#2","tintindex":0}}},{"from":[6.285714,5.714286,6.857143],"to":[10.285714,9.714286,10.857143],"rotation":{"angle":0.0,"axis":"y","origin":[8.857143,7.714286,8.857143]},"faces":{"east":{"uv":[0.0,0.0,7.0,7.0],"rotation":0,"texture":"#0","tintindex":0},"south":{"uv":[0.0,0.0,7.0,7.0],"rotation":0,"texture":"#0","tintindex":0},"north":{"uv":[0.0,0.0,7.0,7.0],"rotation":0,"texture":"#0","tintindex":0},"west":{"uv":[0.0,0.0,7.0,7.0],"rotation":0,"texture":"#0","tintindex":0},"up":{"uv":[0.0,0.0,7.0,7.0],"rotation":0,"texture":"#0","tintindex":0},"down":{"uv":[0.0,0.0,7.0,7.0],"rotation":0,"texture":"#0","tintindex":0}}},{"from":[-0.57142925,6.285714,8.0],"to":[3.4285712,8.571428,10.285714],"rotation":{"angle":0.0,"axis":"y","origin":[8.857143,7.714286,8.857143]},"faces":{"east":{"uv":[9.0,4.0,13.0,8.0],"rotation":0,"texture":"#0","tintindex":0},"south":{"uv":[2.0,4.0,9.0,8.0],"rotation":0,"texture":"#0","tintindex":0},"north":{"uv":[2.0,8.0,9.0,12.0],"rotation":0,"texture":"#0","tintindex":0},"west":{"uv":[12.0,4.0,16.0,8.0],"rotation":0,"texture":"#0","tintindex":0},"up":{"uv":[2.0,0.0,9.0,4.0],"rotation":0,"texture":"#0","tintindex":0},"down":{"uv":[2.0,12.0,9.0,16.0],"rotation":0,"texture":"#0","tintindex":0}}},{"from":[7.428571,8.0,5.714286],"to":[8.0,8.571428,6.857143],"rotation":{"angle":0.0,"axis":"y","origin":[13.142858,-8.57143,8.0]},"faces":{"east":{"uv":[10.0,1.0,11.0,3.0],"rotation":0,"texture":"#0","tintindex":0},"south":{"uv":[10.0,1.0,11.0,3.0],"rotation":0,"texture":"#0","tintindex":0},"north":{"uv":[10.0,1.0,11.0,3.0],"rotation":0,"texture":"#0","tintindex":0},"west":{"uv":[10.0,1.0,11.0,3.0],"rotation":0,"texture":"#0","tintindex":0},"up":{"uv":[10.0,1.0,11.0,3.0],"rotation":0,"texture":"#0","tintindex":0},"down":{"uv":[10.0,1.0,11.0,3.0],"rotation":0,"texture":"#0","tintindex":0}}}],"display":{"head":{"translation":[0.0,-6.4,0.0],"scale":[4.0,4.0,4.0]}}}