{"textures":{"0":"modelengine:entity/nocsy_pet_penguin"},"elements":[{"from":[7.937143,11.157591,6.123716],"to":[7.937143,13.671877,9.895144],"rotation":{"angle":0.0,"axis":"y","origin":[8.0,3.0490193,10.203716]},"faces":{"east":{"uv":[1.5,7.5,3.125,8.625],"rotation":0,"texture":"#0","tintindex":0},"south":{"uv":[0.0,0.0,0.0,1.125],"rotation":0,"texture":"#0","tintindex":0},"north":{"uv":[0.0,0.0,0.0,1.125],"rotation":0,"texture":"#0","tintindex":0},"west":{"uv":[3.125,7.5,1.5,8.625],"rotation":0,"texture":"#0","tintindex":0},"up":{"uv":[1.625,0.0,0.0,0.0],"rotation":90,"texture":"#0","tintindex":0},"down":{"uv":[1.625,0.0,0.0,0.0],"rotation":270,"texture":"#0","tintindex":0}}},{"from":[7.4297895,8.314285,5.714286],"to":[8.572647,8.885715,6.857143],"rotation":{"angle":45.0,"axis":"y","origin":[8.058361,8.4,6.4]},"faces":{"east":{"uv":[6.5,9.0,7.0,9.25],"rotation":0,"texture":"#0","tintindex":0},"south":{"uv":[1.0,9.25,1.5,9.5],"rotation":0,"texture":"#0","tintindex":0},"north":{"uv":[6.5,8.75,7.0,9.0],"rotation":0,"texture":"#0","tintindex":0},"west":{"uv":[1.0,9.5,1.5,9.75],"rotation":0,"texture":"#0","tintindex":0},"up":{"uv":[3.75,8.0,3.25,7.5],"rotation":0,"texture":"#0","tintindex":0},"down":{"uv":[3.75,8.0,3.25,8.5],"rotation":0,"texture":"#0","tintindex":0}}},{"from":[7.737143,8.843306,6.0551443],"to":[10.251429,11.357591,6.0551443],"rotation":{"angle":0.0,"axis":"y","origin":[8.931429,-0.52240944,7.0608587]},"faces":{"east":{"uv":[0.0,0.0,0.0,1.125],"rotation":0,"texture":"#0","tintindex":0},"south":{"uv":[3.875,8.75,2.75,9.875],"rotation":0,"texture":"#0","tintindex":0},"north":{"uv":[4.875,5.25,3.75,6.375],"rotation":0,"texture":"#0","tintindex":0},"west":{"uv":[0.0,0.0,0.0,1.125],"rotation":0,"texture":"#0","tintindex":0},"up":{"uv":[1.125,0.0,0.0,0.0],"rotation":0,"texture":"#0","tintindex":0},"down":{"uv":[1.125,0.0,0.0,0.0],"rotation":0,"texture":"#0","tintindex":0}}},{"from":[5.108571,8.843306,6.0551443],"to":[7.622857,11.357591,6.0551443],"rotation":{"angle":0.0,"axis":"y","origin":[6.428571,-0.52240944,7.0608587]},"faces":{"east":{"uv":[0.0,0.0,0.0,1.125],"rotation":0,"texture":"#0","tintindex":0},"south":{"uv":[8.75,6.0,9.875,7.125],"rotation":0,"texture":"#0","tintindex":0},"north":{"uv":[4.0,8.75,5.125,9.875],"rotation":0,"texture":"#0","tintindex":0},"west":{"uv":[0.0,0.0,0.0,1.125],"rotation":0,"texture":"#0","tintindex":0},"up":{"uv":[1.125,0.0,0.0,0.0],"rotation":0,"texture":"#0","tintindex":0},"down":{"uv":[1.125,0.0,0.0,0.0],"rotation":0,"texture":"#0","tintindex":0}}},{"from":[7.5942855,8.657143,5.771428],"to":[8.851429,9.245714,7.028571],"rotation":{"angle":45.0,"axis":"y","origin":[7.937143,9.028571,6.6857142]},"faces":{"east":{"uv":[0.75,9.75,1.5,10.25],"rotation":0,"texture":"#0","tintindex":0},"south":{"uv":[6.5,9.75,7.25,10.25],"rotation":0,"texture":"#0","tintindex":0},"north":{"uv":[0.0,9.75,0.75,10.25],"rotation":0,"texture":"#0","tintindex":0},"west":{"uv":[7.25,9.75,8.0,10.25],"rotation":0,"texture":"#0","tintindex":0},"up":{"uv":[2.25,6.5,1.5,5.75],"rotation":0,"texture":"#0","tintindex":0},"down":{"uv":[2.25,6.5,1.5,7.25],"rotation":0,"texture":"#0","tintindex":0}}},{"from":[8.994286,9.300448,6.0408587],"to":[9.28,9.586163,6.0408587],"rotation":{"angle":0.0,"axis":"y","origin":[10.028572,-0.06526661,7.0465727]},"faces":{"east":{"uv":[0.0,0.0,0.0,1.125],"rotation":0,"texture":"#0","tintindex":0},"south":{"uv":[0.0,10.375,0.125,10.5],"rotation":0,"texture":"#0","tintindex":0},"north":{"uv":[0.0,10.375,0.125,10.5],"rotation":0,"texture":"#0","tintindex":0},"west":{"uv":[0.0,0.0,0.0,1.125],"rotation":0,"texture":"#0","tintindex":0},"up":{"uv":[1.125,0.0,0.0,0.0],"rotation":0,"texture":"#0","tintindex":0},"down":{"uv":[1.125,0.0,0.0,0.0],"rotation":0,"texture":"#0","tintindex":0}}},{"from":[6.0514283,11.157591,8.066573],"to":[9.822857,13.671877,8.066573],"rotation":{"angle":0.0,"axis":"y","origin":[9.445714,3.0490193,8.0037155]},"faces":{"east":{"uv":[0.0,0.0,0.0,1.125],"rotation":0,"texture":"#0","tintindex":0},"south":{"uv":[3.125,7.5,1.5,8.625],"rotation":0,"texture":"#0","tintindex":0},"north":{"uv":[1.5,7.5,3.125,8.625],"rotation":0,"texture":"#0","tintindex":0},"west":{"uv":[0.0,0.0,0.0,1.125],"rotation":0,"texture":"#0","tintindex":0},"up":{"uv":[1.625,0.0,0.0,0.0],"rotation":0,"texture":"#0","tintindex":0},"down":{"uv":[1.625,0.0,0.0,0.0],"rotation":0,"texture":"#0","tintindex":0}}},{"from":[5.422857,8.014734,6.1180015],"to":[10.451428,11.157591,9.88943],"rotation":{"angle":0.0,"axis":"y","origin":[9.76,-0.09383774,6.4951444]},"faces":{"east":{"uv":[7.0,2.0,8.625,3.375],"rotation":0,"texture":"#0","tintindex":0},"south":{"uv":[5.0,5.0,7.25,6.375],"rotation":0,"texture":"#0","tintindex":0},"north":{"uv":[5.0,3.5,7.25,4.875],"rotation":0,"texture":"#0","tintindex":0},"west":{"uv":[7.0,6.5,8.625,7.875],"rotation":0,"texture":"#0","tintindex":0},"up":{"uv":[5.0,5.125,2.75,3.5],"rotation":0,"texture":"#0","tintindex":0},"down":{"uv":[2.25,4.0,0.0,5.625],"rotation":0,"texture":"#0","tintindex":0}}},{"from":[6.2514286,9.300448,6.0408587],"to":[6.5371428,9.586163,6.0408587],"rotation":{"angle":0.0,"axis":"y","origin":[7.285714,-0.06526661,7.0465727]},"faces":{"east":{"uv":[0.0,0.0,0.0,1.125],"rotation":0,"texture":"#0","tintindex":0},"south":{"uv":[0.0,10.375,0.125,10.5],"rotation":0,"texture":"#0","tintindex":0},"north":{"uv":[0.0,10.375,0.125,10.5],"rotation":0,"texture":"#0","tintindex":0},"west":{"uv":[0.0,0.0,0.0,1.125],"rotation":0,"texture":"#0","tintindex":0},"up":{"uv":[1.125,0.0,0.0,0.0],"rotation":0,"texture":"#0","tintindex":0},"down":{"uv":[1.125,0.0,0.0,0.0],"rotation":0,"texture":"#0","tintindex":0}}}],"display":{"head":{"translation":[0.0,-6.4,0.0],"scale":[4.0,4.0,4.0]}}}