{"textures":{"0":"modelengine:entity/nocsy_pet_penguin"},"elements":[{"from":[6.7114286,6.3285713,6.1342854],"to":[9.225715,7.5857143,9.277143],"rotation":{"angle":0.0,"axis":"y","origin":[7.78,4.8828573,6.825714]},"faces":{"east":{"uv":[7.25,6.0,8.625,6.5],"rotation":0,"texture":"#0","tintindex":0},"south":{"uv":[8.75,8.75,9.875,9.25],"rotation":0,"texture":"#0","tintindex":0},"north":{"uv":[8.75,8.25,9.875,8.75],"rotation":0,"texture":"#0","tintindex":0},"west":{"uv":[8.75,3.0,10.125,3.5],"rotation":0,"texture":"#0","tintindex":0},"up":{"uv":[6.375,9.875,5.25,8.5],"rotation":0,"texture":"#0","tintindex":0},"down":{"uv":[9.875,0.0,8.75,1.375],"rotation":0,"texture":"#0","tintindex":0}}},{"from":[7.0885715,7.5857143,7.6657143],"to":[8.974286,8.214286,8.922857],"rotation":{"angle":0.0,"axis":"y","origin":[7.78,4.8828573,7.3285713]},"faces":{"east":{"uv":[2.25,5.0,2.75,5.25],"rotation":0,"texture":"#0","tintindex":0},"south":{"uv":[9.0,9.75,9.875,10.0],"rotation":0,"texture":"#0","tintindex":0},"north":{"uv":[8.0,9.75,8.875,10.0],"rotation":0,"texture":"#0","tintindex":0},"west":{"uv":[1.5,7.25,2.0,7.5],"rotation":0,"texture":"#0","tintindex":0},"up":{"uv":[7.375,9.75,6.5,9.25],"rotation":0,"texture":"#0","tintindex":0},"down":{"uv":[8.375,9.25,7.5,9.75],"rotation":0,"texture":"#0","tintindex":0}}}],"display":{"head":{"translation":[0.0,-6.4,0.0],"scale":[4.0,4.0,4.0]}}}