{"textures":{"0":"modelengine:entity/tarantula"},"elements":[{"from":[3.6650906,7.9092603,7.714286],"to":[5.9508047,8.480689,8.285714],"rotation":{"angle":45.0,"axis":"z","origin":[5.3793764,8.194975,8.0]},"faces":{"east":{"uv":[12.0,13.0,13.0,14.0],"rotation":0,"texture":"#0","tintindex":0},"south":{"uv":[11.0,5.0,15.0,6.0],"rotation":0,"texture":"#0","tintindex":0},"north":{"uv":[11.0,4.0,15.0,5.0],"rotation":0,"texture":"#0","tintindex":0},"west":{"uv":[13.0,13.0,14.0,14.0],"rotation":0,"texture":"#0","tintindex":0},"up":{"uv":[15.0,7.0,11.0,6.0],"rotation":0,"texture":"#0","tintindex":0},"down":{"uv":[15.0,7.0,11.0,8.0],"rotation":0,"texture":"#0","tintindex":0}}},{"from":[5.428571,8.03271,7.714286],"to":[7.142857,8.604138,8.285714],"rotation":{"angle":-22.5,"axis":"z","origin":[6.0,8.318424,8.0]},"faces":{"east":{"uv":[10.0,13.0,11.0,14.0],"rotation":0,"texture":"#0","tintindex":0},"south":{"uv":[12.0,11.0,15.0,12.0],"rotation":0,"texture":"#0","tintindex":0},"north":{"uv":[12.0,10.0,15.0,11.0],"rotation":0,"texture":"#0","tintindex":0},"west":{"uv":[11.0,13.0,12.0,14.0],"rotation":0,"texture":"#0","tintindex":0},"up":{"uv":[3.0,14.0,0.0,13.0],"rotation":0,"texture":"#0","tintindex":0},"down":{"uv":[16.0,0.0,13.0,1.0],"rotation":0,"texture":"#0","tintindex":0}}},{"from":[8.857143,8.03271,7.714286],"to":[10.571428,8.604138,8.285714],"rotation":{"angle":22.5,"axis":"z","origin":[10.0,8.318424,8.0]},"faces":{"east":{"uv":[2.0,14.0,3.0,15.0],"rotation":0,"texture":"#0","tintindex":0},"south":{"uv":[13.0,2.0,16.0,3.0],"rotation":0,"texture":"#0","tintindex":0},"north":{"uv":[13.0,1.0,16.0,2.0],"rotation":0,"texture":"#0","tintindex":0},"west":{"uv":[3.0,14.0,4.0,15.0],"rotation":0,"texture":"#0","tintindex":0},"up":{"uv":[6.0,14.0,3.0,13.0],"rotation":0,"texture":"#0","tintindex":0},"down":{"uv":[16.0,3.0,13.0,4.0],"rotation":0,"texture":"#0","tintindex":0}}},{"from":[10.049195,7.9092603,7.714286],"to":[12.334909,8.480689,8.285714],"rotation":{"angle":-45.0,"axis":"z","origin":[10.620624,8.194975,8.0]},"faces":{"east":{"uv":[0.0,14.0,1.0,15.0],"rotation":0,"texture":"#0","tintindex":0},"south":{"uv":[11.0,9.0,15.0,10.0],"rotation":0,"texture":"#0","tintindex":0},"north":{"uv":[11.0,8.0,15.0,9.0],"rotation":0,"texture":"#0","tintindex":0},"west":{"uv":[1.0,14.0,2.0,15.0],"rotation":0,"texture":"#0","tintindex":0},"up":{"uv":[10.0,13.0,6.0,12.0],"rotation":0,"texture":"#0","tintindex":0},"down":{"uv":[14.0,12.0,10.0,13.0],"rotation":0,"texture":"#0","tintindex":0}}}],"display":{"head":{"translation":[0.0,-6.4,0.0],"scale":[4.0,4.0,4.0]}}}