{"textures":{"0":"modelengine:entity/praying_mantis_parts"},"elements":[{"from":[7.428571,7.86692,6.0756497],"to":[8.571428,10.152635,6.647078],"rotation":{"angle":-22.5,"axis":"x","origin":[8.0,9.581205,6.0756497]},"faces":{"east":{"uv":[11.0,0.0,12.0,4.0],"rotation":0,"texture":"#0","tintindex":0},"south":{"uv":[9.0,4.0,11.0,8.0],"rotation":0,"texture":"#0","tintindex":0},"north":{"uv":[9.0,0.0,11.0,4.0],"rotation":0,"texture":"#0","tintindex":0},"west":{"uv":[3.0,11.0,4.0,15.0],"rotation":0,"texture":"#0","tintindex":0},"up":{"uv":[13.0,5.0,11.0,4.0],"rotation":0,"texture":"#0","tintindex":0},"down":{"uv":[13.0,5.0,11.0,6.0],"rotation":0,"texture":"#0","tintindex":0}}},{"from":[7.142857,9.009777,10.075649],"to":[8.857143,9.009777,11.218507],"rotation":{"angle":22.5,"axis":"x","origin":[8.0,9.581205,6.0756497]},"faces":{"east":{"uv":[0.0,0.0,2.0,0.0],"rotation":0,"texture":"#0","tintindex":0},"south":{"uv":[0.0,0.0,3.0,0.0],"rotation":0,"texture":"#0","tintindex":0},"north":{"uv":[0.0,0.0,3.0,0.0],"rotation":0,"texture":"#0","tintindex":0},"west":{"uv":[0.0,0.0,2.0,0.0],"rotation":0,"texture":"#0","tintindex":0},"up":{"uv":[11.0,12.0,8.0,10.0],"rotation":0,"texture":"#0","tintindex":0},"down":{"uv":[3.0,11.0,0.0,13.0],"rotation":0,"texture":"#0","tintindex":0}}},{"from":[8.285714,8.615351,6.9128356],"to":[10.0,8.615351,10.912836],"rotation":{"angle":0.0,"axis":"y","origin":[8.285714,8.043921,7.4842644]},"faces":{"east":{"uv":[7.0,0.0,0.0,0.0],"rotation":0,"texture":"#0","tintindex":0},"south":{"uv":[3.0,0.0,0.0,0.0],"rotation":0,"texture":"#0","tintindex":0},"north":{"uv":[3.0,0.0,0.0,0.0],"rotation":0,"texture":"#0","tintindex":0},"west":{"uv":[7.0,0.0,0.0,0.0],"rotation":0,"texture":"#0","tintindex":0},"up":{"uv":[0.0,7.0,3.0,0.0],"rotation":0,"texture":"#0","tintindex":0},"down":{"uv":[0.0,0.0,3.0,7.0],"rotation":0,"texture":"#0","tintindex":0}}},{"from":[8.285714,8.877567,7.088233],"to":[10.0,8.877567,11.088233],"rotation":{"angle":-22.5,"axis":"x","origin":[8.285714,8.306139,7.659662]},"faces":{"east":{"uv":[7.0,0.0,0.0,0.0],"rotation":0,"texture":"#0","tintindex":0},"south":{"uv":[3.0,0.0,0.0,0.0],"rotation":0,"texture":"#0","tintindex":0},"north":{"uv":[3.0,0.0,0.0,0.0],"rotation":0,"texture":"#0","tintindex":0},"west":{"uv":[7.0,0.0,0.0,0.0],"rotation":0,"texture":"#0","tintindex":0},"up":{"uv":[3.0,7.0,6.0,0.0],"rotation":0,"texture":"#0","tintindex":0},"down":{"uv":[3.0,0.0,6.0,7.0],"rotation":0,"texture":"#0","tintindex":0}}},{"from":[7.142857,7.86692,7.218507],"to":[8.857143,9.009777,10.075649],"rotation":{"angle":22.5,"axis":"x","origin":[8.0,9.581205,6.0756497]},"faces":{"east":{"uv":[0.0,7.0,5.0,9.0],"rotation":0,"texture":"#0","tintindex":0},"south":{"uv":[5.0,10.0,8.0,12.0],"rotation":0,"texture":"#0","tintindex":0},"north":{"uv":[9.0,8.0,12.0,10.0],"rotation":0,"texture":"#0","tintindex":0},"west":{"uv":[0.0,9.0,5.0,11.0],"rotation":0,"texture":"#0","tintindex":0},"up":{"uv":[9.0,5.0,6.0,0.0],"rotation":0,"texture":"#0","tintindex":0},"down":{"uv":[9.0,5.0,6.0,10.0],"rotation":0,"texture":"#0","tintindex":0}}},{"from":[6.0,8.877567,7.088233],"to":[7.714286,8.877567,11.088233],"rotation":{"angle":-22.5,"axis":"x","origin":[7.714286,8.306139,7.659662]},"faces":{"east":{"uv":[0.0,0.0,7.0,0.0],"rotation":0,"texture":"#0","tintindex":0},"south":{"uv":[0.0,0.0,3.0,0.0],"rotation":0,"texture":"#0","tintindex":0},"north":{"uv":[0.0,0.0,3.0,0.0],"rotation":0,"texture":"#0","tintindex":0},"west":{"uv":[0.0,0.0,7.0,0.0],"rotation":0,"texture":"#0","tintindex":0},"up":{"uv":[6.0,7.0,3.0,0.0],"rotation":0,"texture":"#0","tintindex":0},"down":{"uv":[6.0,0.0,3.0,7.0],"rotation":0,"texture":"#0","tintindex":0}}},{"from":[6.0,8.615351,6.9128356],"to":[7.714286,8.615351,10.912836],"rotation":{"angle":0.0,"axis":"y","origin":[7.714286,8.043921,7.4842644]},"faces":{"east":{"uv":[0.0,0.0,7.0,0.0],"rotation":0,"texture":"#0","tintindex":0},"south":{"uv":[0.0,0.0,3.0,0.0],"rotation":0,"texture":"#0","tintindex":0},"north":{"uv":[0.0,0.0,3.0,0.0],"rotation":0,"texture":"#0","tintindex":0},"west":{"uv":[0.0,0.0,7.0,0.0],"rotation":0,"texture":"#0","tintindex":0},"up":{"uv":[3.0,7.0,0.0,0.0],"rotation":0,"texture":"#0","tintindex":0},"down":{"uv":[3.0,0.0,0.0,7.0],"rotation":0,"texture":"#0","tintindex":0}}}],"display":{"head":{"translation":[0.0,-6.4,0.0],"scale":[4.0,4.0,4.0]}}}