{"textures":{"0":"modelengine:entity/ravager_skin"},"elements":[{"from":[6.285714,-0.57142925,28.57143],"to":[9.714286,6.857143,31.428572],"rotation":{"angle":0.0,"axis":"y","origin":[8.0,-16.57143,-18.857143]},"faces":{"east":{"uv":[12.4375,7.8125,12.75,8.625],"rotation":0,"texture":"#0","tintindex":0},"south":{"uv":[7.125,1.375,7.5,2.1875],"rotation":0,"texture":"#0","tintindex":0},"north":{"uv":[6.75,1.375,7.125,2.1875],"rotation":0,"texture":"#0","tintindex":0},"west":{"uv":[7.875,12.4375,8.1875,13.25],"rotation":0,"texture":"#0","tintindex":0},"up":{"uv":[4.625,12.9375,4.25,12.625],"rotation":0,"texture":"#0","tintindex":0},"down":{"uv":[5.0,12.625,4.625,12.9375],"rotation":0,"texture":"#0","tintindex":0}}},{"from":[-2.285715,-1.7142859,8.0],"to":[18.285715,18.857143,28.57143],"rotation":{"angle":0.0,"axis":"y","origin":[8.0,-16.57143,-18.857143]},"faces":{"east":{"uv":[0.0,2.25,2.25,4.5],"rotation":0,"texture":"#0","tintindex":0},"south":{"uv":[2.25,0.0,4.5,2.25],"rotation":0,"texture":"#0","tintindex":0},"north":{"uv":[0.0,0.0,2.25,2.25],"rotation":0,"texture":"#0","tintindex":0},"west":{"uv":[2.25,2.25,4.5,4.5],"rotation":0,"texture":"#0","tintindex":0},"up":{"uv":[2.25,6.75,0.0,4.5],"rotation":0,"texture":"#0","tintindex":0},"down":{"uv":[6.75,0.0,4.5,2.25],"rotation":0,"texture":"#0","tintindex":0}}}],"display":{"head":{"translation":[0.0,-6.4,0.0],"scale":[4.0,4.0,4.0]}}}