{"textures":{"0":"modelengine:entity/pharaoh"},"elements":[{"from":[10.0,0.1428566,7.142857],"to":[10.0,9.857143,8.857143],"rotation":{"angle":-22.5,"axis":"z","origin":[7.142857,13.285715,12.285715]},"faces":{"east":{"uv":[0.0,3.875,0.375,6.0],"rotation":0,"texture":"#0","tintindex":0},"south":{"uv":[6.5,11.625,6.875,12.0],"rotation":0,"texture":"#0","tintindex":0},"north":{"uv":[5.625,11.625,6.0,12.0],"rotation":0,"texture":"#0","tintindex":0},"west":{"uv":[0.0,3.875,0.375,6.0],"rotation":0,"texture":"#0","tintindex":0},"up":{"uv":[1.625,10.375,1.25,6.0],"rotation":0,"texture":"#0","tintindex":0},"down":{"uv":[2.0,6.0,1.625,10.375],"rotation":0,"texture":"#0","tintindex":0}}}],"display":{"head":{"translation":[0.0,-6.4,0.0],"scale":[4.0,4.0,4.0]}}}