{"textures":{"0":"modelengine:entity/pharaoh"},"elements":[{"from":[6.2530804,2.730474,6.6240206],"to":[8.5387945,10.159046,10.052592],"rotation":{"angle":0.0,"axis":"y","origin":[10.003271,-0.8859539,11.78483]},"faces":{"east":{"uv":[3.875,7.75,3.125,9.375],"rotation":0,"texture":"#0","tintindex":0},"south":{"uv":[4.375,9.0,3.875,10.625],"rotation":0,"texture":"#0","tintindex":0},"north":{"uv":[1.25,8.5,0.75,10.125],"rotation":0,"texture":"#0","tintindex":0},"west":{"uv":[6.5,7.125,5.75,8.75],"rotation":0,"texture":"#0","tintindex":0},"up":{"uv":[4.5,7.0,5.0,6.25],"rotation":0,"texture":"#0","tintindex":0},"down":{"uv":[5.625,10.875,6.125,11.625],"rotation":0,"texture":"#0","tintindex":0}}}],"display":{"head":{"translation":[0.0,-6.4,0.0],"scale":[4.0,4.0,4.0]}}}