{"textures":{"0":"modelengine:entity/pharaoh"},"elements":[{"from":[5.142857,-1.1428576,9.142858],"to":[10.857143,11.428572,9.142858],"rotation":{"angle":22.5,"axis":"x","origin":[8.0,8.0,8.0]},"faces":{"east":{"uv":[0.0,3.25,1.125,6.0],"rotation":0,"texture":"#0","tintindex":0},"south":{"uv":[2.25,0.0,3.5,2.75],"rotation":0,"texture":"#0","tintindex":0},"north":{"uv":[2.25,0.0,3.5,2.75],"rotation":0,"texture":"#0","tintindex":0},"west":{"uv":[1.125,3.25,2.25,6.0],"rotation":0,"texture":"#0","tintindex":0},"up":{"uv":[8.375,1.125,7.125,0.0],"rotation":0,"texture":"#0","tintindex":0},"down":{"uv":[5.75,7.125,4.5,8.25],"rotation":0,"texture":"#0","tintindex":0}}},{"from":[5.142857,-1.1428576,14.285715],"to":[10.857143,11.428572,14.285715],"rotation":{"angle":22.5,"axis":"x","origin":[8.0,8.0,8.0]},"faces":{"east":{"uv":[0.0,3.25,1.125,6.0],"rotation":0,"texture":"#0","tintindex":0},"south":{"uv":[2.25,0.0,3.5,2.75],"rotation":0,"texture":"#0","tintindex":0},"north":{"uv":[2.25,0.0,3.5,2.75],"rotation":0,"texture":"#0","tintindex":0},"west":{"uv":[1.125,3.25,2.25,6.0],"rotation":0,"texture":"#0","tintindex":0},"up":{"uv":[8.375,1.125,7.125,0.0],"rotation":0,"texture":"#0","tintindex":0},"down":{"uv":[5.75,7.125,4.5,8.25],"rotation":0,"texture":"#0","tintindex":0}}},{"from":[5.142857,7.8379674,10.01994],"to":[10.857143,14.69511,14.59137],"rotation":{"angle":0.0,"axis":"y","origin":[8.0,11.266539,8.877084]},"faces":{"east":{"uv":[3.5,6.25,4.5,7.75],"rotation":0,"texture":"#0","tintindex":0},"south":{"uv":[0.0,6.0,1.25,7.5],"rotation":0,"texture":"#0","tintindex":0},"north":{"uv":[2.25,5.5,3.5,7.0],"rotation":0,"texture":"#0","tintindex":0},"west":{"uv":[6.75,5.5,7.75,7.0],"rotation":0,"texture":"#0","tintindex":0},"up":{"uv":[1.25,8.5,0.0,7.5],"rotation":0,"texture":"#0","tintindex":0},"down":{"uv":[8.75,1.125,7.5,2.125],"rotation":0,"texture":"#0","tintindex":0}}},{"from":[4.0,8.571428,9.714286],"to":[12.0,11.428572,14.285715],"rotation":{"angle":22.5,"axis":"x","origin":[8.0,8.0,8.0]},"faces":{"east":{"uv":[2.75,9.375,3.75,10.0],"rotation":0,"texture":"#0","tintindex":0},"south":{"uv":[7.875,7.875,9.625,8.5],"rotation":0,"texture":"#0","tintindex":0},"north":{"uv":[7.875,7.25,9.625,7.875],"rotation":0,"texture":"#0","tintindex":0},"west":{"uv":[8.625,9.375,9.625,10.0],"rotation":0,"texture":"#0","tintindex":0},"up":{"uv":[7.5,2.375,5.75,1.375],"rotation":0,"texture":"#0","tintindex":0},"down":{"uv":[6.75,6.125,5.0,7.125],"rotation":0,"texture":"#0","tintindex":0}}},{"from":[6.285714,6.857143,9.714286],"to":[9.714286,8.571428,13.714286],"rotation":{"angle":22.5,"axis":"x","origin":[8.0,8.0,8.0]},"faces":{"east":{"uv":[11.0,10.75,11.875,11.125],"rotation":0,"texture":"#0","tintindex":0},"south":{"uv":[11.375,2.625,12.125,3.0],"rotation":0,"texture":"#0","tintindex":0},"north":{"uv":[11.375,0.75,12.125,1.125],"rotation":0,"texture":"#0","tintindex":0},"west":{"uv":[11.125,0.0,12.0,0.375],"rotation":0,"texture":"#0","tintindex":0},"up":{"uv":[10.0,9.375,9.25,8.5],"rotation":0,"texture":"#0","tintindex":0},"down":{"uv":[10.125,2.125,9.375,3.0],"rotation":0,"texture":"#0","tintindex":0}}},{"from":[2.8571424,10.1394415,6.428825],"to":[13.142858,17.568012,6.428825],"rotation":{"angle":22.5,"axis":"x","origin":[8.0,14.710871,8.14311]},"faces":{"east":{"uv":[0.0,0.0,0.0,1.625],"rotation":0,"texture":"#0","tintindex":0},"south":{"uv":[2.25,0.0,0.0,1.625],"rotation":0,"texture":"#0","tintindex":0},"north":{"uv":[0.0,0.0,2.25,1.625],"rotation":0,"texture":"#0","tintindex":0},"west":{"uv":[0.0,0.0,0.0,1.625],"rotation":0,"texture":"#0","tintindex":0},"up":{"uv":[2.25,0.0,0.0,0.0],"rotation":0,"texture":"#0","tintindex":0},"down":{"uv":[2.25,0.0,0.0,0.0],"rotation":0,"texture":"#0","tintindex":0}}},{"from":[2.8571424,12.771711,8.921786],"to":[13.142858,18.485996,14.064644],"rotation":{"angle":-22.5,"axis":"x","origin":[8.0,15.057425,9.493215]},"faces":{"east":{"uv":[2.0,7.0,3.125,8.25],"rotation":0,"texture":"#0","tintindex":0},"south":{"uv":[3.5,1.25,5.75,2.5],"rotation":0,"texture":"#0","tintindex":0},"north":{"uv":[3.5,0.0,5.75,1.25],"rotation":0,"texture":"#0","tintindex":0},"west":{"uv":[6.75,7.0,7.875,8.25],"rotation":0,"texture":"#0","tintindex":0},"up":{"uv":[7.25,3.625,5.0,2.5],"rotation":0,"texture":"#0","tintindex":0},"down":{"uv":[7.25,3.625,5.0,4.75],"rotation":0,"texture":"#0","tintindex":0}}}],"display":{"head":{"translation":[0.0,-6.4,0.0],"scale":[4.0,4.0,4.0]}}}