{"textures":{"0":"modelengine:entity/pharaoh"},"elements":[{"from":[8.019262,5.748708,6.7819953],"to":[10.876406,10.320137,10.210567],"rotation":{"angle":0.0,"axis":"y","origin":[5.825319,5.88195,4.196696]},"faces":{"east":{"uv":[9.25,6.25,10.0,7.25],"rotation":0,"texture":"#0","tintindex":0},"south":{"uv":[2.0,9.625,2.625,10.625],"rotation":0,"texture":"#0","tintindex":0},"north":{"uv":[9.5,0.75,10.125,1.75],"rotation":0,"texture":"#0","tintindex":0},"west":{"uv":[7.875,9.25,8.625,10.25],"rotation":0,"texture":"#0","tintindex":0},"up":{"uv":[11.0,10.0,10.375,9.25],"rotation":0,"texture":"#0","tintindex":0},"down":{"uv":[11.125,0.0,10.5,0.75],"rotation":0,"texture":"#0","tintindex":0}}},{"from":[8.019262,1.177279,7.924853],"to":[10.304976,5.748708,10.210567],"rotation":{"angle":0.0,"axis":"y","origin":[5.825319,1.3105211,4.196696]},"faces":{"east":{"uv":[9.25,10.125,9.75,11.125],"rotation":0,"texture":"#0","tintindex":0},"south":{"uv":[9.75,10.125,10.25,11.125],"rotation":0,"texture":"#0","tintindex":0},"north":{"uv":[10.125,7.0,10.625,8.0],"rotation":0,"texture":"#0","tintindex":0},"west":{"uv":[10.25,2.625,10.75,3.625],"rotation":0,"texture":"#0","tintindex":0},"up":{"uv":[4.375,8.25,3.875,7.75],"rotation":0,"texture":"#0","tintindex":0},"down":{"uv":[5.75,8.25,5.25,8.75],"rotation":0,"texture":"#0","tintindex":0}}}],"display":{"head":{"translation":[0.0,-6.4,0.0],"scale":[4.0,4.0,4.0]}}}