{"textures":{"0":"modelengine:entity/pharaoh"},"elements":[{"from":[7.4612055,2.730474,6.6240206],"to":[9.74692,10.159046,10.052592],"rotation":{"angle":0.0,"axis":"y","origin":[5.996729,-0.8859539,11.78483]},"faces":{"east":{"uv":[5.75,7.125,6.5,8.75],"rotation":0,"texture":"#0","tintindex":0},"south":{"uv":[3.875,9.0,4.375,10.625],"rotation":0,"texture":"#0","tintindex":0},"north":{"uv":[0.75,8.5,1.25,10.125],"rotation":0,"texture":"#0","tintindex":0},"west":{"uv":[3.125,7.75,3.875,9.375],"rotation":0,"texture":"#0","tintindex":0},"up":{"uv":[5.0,7.0,4.5,6.25],"rotation":0,"texture":"#0","tintindex":0},"down":{"uv":[6.125,10.875,5.625,11.625],"rotation":0,"texture":"#0","tintindex":0}}}],"display":{"head":{"translation":[0.0,-6.4,0.0],"scale":[4.0,4.0,4.0]}}}