{"textures":{"0":"modelengine:entity/scarab"},"elements":[{"from":[6.578624,8.0881405,7.3311644],"to":[8.29291,8.0881405,9.04545],"rotation":{"angle":0.0,"axis":"y","origin":[9.336353,7.2604413,7.759736]},"faces":{"east":{"uv":[0.0,0.0,1.5,0.0],"rotation":0,"texture":"#0","tintindex":0},"south":{"uv":[0.0,0.0,1.5,0.0],"rotation":0,"texture":"#0","tintindex":0},"north":{"uv":[0.0,0.0,1.5,0.0],"rotation":0,"texture":"#0","tintindex":0},"west":{"uv":[0.0,0.0,1.5,0.0],"rotation":0,"texture":"#0","tintindex":0},"up":{"uv":[9.0,1.5,7.5,0.0],"rotation":0,"texture":"#0","tintindex":0},"down":{"uv":[9.0,3.0,7.5,4.5],"rotation":0,"texture":"#0","tintindex":0}}},{"from":[5.1018763,8.549926,7.3311644],"to":[6.8161616,8.549926,9.04545],"rotation":{"angle":22.5,"axis":"z","origin":[7.8596053,7.7222266,7.759736]},"faces":{"east":{"uv":[0.0,0.0,1.5,0.0],"rotation":0,"texture":"#0","tintindex":0},"south":{"uv":[0.0,0.0,1.5,0.0],"rotation":0,"texture":"#0","tintindex":0},"north":{"uv":[0.0,0.0,1.5,0.0],"rotation":0,"texture":"#0","tintindex":0},"west":{"uv":[0.0,0.0,1.5,0.0],"rotation":0,"texture":"#0","tintindex":0},"up":{"uv":[8.0,8.0,6.5,6.5],"rotation":0,"texture":"#0","tintindex":0},"down":{"uv":[8.0,1.5,6.5,3.0],"rotation":0,"texture":"#0","tintindex":0}}}],"display":{"head":{"translation":[0.0,-6.4,0.0],"scale":[4.0,4.0,4.0]}}}