{"textures":{"0":"modelengine:entity/scarab"},"elements":[{"from":[7.707091,8.0881405,7.3311644],"to":[9.421376,8.0881405,9.04545],"rotation":{"angle":0.0,"axis":"y","origin":[6.6636467,7.2604413,7.759736]},"faces":{"east":{"uv":[1.5,0.0,0.0,0.0],"rotation":0,"texture":"#0","tintindex":0},"south":{"uv":[1.5,0.0,0.0,0.0],"rotation":0,"texture":"#0","tintindex":0},"north":{"uv":[1.5,0.0,0.0,0.0],"rotation":0,"texture":"#0","tintindex":0},"west":{"uv":[1.5,0.0,0.0,0.0],"rotation":0,"texture":"#0","tintindex":0},"up":{"uv":[7.5,1.5,9.0,0.0],"rotation":0,"texture":"#0","tintindex":0},"down":{"uv":[7.5,3.0,9.0,4.5],"rotation":0,"texture":"#0","tintindex":0}}},{"from":[9.183838,8.549926,7.3311644],"to":[10.898124,8.549926,9.04545],"rotation":{"angle":-22.5,"axis":"z","origin":[8.140394,7.7222266,7.759736]},"faces":{"east":{"uv":[1.5,0.0,0.0,0.0],"rotation":0,"texture":"#0","tintindex":0},"south":{"uv":[1.5,0.0,0.0,0.0],"rotation":0,"texture":"#0","tintindex":0},"north":{"uv":[1.5,0.0,0.0,0.0],"rotation":0,"texture":"#0","tintindex":0},"west":{"uv":[1.5,0.0,0.0,0.0],"rotation":0,"texture":"#0","tintindex":0},"up":{"uv":[6.5,8.0,8.0,6.5],"rotation":0,"texture":"#0","tintindex":0},"down":{"uv":[6.5,1.5,8.0,3.0],"rotation":0,"texture":"#0","tintindex":0}}}],"display":{"head":{"translation":[0.0,-6.4,0.0],"scale":[4.0,4.0,4.0]}}}