{"textures":{"0":"modelengine:entity/scarab"},"elements":[{"from":[7.0245104,6.4530816,7.428571],"to":[9.881653,8.738796,10.285714],"rotation":{"angle":0.0,"axis":"y","origin":[8.167368,6.4530816,7.428571]},"faces":{"east":{"uv":[2.5,0.0,5.0,2.0],"rotation":0,"texture":"#0","tintindex":0},"south":{"uv":[2.5,4.5,5.0,6.5],"rotation":0,"texture":"#0","tintindex":0},"north":{"uv":[2.5,2.5,5.0,4.5],"rotation":0,"texture":"#0","tintindex":0},"west":{"uv":[0.0,5.0,2.5,7.0],"rotation":0,"texture":"#0","tintindex":0},"up":{"uv":[2.5,2.5,0.0,0.0],"rotation":0,"texture":"#0","tintindex":0},"down":{"uv":[2.5,2.5,0.0,5.0],"rotation":0,"texture":"#0","tintindex":0}}},{"from":[7.0245104,6.4530816,6.285714],"to":[9.881653,8.167368,7.428571],"rotation":{"angle":0.0,"axis":"y","origin":[8.167368,6.4530816,7.428571]},"faces":{"east":{"uv":[1.5,7.0,2.5,8.5],"rotation":0,"texture":"#0","tintindex":0},"south":{"uv":[5.0,0.0,7.5,1.5],"rotation":0,"texture":"#0","tintindex":0},"north":{"uv":[5.0,5.0,7.5,6.5],"rotation":0,"texture":"#0","tintindex":0},"west":{"uv":[0.0,8.5,1.0,10.0],"rotation":0,"texture":"#0","tintindex":0},"up":{"uv":[7.5,4.5,5.0,3.5],"rotation":0,"texture":"#0","tintindex":0},"down":{"uv":[6.5,6.5,4.0,7.5],"rotation":0,"texture":"#0","tintindex":0}}},{"from":[7.428571,8.0,4.0],"to":[7.428571,10.285714,5.714286],"rotation":{"angle":45.0,"axis":"z","origin":[8.0,8.0,7.428571]},"faces":{"east":{"uv":[5.0,1.5,6.5,3.5],"rotation":0,"texture":"#0","tintindex":0},"south":{"uv":[0.0,0.0,0.0,2.0],"rotation":0,"texture":"#0","tintindex":0},"north":{"uv":[0.0,0.0,0.0,2.0],"rotation":0,"texture":"#0","tintindex":0},"west":{"uv":[2.5,6.5,4.0,8.5],"rotation":0,"texture":"#0","tintindex":0},"up":{"uv":[0.0,1.5,0.0,0.0],"rotation":0,"texture":"#0","tintindex":0},"down":{"uv":[0.0,0.0,0.0,1.5],"rotation":0,"texture":"#0","tintindex":0}}},{"from":[9.477592,8.0,4.0],"to":[9.477592,10.285714,5.714286],"rotation":{"angle":-45.0,"axis":"z","origin":[8.906164,8.0,7.428571]},"faces":{"east":{"uv":[4.0,6.5,2.5,8.5],"rotation":0,"texture":"#0","tintindex":0},"south":{"uv":[0.0,0.0,0.0,2.0],"rotation":0,"texture":"#0","tintindex":0},"north":{"uv":[0.0,0.0,0.0,2.0],"rotation":0,"texture":"#0","tintindex":0},"west":{"uv":[6.5,1.5,5.0,3.5],"rotation":0,"texture":"#0","tintindex":0},"up":{"uv":[0.0,1.5,0.0,0.0],"rotation":0,"texture":"#0","tintindex":0},"down":{"uv":[0.0,0.0,0.0,1.5],"rotation":0,"texture":"#0","tintindex":0}}},{"from":[7.595939,6.4530816,10.285714],"to":[9.310225,8.167368,10.857143],"rotation":{"angle":0.0,"axis":"y","origin":[8.167368,6.4530816,7.428571]},"faces":{"east":{"uv":[3.0,8.5,3.5,10.0],"rotation":0,"texture":"#0","tintindex":0},"south":{"uv":[4.0,7.5,5.5,9.0],"rotation":0,"texture":"#0","tintindex":0},"north":{"uv":[0.0,7.0,1.5,8.5],"rotation":0,"texture":"#0","tintindex":0},"west":{"uv":[3.5,8.5,4.0,10.0],"rotation":0,"texture":"#0","tintindex":0},"up":{"uv":[4.0,2.5,2.5,2.0],"rotation":0,"texture":"#0","tintindex":0},"down":{"uv":[6.5,4.5,5.0,5.0],"rotation":0,"texture":"#0","tintindex":0}}},{"from":[7.595939,6.4530816,5.142857],"to":[9.310225,7.595939,6.285714],"rotation":{"angle":0.0,"axis":"y","origin":[8.167368,6.4530816,7.428571]},"faces":{"east":{"uv":[1.0,8.5,2.0,9.5],"rotation":0,"texture":"#0","tintindex":0},"south":{"uv":[7.5,5.5,9.0,6.5],"rotation":0,"texture":"#0","tintindex":0},"north":{"uv":[7.5,4.5,9.0,5.5],"rotation":0,"texture":"#0","tintindex":0},"west":{"uv":[2.0,8.5,3.0,9.5],"rotation":0,"texture":"#0","tintindex":0},"up":{"uv":[7.0,9.0,5.5,8.0],"rotation":0,"texture":"#0","tintindex":0},"down":{"uv":[8.5,8.0,7.0,9.0],"rotation":0,"texture":"#0","tintindex":0}}}],"display":{"head":{"translation":[0.0,-6.4,0.0],"scale":[4.0,4.0,4.0]}}}