{"textures":{"0":"modelengine:entity/dirtdevil"},"elements":[{"from":[11.061468,8.0,1.7142854],"to":[11.061468,16.0,14.285715],"rotation":{"angle":-22.5,"axis":"z","origin":[11.061468,8.0,8.0]},"faces":{"east":{"uv":[5.5,7.0,11.0,10.5],"rotation":0,"texture":"#0","tintindex":0},"south":{"uv":[0.0,0.0,0.0,3.5],"rotation":0,"texture":"#0","tintindex":0},"north":{"uv":[0.0,0.0,0.0,3.5],"rotation":0,"texture":"#0","tintindex":0},"west":{"uv":[5.5,7.0,11.0,10.5],"rotation":0,"texture":"#0","tintindex":0},"up":{"uv":[0.0,0.0,0.0,5.5],"rotation":0,"texture":"#0","tintindex":0},"down":{"uv":[0.0,5.5,0.0,0.0],"rotation":0,"texture":"#0","tintindex":0}}},{"from":[4.9385324,8.0,1.7142854],"to":[4.9385324,16.0,14.285715],"rotation":{"angle":22.5,"axis":"z","origin":[4.9385324,8.0,8.0]},"faces":{"east":{"uv":[5.5,7.0,11.0,10.5],"rotation":0,"texture":"#0","tintindex":0},"south":{"uv":[0.0,0.0,0.0,3.5],"rotation":0,"texture":"#0","tintindex":0},"north":{"uv":[0.0,0.0,0.0,3.5],"rotation":0,"texture":"#0","tintindex":0},"west":{"uv":[5.5,7.0,11.0,10.5],"rotation":0,"texture":"#0","tintindex":0},"up":{"uv":[0.0,5.5,0.0,0.0],"rotation":0,"texture":"#0","tintindex":0},"down":{"uv":[0.0,0.0,0.0,5.5],"rotation":0,"texture":"#0","tintindex":0}}},{"from":[1.7142854,8.0,11.061468],"to":[14.285715,16.0,11.061468],"rotation":{"angle":22.5,"axis":"x","origin":[8.0,8.0,11.061468]},"faces":{"east":{"uv":[0.0,0.0,0.0,3.5],"rotation":0,"texture":"#0","tintindex":0},"south":{"uv":[11.0,7.0,5.5,10.5],"rotation":0,"texture":"#0","tintindex":0},"north":{"uv":[11.0,7.0,5.5,10.5],"rotation":0,"texture":"#0","tintindex":0},"west":{"uv":[0.0,0.0,0.0,3.5],"rotation":0,"texture":"#0","tintindex":0},"up":{"uv":[0.0,5.5,0.0,0.0],"rotation":90,"texture":"#0","tintindex":0},"down":{"uv":[0.0,0.0,0.0,5.5],"rotation":270,"texture":"#0","tintindex":0}}},{"from":[1.7142854,8.0,4.9385324],"to":[14.285715,16.0,4.9385324],"rotation":{"angle":-22.5,"axis":"x","origin":[8.0,8.0,4.9385324]},"faces":{"east":{"uv":[0.0,0.0,0.0,3.5],"rotation":0,"texture":"#0","tintindex":0},"south":{"uv":[11.0,7.0,5.5,10.5],"rotation":0,"texture":"#0","tintindex":0},"north":{"uv":[11.0,7.0,5.5,10.5],"rotation":0,"texture":"#0","tintindex":0},"west":{"uv":[0.0,0.0,0.0,3.5],"rotation":0,"texture":"#0","tintindex":0},"up":{"uv":[0.0,0.0,0.0,5.5],"rotation":90,"texture":"#0","tintindex":0},"down":{"uv":[0.0,5.5,0.0,0.0],"rotation":270,"texture":"#0","tintindex":0}}}],"display":{"head":{"translation":[0.0,-6.4,0.0],"scale":[4.0,4.0,4.0]}}}