{"textures":{"0":"modelengine:entity/wolf_main","1":"modelengine:entity/wolf_extra"},"elements":[{"from":[2.8571424,1.85074,4.6703806],"to":[13.142858,10.422169,9.241809],"rotation":{"angle":-22.5,"axis":"x","origin":[5.142857,7.565026,4.6703806]},"faces":{"east":{"uv":[0.0,7.5,1.0,9.375],"rotation":0,"texture":"#0","tintindex":0},"south":{"uv":[0.0,1.875,2.25,3.75],"rotation":0,"texture":"#0","tintindex":0},"north":{"uv":[0.0,0.0,2.25,1.875],"rotation":0,"texture":"#0","tintindex":0},"west":{"uv":[8.125,3.625,9.125,5.5],"rotation":0,"texture":"#0","tintindex":0},"up":{"uv":[3.5,6.875,1.25,5.875],"rotation":0,"texture":"#0","tintindex":0},"down":{"uv":[8.375,0.0,6.125,1.0],"rotation":0,"texture":"#0","tintindex":0}}},{"from":[6.285714,11.428572,-0.57142925],"to":[6.285714,16.0,13.714286],"rotation":{"angle":22.5,"axis":"z","origin":[8.571428,12.571428,1.1428566]},"faces":{"east":{"uv":[14.8,4.6,9.8,6.2],"rotation":0,"texture":"#1","tintindex":0},"south":{"uv":[0.0,0.0,0.0,1.6],"rotation":0,"texture":"#1","tintindex":0},"north":{"uv":[0.0,0.0,0.0,1.6],"rotation":0,"texture":"#1","tintindex":0},"west":{"uv":[9.8,4.6,14.8,6.2],"rotation":0,"texture":"#1","tintindex":0},"up":{"uv":[0.0,5.0,0.0,0.0],"rotation":0,"texture":"#1","tintindex":0},"down":{"uv":[0.0,0.0,0.0,5.0],"rotation":0,"texture":"#1","tintindex":0}}},{"from":[4.0,3.8200154,7.713454],"to":[12.0,12.391444,13.42774],"rotation":{"angle":0.0,"axis":"y","origin":[5.142857,9.534302,7.713454]},"faces":{"east":{"uv":[5.5,5.375,6.75,7.25],"rotation":0,"texture":"#0","tintindex":0},"south":{"uv":[1.75,4.0,3.5,5.875],"rotation":0,"texture":"#0","tintindex":0},"north":{"uv":[0.0,3.75,1.75,5.625],"rotation":0,"texture":"#0","tintindex":0},"west":{"uv":[0.0,5.625,1.25,7.5],"rotation":0,"texture":"#0","tintindex":0},"up":{"uv":[8.125,8.625,6.375,7.375],"rotation":0,"texture":"#0","tintindex":0},"down":{"uv":[9.25,1.0,7.5,2.25],"rotation":0,"texture":"#0","tintindex":0}}},{"from":[9.714286,11.428572,-0.57142925],"to":[9.714286,16.0,13.714286],"rotation":{"angle":-22.5,"axis":"z","origin":[7.428571,12.571428,1.1428566]},"faces":{"east":{"uv":[14.8,4.6,9.8,6.2],"rotation":0,"texture":"#1","tintindex":0},"south":{"uv":[0.0,0.0,0.0,1.6],"rotation":0,"texture":"#1","tintindex":0},"north":{"uv":[0.0,0.0,0.0,1.6],"rotation":0,"texture":"#1","tintindex":0},"west":{"uv":[9.8,4.6,14.8,6.2],"rotation":0,"texture":"#1","tintindex":0},"up":{"uv":[0.0,5.0,0.0,0.0],"rotation":0,"texture":"#1","tintindex":0},"down":{"uv":[0.0,0.0,0.0,5.0],"rotation":0,"texture":"#1","tintindex":0}}},{"from":[8.0,0.0,-1.1428576],"to":[8.0,3.4285712,8.0],"rotation":{"angle":0.0,"axis":"y","origin":[5.714286,0.0,0.5714283]},"faces":{"east":{"uv":[15.4,10.6,12.2,11.8],"rotation":0,"texture":"#1","tintindex":0},"south":{"uv":[0.0,0.0,0.0,1.2],"rotation":0,"texture":"#1","tintindex":0},"north":{"uv":[0.0,0.0,0.0,1.2],"rotation":0,"texture":"#1","tintindex":0},"west":{"uv":[12.2,10.6,15.4,11.8],"rotation":0,"texture":"#1","tintindex":0},"up":{"uv":[0.0,3.2,0.0,0.0],"rotation":0,"texture":"#1","tintindex":0},"down":{"uv":[0.0,0.0,0.0,3.2],"rotation":0,"texture":"#1","tintindex":0}}},{"from":[3.4285712,2.2857141,1.1428566],"to":[12.571428,11.428572,6.857143],"rotation":{"angle":0.0,"axis":"y","origin":[5.142857,8.0,1.1428566]},"faces":{"east":{"uv":[4.25,1.375,5.5,3.375],"rotation":0,"texture":"#0","tintindex":0},"south":{"uv":[2.25,2.0,4.25,4.0],"rotation":0,"texture":"#0","tintindex":0},"north":{"uv":[2.25,0.0,4.25,2.0],"rotation":0,"texture":"#0","tintindex":0},"west":{"uv":[5.375,3.375,6.625,5.375],"rotation":0,"texture":"#0","tintindex":0},"up":{"uv":[5.5,6.625,3.5,5.375],"rotation":0,"texture":"#0","tintindex":0},"down":{"uv":[7.5,1.375,5.5,2.625],"rotation":0,"texture":"#0","tintindex":0}}}],"display":{"head":{"translation":[0.0,-6.4,0.0],"scale":[4.0,4.0,4.0]}}}