{"textures":{"0":"modelengine:entity/wolf_main","1":"modelengine:entity/wolf_extra"},"elements":[{"from":[4.5714283,4.92537,7.950524],"to":[11.428572,11.782513,12.521954],"rotation":{"angle":0.0,"axis":"y","origin":[5.142857,8.92537,7.950524]},"faces":{"east":{"uv":[5.125,8.875,6.125,10.375],"rotation":0,"texture":"#0","tintindex":0},"south":{"uv":[3.5,6.625,5.0,8.125],"rotation":0,"texture":"#0","tintindex":0},"north":{"uv":[6.625,2.625,8.125,4.125],"rotation":0,"texture":"#0","tintindex":0},"west":{"uv":[7.5,8.875,8.5,10.375],"rotation":0,"texture":"#0","tintindex":0},"up":{"uv":[9.875,1.0,8.375,0.0],"rotation":0,"texture":"#0","tintindex":0},"down":{"uv":[10.0,8.875,8.5,9.875],"rotation":0,"texture":"#0","tintindex":0}}},{"from":[4.5714283,4.584226,14.725098],"to":[11.428572,10.869941,18.153667],"rotation":{"angle":45.0,"axis":"x","origin":[5.142857,8.012798,14.725098]},"faces":{"east":{"uv":[4.125,10.25,4.875,11.625],"rotation":0,"texture":"#0","tintindex":0},"south":{"uv":[2.625,8.125,4.0,9.5],"rotation":0,"texture":"#0","tintindex":0},"north":{"uv":[8.125,2.25,9.5,3.625],"rotation":0,"texture":"#0","tintindex":0},"west":{"uv":[4.875,10.375,5.625,11.75],"rotation":0,"texture":"#0","tintindex":0},"up":{"uv":[11.25,0.75,9.875,0.0],"rotation":0,"texture":"#0","tintindex":0},"down":{"uv":[11.375,6.375,10.0,7.125],"rotation":0,"texture":"#0","tintindex":0}}},{"from":[6.285714,5.714286,9.142858],"to":[6.285714,14.285715,17.714287],"rotation":{"angle":22.5,"axis":"x","origin":[1.7142854,9.142858,11.428572]},"faces":{"east":{"uv":[12.8,0.0,9.8,3.0],"rotation":0,"texture":"#1","tintindex":0},"south":{"uv":[0.0,0.0,0.0,3.0],"rotation":0,"texture":"#1","tintindex":0},"north":{"uv":[0.0,0.0,0.0,3.0],"rotation":0,"texture":"#1","tintindex":0},"west":{"uv":[9.8,0.0,12.8,3.0],"rotation":0,"texture":"#1","tintindex":0},"up":{"uv":[0.0,3.0,0.0,0.0],"rotation":0,"texture":"#1","tintindex":0},"down":{"uv":[0.0,0.0,0.0,3.0],"rotation":0,"texture":"#1","tintindex":0}}},{"from":[8.0,2.8571424,8.0],"to":[8.0,6.285714,16.57143],"rotation":{"angle":22.5,"axis":"x","origin":[3.4285712,4.5714283,11.428572]},"faces":{"east":{"uv":[9.8,1.8,12.8,3.0],"rotation":0,"texture":"#1","tintindex":0},"south":{"uv":[0.0,0.0,0.0,1.2],"rotation":0,"texture":"#1","tintindex":0},"north":{"uv":[0.0,0.0,0.0,1.2],"rotation":0,"texture":"#1","tintindex":0},"west":{"uv":[9.8,1.8,12.8,3.0],"rotation":0,"texture":"#1","tintindex":0},"up":{"uv":[0.0,0.0,0.0,3.0],"rotation":0,"texture":"#1","tintindex":0},"down":{"uv":[0.0,0.0,0.0,3.0],"rotation":0,"texture":"#1","tintindex":0}}},{"from":[4.0,5.714286,11.428572],"to":[12.571428,12.0,16.0],"rotation":{"angle":22.5,"axis":"x","origin":[5.142857,9.142858,11.428572]},"faces":{"east":{"uv":[0.0,9.375,1.0,10.75],"rotation":0,"texture":"#0","tintindex":0},"south":{"uv":[4.25,0.0,6.125,1.375],"rotation":0,"texture":"#0","tintindex":0},"north":{"uv":[3.5,4.0,5.375,5.375],"rotation":0,"texture":"#0","tintindex":0},"west":{"uv":[9.5,2.125,10.5,3.5],"rotation":0,"texture":"#0","tintindex":0},"up":{"uv":[10.0,6.5,8.125,5.5],"rotation":0,"texture":"#0","tintindex":0},"down":{"uv":[10.0,6.5,8.125,7.5],"rotation":0,"texture":"#0","tintindex":0}}},{"from":[9.714286,5.714286,9.142858],"to":[9.714286,14.285715,17.714287],"rotation":{"angle":22.5,"axis":"x","origin":[5.142857,9.142858,11.428572]},"faces":{"east":{"uv":[12.8,0.0,9.8,3.0],"rotation":0,"texture":"#1","tintindex":0},"south":{"uv":[0.0,0.0,0.0,3.0],"rotation":0,"texture":"#1","tintindex":0},"north":{"uv":[0.0,0.0,0.0,3.0],"rotation":0,"texture":"#1","tintindex":0},"west":{"uv":[9.8,0.0,12.8,3.0],"rotation":0,"texture":"#1","tintindex":0},"up":{"uv":[0.0,0.0,0.0,3.0],"rotation":0,"texture":"#1","tintindex":0},"down":{"uv":[0.0,0.0,0.0,3.0],"rotation":0,"texture":"#1","tintindex":0}}}],"display":{"head":{"translation":[0.0,-6.4,0.0],"scale":[4.0,4.0,4.0]}}}