{"textures":{"0":"modelengine:entity/wolf_main","1":"modelengine:entity/wolf_extra"},"elements":[{"from":[5.714286,6.285714,-1.7142859],"to":[9.142858,6.857143,-1.7142859],"rotation":{"angle":0.0,"axis":"y","origin":[12.571428,6.285714,-1.7142859]},"faces":{"east":{"uv":[0.0,0.0,0.0,0.2],"rotation":0,"texture":"#1","tintindex":0},"south":{"uv":[12.2,11.8,13.4,12.0],"rotation":0,"texture":"#1","tintindex":0},"north":{"uv":[8.4,12.0,9.6,12.2],"rotation":0,"texture":"#1","tintindex":0},"west":{"uv":[0.0,0.0,0.0,0.2],"rotation":0,"texture":"#1","tintindex":0},"up":{"uv":[1.2,0.0,0.0,0.0],"rotation":0,"texture":"#1","tintindex":0},"down":{"uv":[1.2,0.0,0.0,0.0],"rotation":0,"texture":"#1","tintindex":0}}},{"from":[5.7154284,6.285714,1.7142854],"to":[9.138286,8.571428,4.0],"rotation":{"angle":-22.5,"axis":"x","origin":[9.142858,5.714286,0.0]},"faces":{"east":{"uv":[12.5,11.125,13.25,11.625],"rotation":0,"texture":"#0","tintindex":0},"south":{"uv":[11.625,12.5,12.375,13.0],"rotation":0,"texture":"#0","tintindex":0},"north":{"uv":[12.5,10.625,13.25,11.125],"rotation":0,"texture":"#0","tintindex":0},"west":{"uv":[12.5,11.625,13.25,12.125],"rotation":0,"texture":"#0","tintindex":0},"up":{"uv":[9.875,5.3,9.125,4.75],"rotation":0,"texture":"#0","tintindex":0},"down":{"uv":[11.25,2.75,10.5,3.5],"rotation":0,"texture":"#0","tintindex":0}}},{"from":[4.3389406,9.714286,3.8039165],"to":[6.624655,12.0,4.375345],"rotation":{"angle":22.5,"axis":"z","origin":[2.0532255,10.857143,5.5182023]},"faces":{"east":{"uv":[3.375,7.5,3.5,8.0],"rotation":0,"texture":"#0","tintindex":0},"south":{"uv":[13.125,7.375,13.625,7.875],"rotation":0,"texture":"#0","tintindex":0},"north":{"uv":[7.25,13.125,7.75,13.625],"rotation":0,"texture":"#0","tintindex":0},"west":{"uv":[9.875,4.75,10.0,5.25],"rotation":0,"texture":"#0","tintindex":0},"up":{"uv":[2.25,3.875,1.75,3.75],"rotation":0,"texture":"#0","tintindex":0},"down":{"uv":[2.25,3.875,1.75,4.0],"rotation":0,"texture":"#0","tintindex":0}}},{"from":[5.714286,6.285714,1.1428566],"to":[5.714286,6.857143,1.7142854],"rotation":{"angle":0.0,"axis":"y","origin":[9.142858,6.285714,0.0]},"faces":{"east":{"uv":[6.4,10.0,6.6,10.2],"rotation":0,"texture":"#1","tintindex":0},"south":{"uv":[0.0,0.0,0.0,0.2],"rotation":0,"texture":"#1","tintindex":0},"north":{"uv":[0.0,0.0,0.0,0.2],"rotation":0,"texture":"#1","tintindex":0},"west":{"uv":[6.6,10.0,6.8,10.2],"rotation":0,"texture":"#1","tintindex":0},"up":{"uv":[0.0,0.2,0.0,0.0],"rotation":0,"texture":"#1","tintindex":0},"down":{"uv":[0.0,0.0,0.0,0.2],"rotation":0,"texture":"#1","tintindex":0}}},{"from":[5.714286,6.857143,-1.7142859],"to":[9.142858,9.142858,2.2857141],"rotation":{"angle":0.0,"axis":"y","origin":[9.142858,6.285714,-1.1428576]},"faces":{"east":{"uv":[12.375,8.875,13.25,9.375],"rotation":0,"texture":"#0","tintindex":0},"south":{"uv":[12.625,1.125,13.375,1.625],"rotation":0,"texture":"#0","tintindex":0},"north":{"uv":[12.625,0.625,13.375,1.125],"rotation":0,"texture":"#0","tintindex":0},"west":{"uv":[9.0,12.375,9.875,12.875],"rotation":0,"texture":"#0","tintindex":0},"up":{"uv":[12.0,3.375,11.25,2.5],"rotation":0,"texture":"#0","tintindex":0},"down":{"uv":[11.125,11.375,10.375,12.25],"rotation":0,"texture":"#0","tintindex":0}}},{"from":[8.803917,9.714286,4.946971],"to":[9.946774,12.571428,5.5183997],"rotation":{"angle":-22.5,"axis":"z","origin":[12.803917,10.857143,7.232488]},"faces":{"east":{"uv":[6.625,4.75,6.75,5.375],"rotation":0,"texture":"#0","tintindex":0},"south":{"uv":[1.625,13.5,1.875,14.125],"rotation":0,"texture":"#0","tintindex":0},"north":{"uv":[10.625,13.375,10.875,14.0],"rotation":0,"texture":"#0","tintindex":0},"west":{"uv":[3.375,6.875,3.5,7.5],"rotation":0,"texture":"#0","tintindex":0},"up":{"uv":[8.0,8.875,7.75,8.75],"rotation":0,"texture":"#0","tintindex":0},"down":{"uv":[9.5,2.125,9.25,2.25],"rotation":0,"texture":"#0","tintindex":0}}},{"from":[9.142858,6.285714,1.1428566],"to":[9.142858,6.857143,1.7142854],"rotation":{"angle":0.0,"axis":"y","origin":[12.571428,6.285714,0.0]},"faces":{"east":{"uv":[5.8,12.0,6.0,12.2],"rotation":0,"texture":"#1","tintindex":0},"south":{"uv":[0.0,0.0,0.0,0.2],"rotation":0,"texture":"#1","tintindex":0},"north":{"uv":[0.0,0.0,0.0,0.2],"rotation":0,"texture":"#1","tintindex":0},"west":{"uv":[9.6,12.0,9.8,12.2],"rotation":0,"texture":"#1","tintindex":0},"up":{"uv":[0.0,0.2,0.0,0.0],"rotation":0,"texture":"#1","tintindex":0},"down":{"uv":[0.0,0.0,0.0,0.2],"rotation":0,"texture":"#1","tintindex":0}}},{"from":[11.624655,5.142857,6.6610594],"to":[11.624655,13.714286,13.518203],"rotation":{"angle":45.0,"axis":"y","origin":[7.053226,6.285714,8.375345]},"faces":{"east":{"uv":[6.0,10.2,8.4,13.2],"rotation":0,"texture":"#1","tintindex":0},"south":{"uv":[0.0,0.0,0.0,3.0],"rotation":0,"texture":"#1","tintindex":0},"north":{"uv":[0.0,0.0,0.0,3.0],"rotation":0,"texture":"#1","tintindex":0},"west":{"uv":[8.4,10.2,6.0,13.2],"rotation":0,"texture":"#1","tintindex":0},"up":{"uv":[0.0,2.4,0.0,0.0],"rotation":0,"texture":"#1","tintindex":0},"down":{"uv":[0.0,0.0,0.0,2.4],"rotation":0,"texture":"#1","tintindex":0}}},{"from":[4.5714283,6.857143,2.2857141],"to":[10.285714,12.0,7.428571],"rotation":{"angle":0.0,"axis":"y","origin":[9.142858,6.285714,2.2857141]},"faces":{"east":{"uv":[1.0,9.875,2.125,11.0],"rotation":0,"texture":"#0","tintindex":0},"south":{"uv":[9.25,1.0,10.5,2.125],"rotation":0,"texture":"#0","tintindex":0},"north":{"uv":[9.125,3.625,10.375,4.75],"rotation":0,"texture":"#0","tintindex":0},"west":{"uv":[8.5,9.875,9.625,11.0],"rotation":0,"texture":"#0","tintindex":0},"up":{"uv":[10.5,8.625,9.25,7.5],"rotation":0,"texture":"#0","tintindex":0},"down":{"uv":[3.375,9.5,2.125,10.625],"rotation":0,"texture":"#0","tintindex":0}}},{"from":[5.714286,4.5714283,2.2857141],"to":[9.142858,6.857143,7.428571],"rotation":{"angle":0.0,"axis":"y","origin":[7.428571,0.5714283,2.2857141]},"faces":{"east":{"uv":[4.25,3.375,5.375,3.875],"rotation":0,"texture":"#0","tintindex":0},"south":{"uv":[2.125,12.625,2.875,13.125],"rotation":0,"texture":"#0","tintindex":0},"north":{"uv":[1.375,12.625,2.125,13.125],"rotation":0,"texture":"#0","tintindex":0},"west":{"uv":[11.625,4.375,12.75,4.875],"rotation":0,"texture":"#0","tintindex":0},"up":{"uv":[11.5,6.375,10.75,5.25],"rotation":0,"texture":"#0","tintindex":0},"down":{"uv":[1.625,11.0,0.875,12.125],"rotation":0,"texture":"#0","tintindex":0}}},{"from":[4.910369,9.714286,4.946971],"to":[6.053226,12.571428,5.5183997],"rotation":{"angle":22.5,"axis":"z","origin":[2.0532255,10.857143,7.232488]},"faces":{"east":{"uv":[6.5,2.625,6.625,3.25],"rotation":0,"texture":"#0","tintindex":0},"south":{"uv":[9.375,13.375,9.625,14.0],"rotation":0,"texture":"#0","tintindex":0},"north":{"uv":[7.0,13.375,7.25,14.0],"rotation":0,"texture":"#0","tintindex":0},"west":{"uv":[6.625,4.125,6.75,4.75],"rotation":0,"texture":"#0","tintindex":0},"up":{"uv":[6.625,7.375,6.375,7.25],"rotation":0,"texture":"#0","tintindex":0},"down":{"uv":[8.0,8.625,7.75,8.75],"rotation":0,"texture":"#0","tintindex":0}}},{"from":[8.232489,9.714286,3.8039165],"to":[10.518203,12.0,4.375345],"rotation":{"angle":-22.5,"axis":"z","origin":[12.803917,10.857143,5.5182023]},"faces":{"east":{"uv":[8.375,10.375,8.5,10.875],"rotation":0,"texture":"#0","tintindex":0},"south":{"uv":[13.125,8.375,13.625,8.875],"rotation":0,"texture":"#0","tintindex":0},"north":{"uv":[13.125,7.875,13.625,8.375],"rotation":0,"texture":"#0","tintindex":0},"west":{"uv":[11.75,1.0,11.875,1.5],"rotation":0,"texture":"#0","tintindex":0},"up":{"uv":[4.75,4.0,4.25,3.875],"rotation":0,"texture":"#0","tintindex":0},"down":{"uv":[5.25,3.875,4.75,4.0],"rotation":0,"texture":"#0","tintindex":0}}},{"from":[9.142858,6.285714,0.0],"to":[9.142858,6.857143,0.5714283],"rotation":{"angle":0.0,"axis":"y","origin":[12.571428,6.285714,-1.1428576]},"faces":{"east":{"uv":[5.8,11.8,6.0,12.0],"rotation":0,"texture":"#1","tintindex":0},"south":{"uv":[0.0,0.0,0.0,0.2],"rotation":0,"texture":"#1","tintindex":0},"north":{"uv":[0.0,0.0,0.0,0.2],"rotation":0,"texture":"#1","tintindex":0},"west":{"uv":[9.6,11.8,9.8,12.0],"rotation":0,"texture":"#1","tintindex":0},"up":{"uv":[0.0,0.2,0.0,0.0],"rotation":0,"texture":"#1","tintindex":0},"down":{"uv":[0.0,0.0,0.0,0.2],"rotation":0,"texture":"#1","tintindex":0}}},{"from":[5.714286,5.714286,-1.7142859],"to":[5.714286,6.857143,-0.57142925],"rotation":{"angle":0.0,"axis":"y","origin":[9.142858,6.285714,-1.7142859]},"faces":{"east":{"uv":[6.8,8.8,6.4,9.2],"rotation":0,"texture":"#1","tintindex":0},"south":{"uv":[0.0,0.0,0.0,0.4],"rotation":0,"texture":"#1","tintindex":0},"north":{"uv":[0.0,0.0,0.0,0.4],"rotation":0,"texture":"#1","tintindex":0},"west":{"uv":[6.4,8.8,6.8,9.2],"rotation":0,"texture":"#1","tintindex":0},"up":{"uv":[0.0,0.4,0.0,0.0],"rotation":0,"texture":"#1","tintindex":0},"down":{"uv":[0.0,0.0,0.0,0.4],"rotation":0,"texture":"#1","tintindex":0}}},{"from":[8.803917,9.714286,3.8041139],"to":[9.946774,13.142858,4.946971],"rotation":{"angle":-22.5,"axis":"z","origin":[12.803917,10.857143,6.089631]},"faces":{"east":{"uv":[5.125,13.25,5.375,14.0],"rotation":0,"texture":"#0","tintindex":0},"south":{"uv":[13.25,11.125,13.5,11.875],"rotation":0,"texture":"#0","tintindex":0},"north":{"uv":[11.375,13.125,11.625,13.875],"rotation":0,"texture":"#0","tintindex":0},"west":{"uv":[13.25,11.875,13.5,12.625],"rotation":0,"texture":"#0","tintindex":0},"up":{"uv":[1.25,8.5,1.0,8.25],"rotation":0,"texture":"#0","tintindex":0},"down":{"uv":[7.75,8.625,7.5,8.875],"rotation":0,"texture":"#0","tintindex":0}}},{"from":[3.2324882,5.142857,6.6610594],"to":[3.2324882,13.714286,13.518203],"rotation":{"angle":-45.0,"axis":"y","origin":[7.803917,6.285714,8.375345]},"faces":{"east":{"uv":[12.2,9.2,9.8,12.2],"rotation":0,"texture":"#1","tintindex":0},"south":{"uv":[0.0,0.0,0.0,3.0],"rotation":0,"texture":"#1","tintindex":0},"north":{"uv":[0.0,0.0,0.0,3.0],"rotation":0,"texture":"#1","tintindex":0},"west":{"uv":[9.8,9.2,12.2,12.2],"rotation":0,"texture":"#1","tintindex":0},"up":{"uv":[0.0,2.4,0.0,0.0],"rotation":0,"texture":"#1","tintindex":0},"down":{"uv":[0.0,0.0,0.0,2.4],"rotation":0,"texture":"#1","tintindex":0}}},{"from":[5.714286,6.285714,0.0],"to":[5.714286,6.857143,0.5714283],"rotation":{"angle":0.0,"axis":"y","origin":[9.142858,6.285714,-1.1428576]},"faces":{"east":{"uv":[9.4,11.2,9.6,11.4],"rotation":0,"texture":"#1","tintindex":0},"south":{"uv":[0.0,0.0,0.0,0.2],"rotation":0,"texture":"#1","tintindex":0},"north":{"uv":[0.0,0.0,0.0,0.2],"rotation":0,"texture":"#1","tintindex":0},"west":{"uv":[9.6,11.2,9.8,11.4],"rotation":0,"texture":"#1","tintindex":0},"up":{"uv":[0.0,0.2,0.0,0.0],"rotation":0,"texture":"#1","tintindex":0},"down":{"uv":[0.0,0.0,0.0,0.2],"rotation":0,"texture":"#1","tintindex":0}}},{"from":[4.910369,9.714286,3.8041139],"to":[6.053226,13.142858,4.946971],"rotation":{"angle":22.5,"axis":"z","origin":[2.0532255,10.857143,6.089631]},"faces":{"east":{"uv":[6.125,8.875,6.375,9.625],"rotation":0,"texture":"#0","tintindex":0},"south":{"uv":[5.875,11.75,6.125,12.5],"rotation":0,"texture":"#0","tintindex":0},"north":{"uv":[1.0,7.5,1.25,8.25],"rotation":0,"texture":"#0","tintindex":0},"west":{"uv":[9.625,12.875,9.875,13.625],"rotation":0,"texture":"#0","tintindex":0},"up":{"uv":[1.5,5.875,1.25,5.625],"rotation":0,"texture":"#0","tintindex":0},"down":{"uv":[1.75,5.625,1.5,5.875],"rotation":0,"texture":"#0","tintindex":0}}},{"from":[9.142858,5.714286,-1.7142859],"to":[9.142858,6.857143,-0.57142925],"rotation":{"angle":0.0,"axis":"y","origin":[12.571428,6.285714,-1.7142859]},"faces":{"east":{"uv":[6.0,9.2,6.4,9.6],"rotation":0,"texture":"#1","tintindex":0},"south":{"uv":[0.0,0.0,0.0,0.4],"rotation":0,"texture":"#1","tintindex":0},"north":{"uv":[0.0,0.0,0.0,0.4],"rotation":0,"texture":"#1","tintindex":0},"west":{"uv":[6.4,9.2,6.0,9.6],"rotation":0,"texture":"#1","tintindex":0},"up":{"uv":[0.0,0.4,0.0,0.0],"rotation":0,"texture":"#1","tintindex":0},"down":{"uv":[0.0,0.0,0.0,0.4],"rotation":0,"texture":"#1","tintindex":0}}}],"display":{"head":{"translation":[0.0,-6.4,0.0],"scale":[4.0,4.0,4.0]}}}