{"textures":{"0":"modelengine:entity/wolf_main","1":"modelengine:entity/wolf_extra"},"elements":[{"from":[7.428571,2.1129136,7.1312733],"to":[7.428571,11.8272,15.7027025],"rotation":{"angle":-22.5,"axis":"x","origin":[8.0,8.398628,4.274131]},"faces":{"east":{"uv":[9.8,3.4,6.8,6.8],"rotation":0,"texture":"#1","tintindex":0},"south":{"uv":[0.0,0.0,0.0,3.4],"rotation":0,"texture":"#1","tintindex":0},"north":{"uv":[0.0,0.0,0.0,3.4],"rotation":0,"texture":"#1","tintindex":0},"west":{"uv":[6.8,3.4,9.8,6.8],"rotation":0,"texture":"#1","tintindex":0},"up":{"uv":[0.0,3.0,0.0,0.0],"rotation":0,"texture":"#1","tintindex":0},"down":{"uv":[0.0,0.0,0.0,3.0],"rotation":0,"texture":"#1","tintindex":0}}},{"from":[6.857143,-1.1428576,6.285714],"to":[6.857143,5.142857,11.428572],"rotation":{"angle":0.0,"axis":"y","origin":[7.428571,1.1428566,7.428571]},"faces":{"east":{"uv":[14.0,6.2,12.2,8.4],"rotation":0,"texture":"#1","tintindex":0},"south":{"uv":[0.0,0.0,0.0,2.2],"rotation":0,"texture":"#1","tintindex":0},"north":{"uv":[0.0,0.0,0.0,2.2],"rotation":0,"texture":"#1","tintindex":0},"west":{"uv":[12.2,6.2,14.0,8.4],"rotation":0,"texture":"#1","tintindex":0},"up":{"uv":[0.0,1.8,0.0,0.0],"rotation":0,"texture":"#1","tintindex":0},"down":{"uv":[0.0,0.0,0.0,1.8],"rotation":0,"texture":"#1","tintindex":0}}},{"from":[5.714286,0.5714283,6.285714],"to":[9.142858,5.142857,9.142858],"rotation":{"angle":0.0,"axis":"y","origin":[8.0,0.5714283,6.857143]},"faces":{"east":{"uv":[2.125,11.625,2.75,12.625],"rotation":0,"texture":"#0","tintindex":0},"south":{"uv":[11.125,8.125,11.875,9.125],"rotation":0,"texture":"#0","tintindex":0},"north":{"uv":[8.375,11.0,9.125,12.0],"rotation":0,"texture":"#0","tintindex":0},"west":{"uv":[2.75,11.625,3.375,12.625],"rotation":0,"texture":"#0","tintindex":0},"up":{"uv":[11.125,12.875,10.375,12.25],"rotation":0,"texture":"#0","tintindex":0},"down":{"uv":[13.125,0.0,12.375,0.625],"rotation":0,"texture":"#0","tintindex":0}}},{"from":[6.285714,3.8271995,4.274131],"to":[8.571428,10.112914,9.416988],"rotation":{"angle":-22.5,"axis":"x","origin":[8.0,10.112914,4.845559]},"faces":{"east":{"uv":[8.125,7.5,9.25,8.875],"rotation":0,"texture":"#0","tintindex":0},"south":{"uv":[1.625,11.0,2.125,12.375],"rotation":0,"texture":"#0","tintindex":0},"north":{"uv":[5.625,10.375,6.125,11.75],"rotation":0,"texture":"#0","tintindex":0},"west":{"uv":[1.0,8.5,2.125,9.875],"rotation":0,"texture":"#0","tintindex":0},"up":{"uv":[5.875,12.875,5.375,11.75],"rotation":0,"texture":"#0","tintindex":0},"down":{"uv":[7.25,11.75,6.75,12.875],"rotation":0,"texture":"#0","tintindex":0}}}],"display":{"head":{"translation":[0.0,-6.4,0.0],"scale":[4.0,4.0,4.0]}}}