{"textures":{"0":"modelengine:entity/wolf_main","1":"modelengine:entity/wolf_extra"},"elements":[{"from":[9.142858,-1.1428576,6.285714],"to":[9.142858,5.142857,11.428572],"rotation":{"angle":0.0,"axis":"y","origin":[8.0,0.5714283,6.857143]},"faces":{"east":{"uv":[8.4,12.2,10.2,14.4],"rotation":0,"texture":"#1","tintindex":0},"south":{"uv":[0.0,0.0,0.0,2.2],"rotation":0,"texture":"#1","tintindex":0},"north":{"uv":[0.0,0.0,0.0,2.2],"rotation":0,"texture":"#1","tintindex":0},"west":{"uv":[10.2,12.2,8.4,14.4],"rotation":0,"texture":"#1","tintindex":0},"up":{"uv":[0.0,1.8,0.0,0.0],"rotation":0,"texture":"#1","tintindex":0},"down":{"uv":[0.0,0.0,0.0,1.8],"rotation":0,"texture":"#1","tintindex":0}}},{"from":[7.428571,3.8271995,4.274131],"to":[9.714286,10.112914,9.416988],"rotation":{"angle":-22.5,"axis":"x","origin":[8.0,10.112914,4.845559]},"faces":{"east":{"uv":[6.375,8.625,7.5,10.0],"rotation":0,"texture":"#0","tintindex":0},"south":{"uv":[11.375,6.375,11.875,7.75],"rotation":0,"texture":"#0","tintindex":0},"north":{"uv":[9.125,11.0,9.625,12.375],"rotation":0,"texture":"#0","tintindex":0},"west":{"uv":[4.0,8.875,5.125,10.25],"rotation":0,"texture":"#0","tintindex":0},"up":{"uv":[12.375,8.75,11.875,7.625],"rotation":0,"texture":"#0","tintindex":0},"down":{"uv":[12.375,8.75,11.875,9.875],"rotation":0,"texture":"#0","tintindex":0}}},{"from":[6.857143,0.5714283,6.285714],"to":[10.285714,5.142857,9.142858],"rotation":{"angle":0.0,"axis":"y","origin":[8.0,0.5714283,6.857143]},"faces":{"east":{"uv":[6.125,11.625,6.75,12.625],"rotation":0,"texture":"#0","tintindex":0},"south":{"uv":[11.25,1.5,12.0,2.5],"rotation":0,"texture":"#0","tintindex":0},"north":{"uv":[11.125,11.125,11.875,12.125],"rotation":0,"texture":"#0","tintindex":0},"west":{"uv":[0.0,11.75,0.625,12.75],"rotation":0,"texture":"#0","tintindex":0},"up":{"uv":[13.125,8.25,12.375,7.625],"rotation":0,"texture":"#0","tintindex":0},"down":{"uv":[13.125,8.25,12.375,8.875],"rotation":0,"texture":"#0","tintindex":0}}},{"from":[8.571428,2.1129136,7.1312733],"to":[8.571428,11.8272,15.7027025],"rotation":{"angle":-22.5,"axis":"x","origin":[8.0,8.398628,4.274131]},"faces":{"east":{"uv":[6.8,6.8,9.8,10.2],"rotation":0,"texture":"#1","tintindex":0},"south":{"uv":[0.0,0.0,0.0,3.4],"rotation":0,"texture":"#1","tintindex":0},"north":{"uv":[0.0,0.0,0.0,3.4],"rotation":0,"texture":"#1","tintindex":0},"west":{"uv":[9.8,6.8,6.8,10.2],"rotation":0,"texture":"#1","tintindex":0},"up":{"uv":[0.0,3.0,0.0,0.0],"rotation":0,"texture":"#1","tintindex":0},"down":{"uv":[0.0,0.0,0.0,3.0],"rotation":0,"texture":"#1","tintindex":0}}}],"display":{"head":{"translation":[0.0,-6.4,0.0],"scale":[4.0,4.0,4.0]}}}