{"textures":{"0":"modelengine:entity/wolf_main","1":"modelengine:entity/wolf_extra"},"elements":[{"from":[8.571428,0.39862776,3.702702],"to":[8.571428,12.970057,13.416988],"rotation":{"angle":-22.5,"axis":"x","origin":[7.428571,10.112914,4.274131]},"faces":{"east":{"uv":[0.0,4.4,3.4,8.8],"rotation":0,"texture":"#1","tintindex":0},"south":{"uv":[0.0,0.0,0.0,4.4],"rotation":0,"texture":"#1","tintindex":0},"north":{"uv":[0.0,0.0,0.0,4.4],"rotation":0,"texture":"#1","tintindex":0},"west":{"uv":[3.4,4.4,0.0,8.8],"rotation":0,"texture":"#1","tintindex":0},"up":{"uv":[0.0,3.4,0.0,0.0],"rotation":0,"texture":"#1","tintindex":0},"down":{"uv":[0.0,0.0,0.0,3.4],"rotation":0,"texture":"#1","tintindex":0}}},{"from":[9.142858,-0.57142925,7.428571],"to":[9.142858,5.142857,12.0],"rotation":{"angle":0.0,"axis":"y","origin":[8.0,0.5714283,8.571428]},"faces":{"east":{"uv":[10.2,13.4,11.8,15.4],"rotation":0,"texture":"#1","tintindex":0},"south":{"uv":[0.0,0.0,0.0,2.0],"rotation":0,"texture":"#1","tintindex":0},"north":{"uv":[0.0,0.0,0.0,2.0],"rotation":0,"texture":"#1","tintindex":0},"west":{"uv":[11.8,13.4,10.2,15.4],"rotation":0,"texture":"#1","tintindex":0},"up":{"uv":[0.0,1.6,0.0,0.0],"rotation":0,"texture":"#1","tintindex":0},"down":{"uv":[0.0,0.0,0.0,1.6],"rotation":0,"texture":"#1","tintindex":0}}},{"from":[7.428571,2.6843424,3.702702],"to":[10.857143,10.112914,9.988417],"rotation":{"angle":-22.5,"axis":"x","origin":[8.0,10.112914,4.274131]},"faces":{"east":{"uv":[1.25,6.875,2.625,8.5],"rotation":0,"texture":"#0","tintindex":0},"south":{"uv":[3.375,10.25,4.125,11.875],"rotation":0,"texture":"#0","tintindex":0},"north":{"uv":[6.125,10.0,6.875,11.625],"rotation":0,"texture":"#0","tintindex":0},"west":{"uv":[5.0,7.25,6.375,8.875],"rotation":0,"texture":"#0","tintindex":0},"up":{"uv":[11.125,10.0,10.375,8.625],"rotation":0,"texture":"#0","tintindex":0},"down":{"uv":[11.125,10.0,10.375,11.375],"rotation":0,"texture":"#0","tintindex":0}}},{"from":[7.428571,0.5714283,5.714286],"to":[10.285714,5.142857,9.714286],"rotation":{"angle":0.0,"axis":"y","origin":[8.0,0.5714283,6.285714]},"faces":{"east":{"uv":[0.0,10.75,0.875,11.75],"rotation":0,"texture":"#0","tintindex":0},"south":{"uv":[4.75,11.75,5.375,12.75],"rotation":0,"texture":"#0","tintindex":0},"north":{"uv":[11.75,0.0,12.375,1.0],"rotation":0,"texture":"#0","tintindex":0},"west":{"uv":[10.75,4.25,11.625,5.25],"rotation":0,"texture":"#0","tintindex":0},"up":{"uv":[12.5,12.5,11.875,11.625],"rotation":0,"texture":"#0","tintindex":0},"down":{"uv":[12.625,1.0,12.0,1.875],"rotation":0,"texture":"#0","tintindex":0}}}],"display":{"head":{"translation":[0.0,-6.4,0.0],"scale":[4.0,4.0,4.0]}}}