{"textures":{"0":"modelengine:entity/snail"},"elements":[{"from":[7.142857,7.990476,6.285714],"to":[8.857143,8.561905,10.285714],"rotation":{"angle":0.0,"axis":"y","origin":[8.0,7.990476,8.0]},"faces":{"east":{"uv":[8.0,8.0,15.0,9.0],"rotation":0,"texture":"#0","tintindex":0},"south":{"uv":[10.0,1.0,13.0,2.0],"rotation":0,"texture":"#0","tintindex":0},"north":{"uv":[10.0,0.0,13.0,1.0],"rotation":0,"texture":"#0","tintindex":0},"west":{"uv":[8.0,9.0,15.0,10.0],"rotation":0,"texture":"#0","tintindex":0},"up":{"uv":[3.0,7.0,0.0,0.0],"rotation":0,"texture":"#0","tintindex":0},"down":{"uv":[6.0,0.0,3.0,7.0],"rotation":0,"texture":"#0","tintindex":0}}},{"from":[7.428571,8.561905,6.857143],"to":[8.571428,10.847619,9.142858],"rotation":{"angle":0.0,"axis":"y","origin":[8.0,7.990476,8.0]},"faces":{"east":{"uv":[10.0,4.0,6.0,8.0],"rotation":0,"texture":"#0","tintindex":0},"south":{"uv":[2.0,7.0,4.0,11.0],"rotation":0,"texture":"#0","tintindex":0},"north":{"uv":[0.0,7.0,2.0,11.0],"rotation":0,"texture":"#0","tintindex":0},"west":{"uv":[6.0,4.0,10.0,8.0],"rotation":0,"texture":"#0","tintindex":0},"up":{"uv":[6.0,11.0,4.0,7.0],"rotation":0,"texture":"#0","tintindex":0},"down":{"uv":[8.0,8.0,6.0,12.0],"rotation":0,"texture":"#0","tintindex":0}}},{"from":[7.428571,8.561905,9.142858],"to":[8.571428,9.133333,9.714286],"rotation":{"angle":0.0,"axis":"y","origin":[8.0,7.990476,8.0]},"faces":{"east":{"uv":[4.0,11.0,5.0,12.0],"rotation":0,"texture":"#0","tintindex":0},"south":{"uv":[10.0,7.0,12.0,8.0],"rotation":0,"texture":"#0","tintindex":0},"north":{"uv":[10.0,6.0,12.0,7.0],"rotation":0,"texture":"#0","tintindex":0},"west":{"uv":[11.0,4.0,12.0,5.0],"rotation":0,"texture":"#0","tintindex":0},"up":{"uv":[10.0,11.0,8.0,10.0],"rotation":0,"texture":"#0","tintindex":0},"down":{"uv":[12.0,10.0,10.0,11.0],"rotation":0,"texture":"#0","tintindex":0}}}],"display":{"head":{"translation":[0.0,-6.4,0.0],"scale":[4.0,4.0,4.0]}}}