{"textures":{"0":"modelengine:entity/snail"},"elements":[{"from":[8.142858,7.9428573,7.6],"to":[8.714286,9.085714,7.6],"rotation":{"angle":-22.5,"axis":"x","origin":[8.571428,8.942857,7.6]},"faces":{"east":{"uv":[0.0,0.0,0.0,2.0],"rotation":0,"texture":"#0","tintindex":0},"south":{"uv":[10.0,4.0,11.0,6.0],"rotation":0,"texture":"#0","tintindex":0},"north":{"uv":[10.0,2.0,11.0,4.0],"rotation":0,"texture":"#0","tintindex":0},"west":{"uv":[0.0,0.0,0.0,2.0],"rotation":0,"texture":"#0","tintindex":0},"up":{"uv":[1.0,0.0,0.0,0.0],"rotation":0,"texture":"#0","tintindex":0},"down":{"uv":[1.0,0.0,0.0,0.0],"rotation":0,"texture":"#0","tintindex":0}}},{"from":[7.285714,7.9428573,7.6],"to":[7.857143,9.085714,7.6],"rotation":{"angle":-22.5,"axis":"x","origin":[7.714286,8.942857,7.6]},"faces":{"east":{"uv":[0.0,0.0,0.0,2.0],"rotation":0,"texture":"#0","tintindex":0},"south":{"uv":[10.0,4.0,11.0,6.0],"rotation":0,"texture":"#0","tintindex":0},"north":{"uv":[10.0,2.0,11.0,4.0],"rotation":0,"texture":"#0","tintindex":0},"west":{"uv":[0.0,0.0,0.0,2.0],"rotation":0,"texture":"#0","tintindex":0},"up":{"uv":[1.0,0.0,0.0,0.0],"rotation":0,"texture":"#0","tintindex":0},"down":{"uv":[1.0,0.0,0.0,0.0],"rotation":0,"texture":"#0","tintindex":0}}},{"from":[8.142858,9.085714,7.3142858],"to":[8.714286,9.657143,7.885714],"rotation":{"angle":-22.5,"axis":"x","origin":[8.571428,8.942857,7.6]},"faces":{"east":{"uv":[1.0,11.0,2.0,12.0],"rotation":0,"texture":"#0","tintindex":0},"south":{"uv":[2.0,11.0,3.0,12.0],"rotation":0,"texture":"#0","tintindex":0},"north":{"uv":[0.0,11.0,1.0,12.0],"rotation":0,"texture":"#0","tintindex":0},"west":{"uv":[11.0,2.0,12.0,3.0],"rotation":0,"texture":"#0","tintindex":0},"up":{"uv":[4.0,12.0,3.0,11.0],"rotation":0,"texture":"#0","tintindex":0},"down":{"uv":[12.0,3.0,11.0,4.0],"rotation":0,"texture":"#0","tintindex":0}}},{"from":[7.285714,9.085714,7.3142858],"to":[7.857143,9.657143,7.885714],"rotation":{"angle":-22.5,"axis":"x","origin":[7.714286,8.942857,7.6]},"faces":{"east":{"uv":[1.0,11.0,2.0,12.0],"rotation":0,"texture":"#0","tintindex":0},"south":{"uv":[2.0,11.0,3.0,12.0],"rotation":0,"texture":"#0","tintindex":0},"north":{"uv":[0.0,11.0,1.0,12.0],"rotation":0,"texture":"#0","tintindex":0},"west":{"uv":[11.0,2.0,12.0,3.0],"rotation":0,"texture":"#0","tintindex":0},"up":{"uv":[4.0,12.0,3.0,11.0],"rotation":0,"texture":"#0","tintindex":0},"down":{"uv":[12.0,3.0,11.0,4.0],"rotation":0,"texture":"#0","tintindex":0}}}],"display":{"head":{"translation":[0.0,-6.4,0.0],"scale":[4.0,4.0,4.0]}}}