{"textures":{"2":"modelengine:entity/tarantula"},"elements":[{"from":[7.26,7.6783905,6.659007],"to":[8.528571,8.524105,7.9275784],"rotation":{"angle":0.0,"axis":"y","origin":[7.682857,7.6783905,7.504721]},"faces":{"east":{"uv":[8.0,8.0,11.0,10.0],"rotation":0,"texture":"#2","tintindex":0},"south":{"uv":[4.0,9.0,7.0,11.0],"rotation":0,"texture":"#2","tintindex":0},"north":{"uv":[8.0,6.0,11.0,8.0],"rotation":0,"texture":"#2","tintindex":0},"west":{"uv":[7.0,10.0,10.0,12.0],"rotation":0,"texture":"#2","tintindex":0},"up":{"uv":[11.0,3.0,8.0,0.0],"rotation":0,"texture":"#2","tintindex":0},"down":{"uv":[11.0,3.0,8.0,6.0],"rotation":0,"texture":"#2","tintindex":0}}},{"from":[8.105714,7.1607413,5.5366077],"to":[8.528571,7.5835986,5.959465],"rotation":{"angle":-22.5,"axis":"x","origin":[8.74,8.429313,5.325179]},"faces":{"east":{"uv":[6.0,11.0,7.0,12.0],"rotation":0,"texture":"#2","tintindex":0},"south":{"uv":[6.0,13.0,7.0,14.0],"rotation":0,"texture":"#2","tintindex":0},"north":{"uv":[7.0,9.0,8.0,10.0],"rotation":0,"texture":"#2","tintindex":0},"west":{"uv":[7.0,13.0,8.0,14.0],"rotation":0,"texture":"#2","tintindex":0},"up":{"uv":[9.0,14.0,8.0,13.0],"rotation":0,"texture":"#2","tintindex":0},"down":{"uv":[10.0,13.0,9.0,14.0],"rotation":0,"texture":"#2","tintindex":0}}},{"from":[7.0485716,7.6783905,7.9275784],"to":[8.74,8.946962,9.619007],"rotation":{"angle":0.0,"axis":"y","origin":[7.682857,7.6783905,7.504721]},"faces":{"east":{"uv":[4.0,3.0,8.0,6.0],"rotation":0,"texture":"#2","tintindex":0},"south":{"uv":[4.0,6.0,8.0,9.0],"rotation":0,"texture":"#2","tintindex":0},"north":{"uv":[4.0,0.0,8.0,3.0],"rotation":0,"texture":"#2","tintindex":0},"west":{"uv":[0.0,8.0,4.0,11.0],"rotation":0,"texture":"#2","tintindex":0},"up":{"uv":[4.0,4.0,0.0,0.0],"rotation":0,"texture":"#2","tintindex":0},"down":{"uv":[4.0,4.0,0.0,8.0],"rotation":0,"texture":"#2","tintindex":0}}},{"from":[7.365714,7.1607413,5.5366077],"to":[7.7885714,7.5835986,5.959465],"rotation":{"angle":-22.5,"axis":"x","origin":[8.74,8.429313,5.325179]},"faces":{"east":{"uv":[6.0,11.0,7.0,12.0],"rotation":0,"texture":"#2","tintindex":0},"south":{"uv":[6.0,13.0,7.0,14.0],"rotation":0,"texture":"#2","tintindex":0},"north":{"uv":[7.0,9.0,8.0,10.0],"rotation":0,"texture":"#2","tintindex":0},"west":{"uv":[7.0,13.0,8.0,14.0],"rotation":0,"texture":"#2","tintindex":0},"up":{"uv":[9.0,14.0,8.0,13.0],"rotation":0,"texture":"#2","tintindex":0},"down":{"uv":[10.0,13.0,9.0,14.0],"rotation":0,"texture":"#2","tintindex":0}}},{"from":[7.4714284,7.548758,6.007301],"to":[8.3171425,8.394472,6.8530154],"rotation":{"angle":-22.5,"axis":"x","origin":[8.105714,7.9716153,6.430158]},"faces":{"east":{"uv":[0.0,11.0,2.0,13.0],"rotation":0,"texture":"#2","tintindex":0},"south":{"uv":[11.0,0.0,13.0,2.0],"rotation":0,"texture":"#2","tintindex":0},"north":{"uv":[10.0,10.0,12.0,12.0],"rotation":0,"texture":"#2","tintindex":0},"west":{"uv":[2.0,11.0,4.0,13.0],"rotation":0,"texture":"#2","tintindex":0},"up":{"uv":[13.0,4.0,11.0,2.0],"rotation":0,"texture":"#2","tintindex":0},"down":{"uv":[6.0,11.0,4.0,13.0],"rotation":0,"texture":"#2","tintindex":0}}}],"display":{"head":{"translation":[0.0,-6.4,0.0],"scale":[4.0,4.0,4.0]}}}