{"textures":{"2":"modelengine:entity/tarantula"},"elements":[{"from":[4.903596,8.194422,7.9625883],"to":[6.595024,8.617279,8.385446],"rotation":{"angle":45.0,"axis":"z","origin":[6.172167,8.40585,8.174017]},"faces":{"east":{"uv":[12.0,13.0,13.0,14.0],"rotation":0,"texture":"#2","tintindex":0},"south":{"uv":[11.0,5.0,15.0,6.0],"rotation":0,"texture":"#2","tintindex":0},"north":{"uv":[11.0,4.0,15.0,5.0],"rotation":0,"texture":"#2","tintindex":0},"west":{"uv":[13.0,13.0,14.0,14.0],"rotation":0,"texture":"#2","tintindex":0},"up":{"uv":[15.0,7.0,11.0,6.0],"rotation":0,"texture":"#2","tintindex":0},"down":{"uv":[15.0,7.0,11.0,8.0],"rotation":0,"texture":"#2","tintindex":0}}},{"from":[9.627832,8.194422,7.9625883],"to":[11.319262,8.617279,8.385446],"rotation":{"angle":-45.0,"axis":"z","origin":[10.05069,8.40585,8.174017]},"faces":{"east":{"uv":[0.0,14.0,1.0,15.0],"rotation":0,"texture":"#2","tintindex":0},"south":{"uv":[11.0,9.0,15.0,10.0],"rotation":0,"texture":"#2","tintindex":0},"north":{"uv":[11.0,8.0,15.0,9.0],"rotation":0,"texture":"#2","tintindex":0},"west":{"uv":[1.0,14.0,2.0,15.0],"rotation":0,"texture":"#2","tintindex":0},"up":{"uv":[10.0,13.0,6.0,12.0],"rotation":0,"texture":"#2","tintindex":0},"down":{"uv":[14.0,12.0,10.0,13.0],"rotation":0,"texture":"#2","tintindex":0}}},{"from":[6.2085714,8.285775,7.9625883],"to":[7.477143,8.708632,8.385446],"rotation":{"angle":-22.5,"axis":"z","origin":[6.6314287,8.497204,8.174017]},"faces":{"east":{"uv":[10.0,13.0,11.0,14.0],"rotation":0,"texture":"#2","tintindex":0},"south":{"uv":[12.0,11.0,15.0,12.0],"rotation":0,"texture":"#2","tintindex":0},"north":{"uv":[12.0,10.0,15.0,11.0],"rotation":0,"texture":"#2","tintindex":0},"west":{"uv":[11.0,13.0,12.0,14.0],"rotation":0,"texture":"#2","tintindex":0},"up":{"uv":[3.0,14.0,0.0,13.0],"rotation":0,"texture":"#2","tintindex":0},"down":{"uv":[16.0,0.0,13.0,1.0],"rotation":0,"texture":"#2","tintindex":0}}},{"from":[8.745714,8.285775,7.9625883],"to":[10.014286,8.708632,8.385446],"rotation":{"angle":22.5,"axis":"z","origin":[9.591429,8.497204,8.174017]},"faces":{"east":{"uv":[2.0,14.0,3.0,15.0],"rotation":0,"texture":"#2","tintindex":0},"south":{"uv":[13.0,2.0,16.0,3.0],"rotation":0,"texture":"#2","tintindex":0},"north":{"uv":[13.0,1.0,16.0,2.0],"rotation":0,"texture":"#2","tintindex":0},"west":{"uv":[3.0,14.0,4.0,15.0],"rotation":0,"texture":"#2","tintindex":0},"up":{"uv":[6.0,14.0,3.0,13.0],"rotation":0,"texture":"#2","tintindex":0},"down":{"uv":[16.0,3.0,13.0,4.0],"rotation":0,"texture":"#2","tintindex":0}}}],"display":{"head":{"translation":[0.0,-6.4,0.0],"scale":[4.0,4.0,4.0]}}}