{"textures":{"1":"modelengine:entity/moth_atlas"},"elements":[{"from":[8.285714,5.7375884,8.137911],"to":[11.714286,8.594731,8.137911],"rotation":{"angle":-22.5,"axis":"y","origin":[8.285714,8.309017,8.20934]},"faces":{"east":{"uv":[2.5,0.0,0.0,0.0],"rotation":270,"texture":"#1","tintindex":0},"south":{"uv":[4.0,2.5,7.0,0.0],"rotation":0,"texture":"#1","tintindex":0},"north":{"uv":[4.0,2.5,7.0,5.0],"rotation":180,"texture":"#1","tintindex":0},"west":{"uv":[2.5,0.0,0.0,0.0],"rotation":90,"texture":"#1","tintindex":0},"up":{"uv":[3.0,0.0,0.0,0.0],"rotation":180,"texture":"#1","tintindex":0},"down":{"uv":[3.0,0.0,0.0,0.0],"rotation":0,"texture":"#1","tintindex":0}}},{"from":[8.285714,7.4518743,8.280768],"to":[12.857143,11.451875,8.280768],"rotation":{"angle":-45.0,"axis":"y","origin":[8.285714,8.309017,8.20934]},"faces":{"east":{"uv":[3.5,0.0,0.0,0.0],"rotation":270,"texture":"#1","tintindex":0},"south":{"uv":[0.0,3.5,4.0,0.0],"rotation":0,"texture":"#1","tintindex":0},"north":{"uv":[0.0,3.5,4.0,7.0],"rotation":180,"texture":"#1","tintindex":0},"west":{"uv":[3.5,0.0,0.0,0.0],"rotation":90,"texture":"#1","tintindex":0},"up":{"uv":[4.0,0.0,0.0,0.0],"rotation":180,"texture":"#1","tintindex":0},"down":{"uv":[4.0,0.0,0.0,0.0],"rotation":0,"texture":"#1","tintindex":0}}},{"from":[6.0,9.494174,8.215522],"to":[7.714286,9.494174,9.929808],"rotation":{"angle":-22.5,"axis":"x","origin":[7.142857,9.494174,9.072665]},"faces":{"east":{"uv":[0.0,0.0,0.0,1.5],"rotation":270,"texture":"#1","tintindex":0},"south":{"uv":[1.5,0.0,0.0,0.0],"rotation":0,"texture":"#1","tintindex":0},"north":{"uv":[1.5,0.0,0.0,0.0],"rotation":180,"texture":"#1","tintindex":0},"west":{"uv":[0.0,0.0,0.0,1.5],"rotation":90,"texture":"#1","tintindex":0},"up":{"uv":[4.0,5.0,5.5,6.5],"rotation":180,"texture":"#1","tintindex":0},"down":{"uv":[5.5,5.0,7.0,6.5],"rotation":0,"texture":"#1","tintindex":0}}},{"from":[8.285714,9.494174,8.215522],"to":[10.0,9.494174,9.929808],"rotation":{"angle":-22.5,"axis":"x","origin":[8.857143,9.494174,9.072665]},"faces":{"east":{"uv":[0.0,0.0,0.0,1.5],"rotation":270,"texture":"#1","tintindex":0},"south":{"uv":[0.0,0.0,1.5,0.0],"rotation":0,"texture":"#1","tintindex":0},"north":{"uv":[0.0,0.0,1.5,0.0],"rotation":180,"texture":"#1","tintindex":0},"west":{"uv":[0.0,0.0,0.0,1.5],"rotation":90,"texture":"#1","tintindex":0},"up":{"uv":[5.5,5.0,4.0,6.5],"rotation":180,"texture":"#1","tintindex":0},"down":{"uv":[7.0,5.0,5.5,6.5],"rotation":0,"texture":"#1","tintindex":0}}},{"from":[7.142857,8.922746,8.215522],"to":[7.142857,10.065603,9.929808],"rotation":{"angle":-22.5,"axis":"y","origin":[7.142857,9.494174,9.072665]},"faces":{"east":{"uv":[4.0,6.5,5.0,8.0],"rotation":270,"texture":"#1","tintindex":0},"south":{"uv":[0.0,1.0,0.0,0.0],"rotation":0,"texture":"#1","tintindex":0},"north":{"uv":[0.0,0.0,0.0,1.0],"rotation":180,"texture":"#1","tintindex":0},"west":{"uv":[5.0,6.5,6.0,8.0],"rotation":90,"texture":"#1","tintindex":0},"up":{"uv":[0.0,0.0,0.0,1.5],"rotation":180,"texture":"#1","tintindex":0},"down":{"uv":[0.0,0.0,0.0,1.5],"rotation":0,"texture":"#1","tintindex":0}}},{"from":[8.857143,8.922746,8.215522],"to":[8.857143,10.065603,9.929808],"rotation":{"angle":22.5,"axis":"y","origin":[8.857143,9.494174,9.072665]},"faces":{"east":{"uv":[6.0,6.5,5.0,8.0],"rotation":270,"texture":"#1","tintindex":0},"south":{"uv":[0.0,1.0,0.0,0.0],"rotation":0,"texture":"#1","tintindex":0},"north":{"uv":[0.0,0.0,0.0,1.0],"rotation":180,"texture":"#1","tintindex":0},"west":{"uv":[5.0,6.5,4.0,8.0],"rotation":90,"texture":"#1","tintindex":0},"up":{"uv":[0.0,0.0,0.0,1.5],"rotation":180,"texture":"#1","tintindex":0},"down":{"uv":[0.0,0.0,0.0,1.5],"rotation":0,"texture":"#1","tintindex":0}}},{"from":[7.714286,6.309017,7.7093396],"to":[8.285714,9.16616,8.280768],"rotation":{"angle":0.0,"axis":"y","origin":[7.714286,7.4518743,7.7093396]},"faces":{"east":{"uv":[6.0,6.5,8.5,7.0],"rotation":270,"texture":"#1","tintindex":0},"south":{"uv":[7.5,2.5,7.0,0.0],"rotation":0,"texture":"#1","tintindex":0},"north":{"uv":[3.0,7.0,2.5,9.5],"rotation":180,"texture":"#1","tintindex":0},"west":{"uv":[0.0,7.0,2.5,7.5],"rotation":90,"texture":"#1","tintindex":0},"up":{"uv":[7.0,2.5,7.5,3.0],"rotation":180,"texture":"#1","tintindex":0},"down":{"uv":[3.0,7.0,3.5,7.5],"rotation":0,"texture":"#1","tintindex":0}}},{"from":[3.142857,7.4518743,8.280768],"to":[7.714286,11.451875,8.280768],"rotation":{"angle":45.0,"axis":"y","origin":[7.714286,8.309017,8.20934]},"faces":{"east":{"uv":[0.0,0.0,3.5,0.0],"rotation":270,"texture":"#1","tintindex":0},"south":{"uv":[4.0,3.5,0.0,0.0],"rotation":0,"texture":"#1","tintindex":0},"north":{"uv":[4.0,3.5,0.0,7.0],"rotation":180,"texture":"#1","tintindex":0},"west":{"uv":[0.0,0.0,3.5,0.0],"rotation":90,"texture":"#1","tintindex":0},"up":{"uv":[0.0,0.0,4.0,0.0],"rotation":180,"texture":"#1","tintindex":0},"down":{"uv":[0.0,0.0,4.0,0.0],"rotation":0,"texture":"#1","tintindex":0}}},{"from":[4.285714,5.7375884,8.137911],"to":[7.714286,8.594731,8.137911],"rotation":{"angle":22.5,"axis":"y","origin":[7.714286,8.309017,8.20934]},"faces":{"east":{"uv":[0.0,0.0,2.5,0.0],"rotation":270,"texture":"#1","tintindex":0},"south":{"uv":[7.0,2.5,4.0,0.0],"rotation":0,"texture":"#1","tintindex":0},"north":{"uv":[7.0,2.5,4.0,5.0],"rotation":180,"texture":"#1","tintindex":0},"west":{"uv":[0.0,0.0,2.5,0.0],"rotation":90,"texture":"#1","tintindex":0},"up":{"uv":[0.0,0.0,3.0,0.0],"rotation":180,"texture":"#1","tintindex":0},"down":{"uv":[0.0,0.0,3.0,0.0],"rotation":0,"texture":"#1","tintindex":0}}}],"display":{"head":{"translation":[0.0,-6.4,0.0],"scale":[4.0,4.0,4.0]}}}