{"textures":{"0":"modelengine:entity/goblin_weapon_main"},"elements":[{"from":[10.285714,8.571428,7.428571],"to":[12.571428,11.428572,7.428571],"rotation":{"angle":-45.0,"axis":"y","origin":[10.285714,9.714286,7.428571]},"faces":{"east":{"uv":[0.0,0.0,0.0,2.5],"rotation":0,"texture":"#0","tintindex":0},"south":{"uv":[2.0,10.5,0.0,13.0],"rotation":0,"texture":"#0","tintindex":0},"north":{"uv":[0.0,10.5,2.0,13.0],"rotation":0,"texture":"#0","tintindex":0},"west":{"uv":[0.0,0.0,0.0,2.5],"rotation":0,"texture":"#0","tintindex":0},"up":{"uv":[2.0,0.0,0.0,0.0],"rotation":0,"texture":"#0","tintindex":0},"down":{"uv":[2.0,0.0,0.0,0.0],"rotation":0,"texture":"#0","tintindex":0}}},{"from":[5.713714,8.0,6.285714],"to":[10.286285,11.428572,9.714286],"rotation":{"angle":0.0,"axis":"y","origin":[6.857143,8.0,8.0]},"faces":{"east":{"uv":[4.0,6.5,7.0,9.5],"rotation":0,"texture":"#0","tintindex":0},"south":{"uv":[0.0,3.5,4.0,7.0],"rotation":0,"texture":"#0","tintindex":0},"north":{"uv":[0.0,0.5,4.0,3.5],"rotation":0,"texture":"#0","tintindex":0},"west":{"uv":[0.0,7.5,3.0,10.5],"rotation":0,"texture":"#0","tintindex":0},"up":{"uv":[8.0,3.0,4.0,0.5],"rotation":0,"texture":"#0","tintindex":0},"down":{"uv":[8.0,3.0,4.0,6.0],"rotation":0,"texture":"#0","tintindex":0}}},{"from":[3.4285712,8.571428,7.428571],"to":[5.714286,11.428572,7.428571],"rotation":{"angle":45.0,"axis":"y","origin":[5.714286,9.714286,7.428571]},"faces":{"east":{"uv":[0.0,0.0,0.0,2.5],"rotation":0,"texture":"#0","tintindex":0},"south":{"uv":[12.0,5.5,10.0,8.0],"rotation":0,"texture":"#0","tintindex":0},"north":{"uv":[10.0,5.5,12.0,8.0],"rotation":0,"texture":"#0","tintindex":0},"west":{"uv":[0.0,0.0,0.0,2.5],"rotation":0,"texture":"#0","tintindex":0},"up":{"uv":[2.0,0.0,0.0,0.0],"rotation":0,"texture":"#0","tintindex":0},"down":{"uv":[2.0,0.0,0.0,0.0],"rotation":0,"texture":"#0","tintindex":0}}},{"from":[7.428571,8.571428,5.142857],"to":[8.571428,10.285714,6.285714],"rotation":{"angle":0.0,"axis":"y","origin":[6.857143,8.0,4.5714283]},"faces":{"east":{"uv":[2.0,10.5,3.0,12.0],"rotation":0,"texture":"#0","tintindex":0},"south":{"uv":[2.0,12.0,3.0,13.5],"rotation":0,"texture":"#0","tintindex":0},"north":{"uv":[3.0,7.0,4.0,8.5],"rotation":0,"texture":"#0","tintindex":0},"west":{"uv":[12.0,11.0,13.0,12.5],"rotation":0,"texture":"#0","tintindex":0},"up":{"uv":[4.0,9.5,3.0,8.5],"rotation":0,"texture":"#0","tintindex":0},"down":{"uv":[4.0,13.0,3.0,14.0],"rotation":0,"texture":"#0","tintindex":0}}}],"display":{"head":{"translation":[0.0,-6.4,0.0],"scale":[4.0,4.0,4.0]}}}