{"textures":{"0":"minecraft:entity/zombie/zombie"},"elements":[{"from":[6.862857,4.5714283,5.714286],"to":[9.148571,8.0,8.0],"rotation":{"angle":0.0,"axis":"y","origin":[11.428572,-2.285715,6.857143]},"faces":{"east":{"uv":[13.0,6.5,12.0,8.0],"rotation":0,"texture":"#0","tintindex":0},"south":{"uv":[14.0,6.5,13.0,8.0],"rotation":0,"texture":"#0","tintindex":0},"north":{"uv":[12.0,6.5,11.0,8.0],"rotation":0,"texture":"#0","tintindex":0},"west":{"uv":[11.0,6.5,10.0,8.0],"rotation":0,"texture":"#0","tintindex":0},"up":{"uv":[13.0,4.0,12.0,5.0],"rotation":0,"texture":"#0","tintindex":0},"down":{"uv":[13.0,4.0,12.0,5.0],"rotation":0,"texture":"#0","tintindex":0}}}],"display":{"head":{"translation":[0.0,-6.4,0.0],"scale":[4.0,4.0,4.0]}}}