{"textures":{"0":"minecraft:entity/zombie/zombie"},"elements":[{"from":[6.9085712,4.5714283,8.0],"to":[9.194285,8.0,10.285714],"rotation":{"angle":0.0,"axis":"y","origin":[9.142858,4.5714283,9.142858]},"faces":{"east":{"uv":[3.0,6.5,2.0,8.0],"rotation":0,"texture":"#0","tintindex":0},"south":{"uv":[4.0,6.5,3.0,8.0],"rotation":0,"texture":"#0","tintindex":0},"north":{"uv":[2.0,6.5,1.0,8.0],"rotation":0,"texture":"#0","tintindex":0},"west":{"uv":[1.0,6.5,0.0,8.0],"rotation":0,"texture":"#0","tintindex":0},"up":{"uv":[2.0,4.0,1.0,5.0],"rotation":0,"texture":"#0","tintindex":0},"down":{"uv":[3.0,4.0,2.0,5.0],"rotation":0,"texture":"#0","tintindex":0}}}],"display":{"head":{"translation":[0.0,-6.4,0.0],"scale":[4.0,4.0,4.0]}}}