{"textures":{"0":"modelengine:entity/vulture2"},"elements":[{"from":[7.369143,7.050286,6.0457144],"to":[8.521143,9.930285,7.1977143],"rotation":{"angle":-22.5,"axis":"x","origin":[7.9451427,8.490286,6.0457144]},"faces":{"east":{"uv":[7.25,1.75,7.75,3.0],"rotation":0,"texture":"#0","tintindex":0},"south":{"uv":[7.25,3.0,7.75,4.25],"rotation":0,"texture":"#0","tintindex":0},"north":{"uv":[6.75,1.75,7.25,3.0],"rotation":0,"texture":"#0","tintindex":0},"west":{"uv":[4.25,7.25,4.75,8.5],"rotation":0,"texture":"#0","tintindex":0},"up":{"uv":[3.0,8.25,2.5,7.75],"rotation":0,"texture":"#0","tintindex":0},"down":{"uv":[8.25,2.5,7.75,3.0],"rotation":0,"texture":"#0","tintindex":0}}},{"from":[7.6571426,8.539699,2.5897136],"to":[8.233143,9.691699,3.741714],"rotation":{"angle":-45.0,"axis":"x","origin":[7.9451427,9.115699,3.1657143]},"faces":{"east":{"uv":[2.0,7.75,2.5,8.25],"rotation":0,"texture":"#0","tintindex":0},"south":{"uv":[8.0,4.25,8.25,4.75],"rotation":0,"texture":"#0","tintindex":0},"north":{"uv":[7.75,7.75,8.0,8.25],"rotation":0,"texture":"#0","tintindex":0},"west":{"uv":[7.75,2.0,8.25,2.5],"rotation":0,"texture":"#0","tintindex":0},"up":{"uv":[5.0,8.5,4.75,8.0],"rotation":0,"texture":"#0","tintindex":0},"down":{"uv":[5.25,8.0,5.0,8.5],"rotation":0,"texture":"#0","tintindex":0}}},{"from":[7.6571426,8.778286,3.1657143],"to":[8.233143,9.930285,3.741714],"rotation":{"angle":0.0,"axis":"y","origin":[7.9451427,9.354286,3.741714]},"faces":{"east":{"uv":[5.5,8.0,5.75,8.5],"rotation":0,"texture":"#0","tintindex":0},"south":{"uv":[5.75,8.0,6.0,8.5],"rotation":0,"texture":"#0","tintindex":0},"north":{"uv":[5.25,8.0,5.5,8.5],"rotation":0,"texture":"#0","tintindex":0},"west":{"uv":[6.0,8.0,6.25,8.5],"rotation":0,"texture":"#0","tintindex":0},"up":{"uv":[7.75,1.0,7.5,0.75],"rotation":0,"texture":"#0","tintindex":0},"down":{"uv":[8.25,4.75,8.0,5.0],"rotation":0,"texture":"#0","tintindex":0}}},{"from":[7.369143,7.159899,6.5967784],"to":[8.521143,8.311899,8.900779],"rotation":{"angle":0.0,"axis":"y","origin":[7.9451427,8.599899,6.020778]},"faces":{"east":{"uv":[7.5,6.5,8.5,7.0],"rotation":0,"texture":"#0","tintindex":0},"south":{"uv":[7.75,3.0,8.25,3.5],"rotation":0,"texture":"#0","tintindex":0},"north":{"uv":[3.0,7.75,3.5,8.25],"rotation":0,"texture":"#0","tintindex":0},"west":{"uv":[7.75,0.75,8.75,1.25],"rotation":0,"texture":"#0","tintindex":0},"up":{"uv":[3.0,4.5,2.5,3.5],"rotation":0,"texture":"#0","tintindex":0},"down":{"uv":[2.0,7.5,1.5,8.5],"rotation":0,"texture":"#0","tintindex":0}}},{"from":[7.369143,8.778286,3.741714],"to":[8.521143,9.930285,4.317714],"rotation":{"angle":0.0,"axis":"y","origin":[7.6571426,6.4742856,8.9257145]},"faces":{"east":{"uv":[7.25,5.0,7.5,5.5],"rotation":0,"texture":"#0","tintindex":0},"south":{"uv":[6.75,3.0,7.25,3.5],"rotation":0,"texture":"#0","tintindex":0},"north":{"uv":[2.0,5.75,2.5,6.25],"rotation":0,"texture":"#0","tintindex":0},"west":{"uv":[7.75,7.25,8.0,7.75],"rotation":0,"texture":"#0","tintindex":0},"up":{"uv":[6.5,4.75,6.0,4.5],"rotation":0,"texture":"#0","tintindex":0},"down":{"uv":[2.5,6.25,2.0,6.5],"rotation":0,"texture":"#0","tintindex":0}}},{"from":[7.081143,8.778286,4.317714],"to":[8.809143,10.506286,6.621714],"rotation":{"angle":0.0,"axis":"y","origin":[7.6571426,6.4742856,8.9257145]},"faces":{"east":{"uv":[5.5,6.5,6.5,7.25],"rotation":0,"texture":"#0","tintindex":0},"south":{"uv":[7.25,4.25,8.0,5.0],"rotation":0,"texture":"#0","tintindex":0},"north":{"uv":[6.75,5.5,7.5,6.25],"rotation":0,"texture":"#0","tintindex":0},"west":{"uv":[6.5,6.5,7.5,7.25],"rotation":0,"texture":"#0","tintindex":0},"up":{"uv":[0.75,7.75,0.0,6.75],"rotation":0,"texture":"#0","tintindex":0},"down":{"uv":[7.5,0.0,6.75,1.0],"rotation":0,"texture":"#0","tintindex":0}}}],"display":{"head":{"translation":[0.0,-6.4,0.0],"scale":[4.0,4.0,4.0]}}}