{"textures":{"0":"modelengine:entity/vulture2"},"elements":[{"from":[7.9965506,7.9887004,8.021614],"to":[11.836551,8.4687,10.325615],"rotation":{"angle":0.0,"axis":"y","origin":[10.859773,7.3121257,9.817004]},"faces":{"east":{"uv":[8.75,3.75,7.75,4.0],"rotation":0,"texture":"#0","tintindex":0},"south":{"uv":[9.5,1.25,7.75,1.5],"rotation":0,"texture":"#0","tintindex":0},"north":{"uv":[9.25,7.0,7.5,7.25],"rotation":0,"texture":"#0","tintindex":0},"west":{"uv":[8.75,3.5,7.75,3.75],"rotation":0,"texture":"#0","tintindex":0},"up":{"uv":[2.5,5.5,4.25,4.5],"rotation":0,"texture":"#0","tintindex":0},"down":{"uv":[4.25,4.5,6.0,5.5],"rotation":0,"texture":"#0","tintindex":0}}},{"from":[11.642822,8.468217,8.410665],"to":[18.554823,8.468217,12.634665],"rotation":{"angle":-22.5,"axis":"y","origin":[12.709616,7.2588673,8.718424]},"faces":{"east":{"uv":[1.75,0.0,0.0,0.0],"rotation":0,"texture":"#0","tintindex":0},"south":{"uv":[3.0,0.0,0.0,0.0],"rotation":0,"texture":"#0","tintindex":0},"north":{"uv":[3.0,0.0,0.0,0.0],"rotation":0,"texture":"#0","tintindex":0},"west":{"uv":[1.75,0.0,0.0,0.0],"rotation":0,"texture":"#0","tintindex":0},"up":{"uv":[0.0,1.75,3.0,0.0],"rotation":0,"texture":"#0","tintindex":0},"down":{"uv":[3.0,0.0,0.0,1.75],"rotation":0,"texture":"#0","tintindex":0}}}],"display":{"head":{"translation":[0.0,-6.4,0.0],"scale":[4.0,4.0,4.0]}}}