{"textures":{"0":"modelengine:entity/vulture2"},"elements":[{"from":[7.6182857,4.006048,7.8519716],"to":[8.194285,5.729477,8.427972],"rotation":{"angle":22.5,"axis":"x","origin":[7.3302855,4.006048,7.5639715]},"faces":{"east":{"uv":[3.5,7.75,3.75,8.5],"rotation":0,"texture":"#0","tintindex":0},"south":{"uv":[3.75,7.75,4.0,8.5],"rotation":0,"texture":"#0","tintindex":0},"north":{"uv":[1.75,6.75,2.0,7.5],"rotation":0,"texture":"#0","tintindex":0},"west":{"uv":[4.0,7.75,4.25,8.5],"rotation":0,"texture":"#0","tintindex":0},"up":{"uv":[8.25,8.25,8.0,8.0],"rotation":0,"texture":"#0","tintindex":0},"down":{"uv":[0.25,8.25,0.0,8.5],"rotation":0,"texture":"#0","tintindex":0}}},{"from":[7.0445714,6.3312287,7.2813945],"to":[8.772572,9.206657,9.009395],"rotation":{"angle":-22.5,"axis":"x","origin":[7.0445714,6.9026575,8.433394]},"faces":{"east":{"uv":[2.75,6.5,3.5,7.75],"rotation":0,"texture":"#0","tintindex":0},"south":{"uv":[3.5,6.5,4.25,7.75],"rotation":0,"texture":"#0","tintindex":0},"north":{"uv":[2.0,6.5,2.75,7.75],"rotation":0,"texture":"#0","tintindex":0},"west":{"uv":[6.5,3.5,7.25,4.75],"rotation":0,"texture":"#0","tintindex":0},"up":{"uv":[5.5,8.0,4.75,7.25],"rotation":0,"texture":"#0","tintindex":0},"down":{"uv":[6.25,7.25,5.5,8.0],"rotation":0,"texture":"#0","tintindex":0}}},{"from":[7.6182857,4.8935146,8.292823],"to":[8.194285,6.0455146,8.868823],"rotation":{"angle":-22.5,"axis":"x","origin":[7.3302855,5.464943,8.004823]},"faces":{"east":{"uv":[6.5,8.0,6.75,8.5],"rotation":0,"texture":"#0","tintindex":0},"south":{"uv":[6.75,8.0,7.0,8.5],"rotation":0,"texture":"#0","tintindex":0},"north":{"uv":[6.25,8.0,6.5,8.5],"rotation":0,"texture":"#0","tintindex":0},"west":{"uv":[7.0,8.0,7.25,8.5],"rotation":0,"texture":"#0","tintindex":0},"up":{"uv":[7.75,8.25,7.5,8.0],"rotation":0,"texture":"#0","tintindex":0},"down":{"uv":[8.25,7.75,8.0,8.0],"rotation":0,"texture":"#0","tintindex":0}}},{"from":[7.037714,1.8095508,7.2650733],"to":[8.765715,1.8095508,8.97936],"rotation":{"angle":-45.0,"axis":"x","origin":[7.3302855,2.673551,7.8296447]},"faces":{"east":{"uv":[7.0,7.25,7.75,8.0],"rotation":0,"texture":"#0","tintindex":0},"south":{"uv":[7.5,0.0,8.25,0.75],"rotation":0,"texture":"#0","tintindex":0},"north":{"uv":[7.5,0.0,8.25,0.75],"rotation":0,"texture":"#0","tintindex":0},"west":{"uv":[0.75,7.5,1.5,8.25],"rotation":0,"texture":"#0","tintindex":0},"up":{"uv":[8.25,6.5,7.5,5.75],"rotation":0,"texture":"#0","tintindex":0},"down":{"uv":[8.25,5.75,7.5,6.5],"rotation":0,"texture":"#0","tintindex":0}}},{"from":[7.037714,3.537551,7.251359],"to":[8.765715,3.537551,8.97936],"rotation":{"angle":-45.0,"axis":"x","origin":[7.3302855,2.673551,7.8296447]},"faces":{"east":{"uv":[7.0,7.25,7.75,8.0],"rotation":0,"texture":"#0","tintindex":0},"south":{"uv":[7.5,0.0,8.25,0.75],"rotation":0,"texture":"#0","tintindex":0},"north":{"uv":[6.25,7.25,7.0,8.0],"rotation":0,"texture":"#0","tintindex":0},"west":{"uv":[0.75,7.5,1.5,8.25],"rotation":0,"texture":"#0","tintindex":0},"up":{"uv":[8.25,5.75,7.5,5.0],"rotation":0,"texture":"#0","tintindex":0},"down":{"uv":[8.25,5.0,7.5,5.75],"rotation":0,"texture":"#0","tintindex":0}}},{"from":[7.037714,1.8095508,7.251359],"to":[8.765715,3.537551,7.251359],"rotation":{"angle":-45.0,"axis":"x","origin":[7.3302855,2.673551,7.8296447]},"faces":{"east":{"uv":[7.0,7.25,7.75,8.0],"rotation":0,"texture":"#0","tintindex":0},"south":{"uv":[6.25,7.25,7.0,8.0],"rotation":0,"texture":"#0","tintindex":0},"north":{"uv":[6.25,7.25,7.0,8.0],"rotation":0,"texture":"#0","tintindex":0},"west":{"uv":[0.75,7.5,1.5,8.25],"rotation":0,"texture":"#0","tintindex":0},"up":{"uv":[8.25,5.75,7.5,5.0],"rotation":0,"texture":"#0","tintindex":0},"down":{"uv":[8.25,5.75,7.5,6.5],"rotation":0,"texture":"#0","tintindex":0}}},{"from":[7.037714,1.8095508,8.97936],"to":[8.765715,3.537551,8.97936],"rotation":{"angle":-45.0,"axis":"x","origin":[7.3302855,2.673551,7.8296447]},"faces":{"east":{"uv":[7.0,7.25,7.75,8.0],"rotation":0,"texture":"#0","tintindex":0},"south":{"uv":[7.5,0.0,8.25,0.75],"rotation":0,"texture":"#0","tintindex":0},"north":{"uv":[7.5,0.0,8.25,0.75],"rotation":0,"texture":"#0","tintindex":0},"west":{"uv":[0.75,7.5,1.5,8.25],"rotation":0,"texture":"#0","tintindex":0},"up":{"uv":[8.25,5.75,7.5,5.0],"rotation":0,"texture":"#0","tintindex":0},"down":{"uv":[8.25,5.75,7.5,6.5],"rotation":0,"texture":"#0","tintindex":0}}}],"display":{"head":{"translation":[0.0,-6.4,0.0],"scale":[4.0,4.0,4.0]}}}