{"textures":{"0":"modelengine:entity/vulture2"},"elements":[{"from":[6.6132855,5.983757,8.729229],"to":[9.493286,7.739186,10.8458],"rotation":{"angle":-45.0,"axis":"x","origin":[7.7652855,6.546043,9.2138]},"faces":{"east":{"uv":[0.75,6.75,1.75,7.5],"rotation":0,"texture":"#0","tintindex":0},"south":{"uv":[4.25,6.5,5.5,7.25],"rotation":0,"texture":"#0","tintindex":0},"north":{"uv":[6.0,4.75,7.25,5.5],"rotation":0,"texture":"#0","tintindex":0},"west":{"uv":[6.75,1.0,7.75,1.75],"rotation":0,"texture":"#0","tintindex":0},"up":{"uv":[3.75,6.5,2.5,5.5],"rotation":0,"texture":"#0","tintindex":0},"down":{"uv":[6.75,2.5,5.5,3.5],"rotation":0,"texture":"#0","tintindex":0}}},{"from":[7.1847143,5.415231,11.08209],"to":[8.931,6.6038027,11.653519],"rotation":{"angle":-45.0,"axis":"x","origin":[7.484143,5.737517,10.021519]},"faces":{"east":{"uv":[7.25,8.0,7.5,8.5],"rotation":0,"texture":"#0","tintindex":0},"south":{"uv":[0.75,2.75,1.5,3.25],"rotation":0,"texture":"#0","tintindex":0},"north":{"uv":[0.0,7.75,0.75,8.25],"rotation":0,"texture":"#0","tintindex":0},"west":{"uv":[8.0,7.25,8.25,7.75],"rotation":0,"texture":"#0","tintindex":0},"up":{"uv":[7.5,6.5,6.75,6.25],"rotation":0,"texture":"#0","tintindex":0},"down":{"uv":[8.5,4.0,7.75,4.25],"rotation":0,"texture":"#0","tintindex":0}}},{"from":[6.6132855,1.1295166,11.653519],"to":[9.502429,6.3180885,11.653519],"rotation":{"angle":-45.0,"axis":"x","origin":[7.484143,5.737517,10.021519]},"faces":{"east":{"uv":[0.0,0.0,0.0,2.25],"rotation":0,"texture":"#0","tintindex":0},"south":{"uv":[4.25,2.25,5.5,4.5],"rotation":0,"texture":"#0","tintindex":0},"north":{"uv":[4.25,2.25,5.5,4.5],"rotation":0,"texture":"#0","tintindex":0},"west":{"uv":[0.0,0.0,0.0,2.25],"rotation":0,"texture":"#0","tintindex":0},"up":{"uv":[1.25,0.0,0.0,0.0],"rotation":0,"texture":"#0","tintindex":0},"down":{"uv":[1.25,0.0,0.0,0.0],"rotation":0,"texture":"#0","tintindex":0}}},{"from":[6.997286,9.631657,3.908865],"to":[9.109285,11.743657,6.0642934],"rotation":{"angle":0.0,"axis":"y","origin":[8.053286,10.687656,4.580865]},"faces":{"east":{"uv":[3.75,5.5,4.75,6.5],"rotation":0,"texture":"#0","tintindex":0},"south":{"uv":[4.75,5.5,5.75,6.5],"rotation":0,"texture":"#0","tintindex":0},"north":{"uv":[5.5,3.5,6.5,4.5],"rotation":0,"texture":"#0","tintindex":0},"west":{"uv":[0.0,5.75,1.0,6.75],"rotation":0,"texture":"#0","tintindex":0},"up":{"uv":[2.0,6.75,1.0,5.75],"rotation":0,"texture":"#0","tintindex":0},"down":{"uv":[6.75,5.5,5.75,6.5],"rotation":0,"texture":"#0","tintindex":0}}},{"from":[6.6132855,7.698043,8.157801],"to":[9.493286,12.882044,10.8458],"rotation":{"angle":-45.0,"axis":"x","origin":[7.7652855,6.546043,9.2138]},"faces":{"east":{"uv":[3.0,2.25,4.25,4.5],"rotation":0,"texture":"#0","tintindex":0},"south":{"uv":[0.0,3.5,1.25,5.75],"rotation":0,"texture":"#0","tintindex":0},"north":{"uv":[3.0,0.0,4.25,2.25],"rotation":0,"texture":"#0","tintindex":0},"west":{"uv":[1.25,3.5,2.5,5.75],"rotation":0,"texture":"#0","tintindex":0},"up":{"uv":[6.75,1.25,5.5,0.0],"rotation":0,"texture":"#0","tintindex":0},"down":{"uv":[6.75,1.25,5.5,2.5],"rotation":0,"texture":"#0","tintindex":0}}}],"display":{"head":{"translation":[0.0,-6.4,0.0],"scale":[4.0,4.0,4.0]}}}