{"textures":{"0":"modelengine:entity/bug_display","1":"modelengine:entity/bug_catcher"},"elements":[{"from":[3.4285712,12.857143,9.571428],"to":[12.571428,12.857143,15.285715],"rotation":{"angle":0.0,"axis":"y","origin":[12.571428,6.5714283,7.857143]},"faces":{"east":{"uv":[6.5,0.0,9.0,2.5],"rotation":0,"texture":"#0","tintindex":0},"south":{"uv":[0.0,0.0,4.0,2.5],"rotation":0,"texture":"#0","tintindex":0},"north":{"uv":[0.0,2.5,4.0,5.0],"rotation":0,"texture":"#0","tintindex":0},"west":{"uv":[6.5,2.5,9.0,5.0],"rotation":0,"texture":"#0","tintindex":0},"up":{"uv":[11.5,4.0,9.0,0.0],"rotation":90,"texture":"#0","tintindex":0},"down":{"uv":[6.5,0.0,4.0,4.0],"rotation":270,"texture":"#0","tintindex":0}}},{"from":[4.5714283,7.220821,10.242887],"to":[8.0,8.935106,10.242887],"rotation":{"angle":-22.5,"axis":"x","origin":[6.285714,8.077964,10.242887]},"faces":{"east":{"uv":[0.0,0.0,0.0,0.75],"rotation":0,"texture":"#0","tintindex":0},"south":{"uv":[4.0,8.0,5.5,8.75],"rotation":0,"texture":"#0","tintindex":0},"north":{"uv":[5.5,8.0,4.0,8.75],"rotation":0,"texture":"#0","tintindex":0},"west":{"uv":[0.0,0.0,0.0,0.75],"rotation":0,"texture":"#0","tintindex":0},"up":{"uv":[0.0,1.5,0.0,0.0],"rotation":90,"texture":"#0","tintindex":0},"down":{"uv":[0.0,0.0,0.0,1.5],"rotation":270,"texture":"#0","tintindex":0}}},{"from":[5.714286,6.689943,8.738392],"to":[6.857143,6.689943,10.452678],"rotation":{"angle":45.0,"axis":"x","origin":[6.285714,6.689943,9.881249]},"faces":{"east":{"uv":[0.0,0.0,0.75,0.0],"rotation":0,"texture":"#1","tintindex":0},"south":{"uv":[0.0,0.0,0.5,0.0],"rotation":0,"texture":"#1","tintindex":0},"north":{"uv":[0.0,0.0,0.5,0.0],"rotation":0,"texture":"#1","tintindex":0},"west":{"uv":[0.0,0.0,0.75,0.0],"rotation":0,"texture":"#1","tintindex":0},"up":{"uv":[5.5,12.0,5.0,11.25],"rotation":0,"texture":"#1","tintindex":0},"down":{"uv":[6.0,11.25,5.5,12.0],"rotation":0,"texture":"#1","tintindex":0}}},{"from":[5.714286,13.142858,9.142858],"to":[6.857143,13.142858,15.428572],"rotation":{"angle":0.0,"axis":"y","origin":[8.571428,1.1428566,8.0]},"faces":{"east":{"uv":[0.0,0.0,2.75,0.0],"rotation":0,"texture":"#1","tintindex":0},"south":{"uv":[0.0,0.0,0.5,0.0],"rotation":0,"texture":"#1","tintindex":0},"north":{"uv":[0.0,0.0,0.5,0.0],"rotation":0,"texture":"#1","tintindex":0},"west":{"uv":[0.0,0.0,2.75,0.0],"rotation":0,"texture":"#1","tintindex":0},"up":{"uv":[2.0,11.75,1.5,9.0],"rotation":0,"texture":"#1","tintindex":0},"down":{"uv":[9.5,8.5,9.0,11.25],"rotation":0,"texture":"#1","tintindex":0}}},{"from":[9.142858,6.689943,8.738392],"to":[10.285714,6.689943,10.452678],"rotation":{"angle":45.0,"axis":"x","origin":[9.714286,6.689943,9.881249]},"faces":{"east":{"uv":[0.75,0.0,0.0,0.0],"rotation":0,"texture":"#1","tintindex":0},"south":{"uv":[0.5,0.0,0.0,0.0],"rotation":0,"texture":"#1","tintindex":0},"north":{"uv":[0.5,0.0,0.0,0.0],"rotation":0,"texture":"#1","tintindex":0},"west":{"uv":[0.75,0.0,0.0,0.0],"rotation":0,"texture":"#1","tintindex":0},"up":{"uv":[5.0,12.0,5.5,11.25],"rotation":0,"texture":"#1","tintindex":0},"down":{"uv":[5.5,11.25,6.0,12.0],"rotation":0,"texture":"#1","tintindex":0}}},{"from":[9.142858,6.285714,10.285714],"to":[10.285714,6.285714,15.428572],"rotation":{"angle":0.0,"axis":"y","origin":[7.428571,0.5714283,8.0]},"faces":{"east":{"uv":[2.25,0.0,0.0,0.0],"rotation":0,"texture":"#1","tintindex":0},"south":{"uv":[0.5,0.0,0.0,0.0],"rotation":0,"texture":"#1","tintindex":0},"north":{"uv":[0.5,0.0,0.0,0.0],"rotation":0,"texture":"#1","tintindex":0},"west":{"uv":[2.25,0.0,0.0,0.0],"rotation":0,"texture":"#1","tintindex":0},"up":{"uv":[6.5,11.75,7.0,9.5],"rotation":0,"texture":"#1","tintindex":0},"down":{"uv":[0.75,10.0,1.25,12.25],"rotation":0,"texture":"#1","tintindex":0}}},{"from":[9.714286,9.428572,14.142858],"to":[11.428572,10.571428,14.142858],"rotation":{"angle":-22.5,"axis":"z","origin":[11.142858,10.714286,12.142858]},"faces":{"east":{"uv":[0.0,0.0,0.0,0.5],"rotation":0,"texture":"#0","tintindex":0},"south":{"uv":[8.0,7.25,8.75,7.75],"rotation":0,"texture":"#0","tintindex":0},"north":{"uv":[8.0,8.25,8.75,8.75],"rotation":0,"texture":"#0","tintindex":0},"west":{"uv":[0.0,0.0,0.0,0.5],"rotation":0,"texture":"#0","tintindex":0},"up":{"uv":[0.0,0.75,0.0,0.0],"rotation":90,"texture":"#0","tintindex":0},"down":{"uv":[0.0,0.0,0.0,0.75],"rotation":270,"texture":"#0","tintindex":0}}},{"from":[3.4285712,7.142857,9.571428],"to":[12.571428,12.857143,15.285715],"rotation":{"angle":0.0,"axis":"y","origin":[12.571428,6.5714283,7.857143]},"faces":{"east":{"uv":[6.5,0.0,9.0,2.5],"rotation":0,"texture":"#0","tintindex":0},"south":{"uv":[0.0,0.0,4.0,2.5],"rotation":0,"texture":"#0","tintindex":0},"north":{"uv":[0.0,2.5,4.0,5.0],"rotation":0,"texture":"#0","tintindex":0},"west":{"uv":[6.5,2.5,9.0,5.0],"rotation":0,"texture":"#0","tintindex":0},"up":{"uv":[6.5,4.0,4.0,0.0],"rotation":90,"texture":"#0","tintindex":0},"down":{"uv":[6.5,4.0,4.0,8.0],"rotation":270,"texture":"#0","tintindex":0}}},{"from":[5.714286,6.857143,6.857143],"to":[10.285714,13.142858,9.142858],"rotation":{"angle":0.0,"axis":"y","origin":[8.0,1.1428566,8.0]},"faces":{"east":{"uv":[4.0,7.5,5.0,10.25],"rotation":0,"texture":"#1","tintindex":0},"south":{"uv":[3.5,2.75,5.5,5.5],"rotation":0,"texture":"#1","tintindex":0},"north":{"uv":[3.5,0.0,5.5,2.75],"rotation":0,"texture":"#1","tintindex":0},"west":{"uv":[5.0,7.5,4.0,10.25],"rotation":0,"texture":"#1","tintindex":0},"up":{"uv":[7.0,9.5,5.0,8.5],"rotation":0,"texture":"#1","tintindex":0},"down":{"uv":[10.5,6.5,8.5,7.5],"rotation":0,"texture":"#1","tintindex":0}}},{"from":[5.714286,6.285714,10.285714],"to":[6.857143,6.285714,15.428572],"rotation":{"angle":0.0,"axis":"y","origin":[8.571428,0.5714283,8.0]},"faces":{"east":{"uv":[0.0,0.0,2.25,0.0],"rotation":0,"texture":"#1","tintindex":0},"south":{"uv":[0.0,0.0,0.5,0.0],"rotation":0,"texture":"#1","tintindex":0},"north":{"uv":[0.0,0.0,0.5,0.0],"rotation":0,"texture":"#1","tintindex":0},"west":{"uv":[0.0,0.0,2.25,0.0],"rotation":0,"texture":"#1","tintindex":0},"up":{"uv":[7.0,11.75,6.5,9.5],"rotation":0,"texture":"#1","tintindex":0},"down":{"uv":[1.25,10.0,0.75,12.25],"rotation":0,"texture":"#1","tintindex":0}}},{"from":[6.285714,6.857143,5.714286],"to":[9.714286,9.142858,6.857143],"rotation":{"angle":0.0,"axis":"y","origin":[8.0,1.1428566,8.0]},"faces":{"east":{"uv":[5.0,7.5,5.5,8.5],"rotation":0,"texture":"#1","tintindex":0},"south":{"uv":[9.0,7.5,10.5,8.5],"rotation":0,"texture":"#1","tintindex":0},"north":{"uv":[0.0,9.0,1.5,10.0],"rotation":0,"texture":"#1","tintindex":0},"west":{"uv":[4.5,10.25,5.0,11.25],"rotation":0,"texture":"#1","tintindex":0},"up":{"uv":[3.5,7.5,2.0,7.0],"rotation":0,"texture":"#1","tintindex":0},"down":{"uv":[9.25,4.0,7.75,4.5],"rotation":0,"texture":"#1","tintindex":0}}},{"from":[4.5714283,7.285714,10.571428],"to":[8.0,7.285714,12.285715],"rotation":{"angle":0.0,"axis":"y","origin":[4.0,3.2857141,6.285714]},"faces":{"east":{"uv":[0.0,0.0,0.75,0.0],"rotation":0,"texture":"#0","tintindex":0},"south":{"uv":[0.0,0.0,1.5,0.0],"rotation":0,"texture":"#0","tintindex":0},"north":{"uv":[0.0,0.0,1.5,0.0],"rotation":0,"texture":"#0","tintindex":0},"west":{"uv":[0.0,0.0,0.75,0.0],"rotation":0,"texture":"#0","tintindex":0},"up":{"uv":[7.25,8.0,6.5,6.5],"rotation":90,"texture":"#0","tintindex":0},"down":{"uv":[6.5,6.5,7.25,8.0],"rotation":270,"texture":"#0","tintindex":0}}},{"from":[5.714286,6.285714,15.428572],"to":[6.857143,13.142858,15.428572],"rotation":{"angle":0.0,"axis":"y","origin":[8.571428,1.1428566,8.0]},"faces":{"east":{"uv":[0.0,0.0,0.0,3.0],"rotation":0,"texture":"#1","tintindex":0},"south":{"uv":[8.5,7.5,9.0,10.5],"rotation":0,"texture":"#1","tintindex":0},"north":{"uv":[7.0,8.5,7.5,11.5],"rotation":0,"texture":"#1","tintindex":0},"west":{"uv":[0.0,0.0,0.0,3.0],"rotation":0,"texture":"#1","tintindex":0},"up":{"uv":[0.5,0.0,0.0,0.0],"rotation":0,"texture":"#1","tintindex":0},"down":{"uv":[0.5,0.0,0.0,0.0],"rotation":0,"texture":"#1","tintindex":0}}},{"from":[9.142858,13.142858,9.142858],"to":[10.285714,13.142858,15.428572],"rotation":{"angle":0.0,"axis":"y","origin":[7.428571,1.1428566,8.0]},"faces":{"east":{"uv":[2.75,0.0,0.0,0.0],"rotation":0,"texture":"#1","tintindex":0},"south":{"uv":[0.5,0.0,0.0,0.0],"rotation":0,"texture":"#1","tintindex":0},"north":{"uv":[0.5,0.0,0.0,0.0],"rotation":0,"texture":"#1","tintindex":0},"west":{"uv":[2.75,0.0,0.0,0.0],"rotation":0,"texture":"#1","tintindex":0},"up":{"uv":[1.5,11.75,2.0,9.0],"rotation":0,"texture":"#1","tintindex":0},"down":{"uv":[9.0,8.5,9.5,11.25],"rotation":0,"texture":"#1","tintindex":0}}},{"from":[6.285714,12.857143,9.571428],"to":[8.0,12.857143,15.285715],"rotation":{"angle":-22.5,"axis":"z","origin":[8.0,12.857143,12.428572]},"faces":{"east":{"uv":[0.0,0.0,2.5,0.0],"rotation":0,"texture":"#0","tintindex":0},"south":{"uv":[0.0,0.0,0.75,0.0],"rotation":0,"texture":"#0","tintindex":0},"north":{"uv":[0.0,0.0,0.75,0.0],"rotation":0,"texture":"#0","tintindex":0},"west":{"uv":[0.0,0.0,2.5,0.0],"rotation":0,"texture":"#0","tintindex":0},"up":{"uv":[9.0,5.75,6.5,5.0],"rotation":90,"texture":"#0","tintindex":0},"down":{"uv":[9.0,5.75,6.5,6.5],"rotation":270,"texture":"#0","tintindex":0}}},{"from":[4.0,6.5714283,10.142858],"to":[12.0,7.142857,14.714286],"rotation":{"angle":0.0,"axis":"y","origin":[12.571428,6.5714283,7.857143]},"faces":{"east":{"uv":[7.0,8.0,9.0,8.25],"rotation":0,"texture":"#0","tintindex":0},"south":{"uv":[8.0,6.5,11.5,6.75],"rotation":0,"texture":"#0","tintindex":0},"north":{"uv":[8.0,6.75,11.5,7.0],"rotation":0,"texture":"#0","tintindex":0},"west":{"uv":[8.0,7.0,10.0,7.25],"rotation":0,"texture":"#0","tintindex":0},"up":{"uv":[2.0,8.5,0.0,5.0],"rotation":90,"texture":"#0","tintindex":0},"down":{"uv":[4.0,5.0,2.0,8.5],"rotation":270,"texture":"#0","tintindex":0}}},{"from":[11.428572,7.142857,13.857143],"to":[12.0,11.142858,14.428572],"rotation":{"angle":-22.5,"axis":"z","origin":[11.142858,10.714286,12.142858]},"faces":{"east":{"uv":[7.0,8.25,7.25,10.0],"rotation":0,"texture":"#0","tintindex":0},"south":{"uv":[7.25,8.25,7.5,10.0],"rotation":0,"texture":"#0","tintindex":0},"north":{"uv":[7.75,8.25,8.0,10.0],"rotation":0,"texture":"#0","tintindex":0},"west":{"uv":[7.5,8.25,7.75,10.0],"rotation":0,"texture":"#0","tintindex":0},"up":{"uv":[8.25,8.0,8.0,7.75],"rotation":90,"texture":"#0","tintindex":0},"down":{"uv":[8.5,7.75,8.25,8.0],"rotation":270,"texture":"#0","tintindex":0}}},{"from":[9.142858,6.285714,15.428572],"to":[10.285714,13.142858,15.428572],"rotation":{"angle":0.0,"axis":"y","origin":[7.428571,1.1428566,8.0]},"faces":{"east":{"uv":[0.0,0.0,0.0,3.0],"rotation":0,"texture":"#1","tintindex":0},"south":{"uv":[9.0,7.5,8.5,10.5],"rotation":0,"texture":"#1","tintindex":0},"north":{"uv":[7.5,8.5,7.0,11.5],"rotation":0,"texture":"#1","tintindex":0},"west":{"uv":[0.0,0.0,0.0,3.0],"rotation":0,"texture":"#1","tintindex":0},"up":{"uv":[0.0,0.0,0.5,0.0],"rotation":0,"texture":"#1","tintindex":0},"down":{"uv":[0.0,0.0,0.5,0.0],"rotation":0,"texture":"#1","tintindex":0}}}],"display":{"head":{"translation":[0.0,-6.4,0.0],"scale":[4.0,4.0,4.0]}}}