{"textures":{"1":"modelengine:entity/bug_catcher"},"elements":[{"from":[5.5714283,8.043962,5.531966],"to":[10.142858,12.615391,10.103395],"rotation":{"angle":0.0,"axis":"y","origin":[7.857143,-3.9560385,7.817681]},"faces":{"east":{"uv":[2.0,7.0,0.0,9.0],"rotation":0,"texture":"#1","tintindex":0},"south":{"uv":[5.5,6.5,7.5,8.5],"rotation":0,"texture":"#1","tintindex":0},"north":{"uv":[3.5,5.5,5.5,7.5],"rotation":0,"texture":"#1","tintindex":0},"west":{"uv":[0.0,7.0,2.0,9.0],"rotation":0,"texture":"#1","tintindex":0},"up":{"uv":[4.0,9.5,2.0,7.5],"rotation":0,"texture":"#1","tintindex":0},"down":{"uv":[9.5,4.5,7.5,6.5],"rotation":0,"texture":"#1","tintindex":0}}},{"from":[6.714286,12.615391,3.8176808],"to":[10.142858,12.615391,5.531966],"rotation":{"angle":0.0,"axis":"y","origin":[7.857143,-3.9560385,7.817681]},"faces":{"east":{"uv":[0.0,0.0,0.75,0.0],"rotation":0,"texture":"#1","tintindex":0},"south":{"uv":[0.0,0.0,1.5,0.0],"rotation":0,"texture":"#1","tintindex":0},"north":{"uv":[0.0,0.0,1.5,0.0],"rotation":0,"texture":"#1","tintindex":0},"west":{"uv":[0.0,0.0,0.75,0.0],"rotation":0,"texture":"#1","tintindex":0},"up":{"uv":[10.25,4.5,11.75,3.75],"rotation":0,"texture":"#1","tintindex":0},"down":{"uv":[11.75,3.75,10.25,4.5],"rotation":0,"texture":"#1","tintindex":0}}},{"from":[7.285714,9.758247,4.960538],"to":[8.428572,10.329676,5.531966],"rotation":{"angle":0.0,"axis":"y","origin":[7.857143,-3.9560385,7.817681]},"faces":{"east":{"uv":[10.0,3.75,10.25,4.0],"rotation":0,"texture":"#1","tintindex":0},"south":{"uv":[11.75,1.25,12.25,1.5],"rotation":0,"texture":"#1","tintindex":0},"north":{"uv":[1.25,11.75,1.75,12.0],"rotation":0,"texture":"#1","tintindex":0},"west":{"uv":[1.75,11.75,2.0,12.0],"rotation":0,"texture":"#1","tintindex":0},"up":{"uv":[12.25,1.75,11.75,1.5],"rotation":0,"texture":"#1","tintindex":0},"down":{"uv":[12.25,1.75,11.75,2.0],"rotation":0,"texture":"#1","tintindex":0}}},{"from":[5.3310037,9.758247,7.8835216],"to":[5.902432,11.472533,9.026379],"rotation":{"angle":-22.5,"axis":"y","origin":[5.616718,10.61539,8.45495]},"faces":{"east":{"uv":[3.5,9.5,4.0,10.25],"rotation":0,"texture":"#1","tintindex":0},"south":{"uv":[1.25,10.0,1.5,10.75],"rotation":0,"texture":"#1","tintindex":0},"north":{"uv":[8.25,9.25,8.5,10.0],"rotation":0,"texture":"#1","tintindex":0},"west":{"uv":[4.5,11.25,5.0,12.0],"rotation":0,"texture":"#1","tintindex":0},"up":{"uv":[1.5,11.25,1.25,10.75],"rotation":0,"texture":"#1","tintindex":0},"down":{"uv":[1.5,11.25,1.25,11.75],"rotation":0,"texture":"#1","tintindex":0}}},{"from":[3.8571424,11.472533,4.3891096],"to":[11.857143,12.043962,12.38911],"rotation":{"angle":22.5,"axis":"x","origin":[7.857143,12.186819,8.38911]},"faces":{"east":{"uv":[10.25,5.5,13.75,5.75],"rotation":0,"texture":"#1","tintindex":0},"south":{"uv":[10.5,8.0,14.0,8.25],"rotation":0,"texture":"#1","tintindex":0},"north":{"uv":[10.25,5.25,13.75,5.5],"rotation":0,"texture":"#1","tintindex":0},"west":{"uv":[10.5,8.25,14.0,8.5],"rotation":0,"texture":"#1","tintindex":0},"up":{"uv":[3.5,3.5,0.0,0.0],"rotation":0,"texture":"#1","tintindex":0},"down":{"uv":[3.5,3.5,0.0,7.0],"rotation":0,"texture":"#1","tintindex":0}}},{"from":[5.285714,12.043962,5.817681],"to":[10.428572,14.329676,10.960538],"rotation":{"angle":22.5,"axis":"x","origin":[7.857143,12.186819,8.38911]},"faces":{"east":{"uv":[7.75,1.0,10.0,2.0],"rotation":0,"texture":"#1","tintindex":0},"south":{"uv":[7.75,2.0,10.0,3.0],"rotation":0,"texture":"#1","tintindex":0},"north":{"uv":[7.75,0.0,10.0,1.0],"rotation":0,"texture":"#1","tintindex":0},"west":{"uv":[7.75,3.0,10.0,4.0],"rotation":0,"texture":"#1","tintindex":0},"up":{"uv":[7.75,2.25,5.5,0.0],"rotation":0,"texture":"#1","tintindex":0},"down":{"uv":[7.75,2.25,5.5,4.5],"rotation":0,"texture":"#1","tintindex":0}}},{"from":[9.811853,9.758247,7.8835216],"to":[10.383282,11.472533,9.026379],"rotation":{"angle":22.5,"axis":"y","origin":[10.0975685,10.61539,8.45495]},"faces":{"east":{"uv":[5.0,11.25,4.5,12.0],"rotation":0,"texture":"#1","tintindex":0},"south":{"uv":[1.5,10.0,1.25,10.75],"rotation":0,"texture":"#1","tintindex":0},"north":{"uv":[8.5,9.25,8.25,10.0],"rotation":0,"texture":"#1","tintindex":0},"west":{"uv":[4.0,9.5,3.5,10.25],"rotation":0,"texture":"#1","tintindex":0},"up":{"uv":[1.25,11.25,1.5,10.75],"rotation":0,"texture":"#1","tintindex":0},"down":{"uv":[1.25,11.25,1.5,11.75],"rotation":0,"texture":"#1","tintindex":0}}},{"from":[6.714286,13.221481,2.354446],"to":[10.142858,13.221481,4.0687323],"rotation":{"angle":45.0,"axis":"x","origin":[8.428572,13.221481,3.2115889]},"faces":{"east":{"uv":[0.0,0.0,0.75,0.0],"rotation":0,"texture":"#1","tintindex":0},"south":{"uv":[0.0,0.0,1.5,0.0],"rotation":0,"texture":"#1","tintindex":0},"north":{"uv":[0.0,0.0,1.5,0.0],"rotation":0,"texture":"#1","tintindex":0},"west":{"uv":[0.0,0.0,0.75,0.0],"rotation":0,"texture":"#1","tintindex":0},"up":{"uv":[10.25,9.25,11.75,8.5],"rotation":0,"texture":"#1","tintindex":0},"down":{"uv":[11.75,8.5,10.25,9.25],"rotation":0,"texture":"#1","tintindex":0}}}],"display":{"head":{"translation":[0.0,-6.4,0.0],"scale":[4.0,4.0,4.0]}}}