{"textures":{"1":"modelengine:entity/bug_catcher"},"elements":[{"from":[8.0,3.8571424,6.0],"to":[9.142858,5.0,7.142857],"rotation":{"angle":0.0,"axis":"y","origin":[13.428572,0.0,6.857143]},"faces":{"east":{"uv":[9.0,11.25,9.5,11.75],"rotation":0,"texture":"#1","tintindex":0},"south":{"uv":[11.25,11.25,11.75,11.75],"rotation":0,"texture":"#1","tintindex":0},"north":{"uv":[6.0,11.25,6.5,11.75],"rotation":0,"texture":"#1","tintindex":0},"west":{"uv":[3.5,11.5,4.0,12.0],"rotation":0,"texture":"#1","tintindex":0},"up":{"uv":[4.5,12.0,4.0,11.5],"rotation":0,"texture":"#1","tintindex":0},"down":{"uv":[7.5,11.5,7.0,12.0],"rotation":0,"texture":"#1","tintindex":0}}},{"from":[7.142857,4.0,6.285714],"to":[8.857143,8.0,8.0],"rotation":{"angle":0.0,"axis":"y","origin":[13.428572,0.0,6.857143]},"faces":{"east":{"uv":[5.75,9.5,6.5,11.25],"rotation":0,"texture":"#1","tintindex":0},"south":{"uv":[9.5,8.5,10.25,10.25],"rotation":0,"texture":"#1","tintindex":0},"north":{"uv":[5.0,9.5,5.75,11.25],"rotation":0,"texture":"#1","tintindex":0},"west":{"uv":[0.0,10.0,0.75,11.75],"rotation":0,"texture":"#1","tintindex":0},"up":{"uv":[11.75,3.25,11.0,2.5],"rotation":0,"texture":"#1","tintindex":0},"down":{"uv":[11.75,5.75,11.0,6.5],"rotation":0,"texture":"#1","tintindex":0}}}],"display":{"head":{"translation":[0.0,-6.4,0.0],"scale":[4.0,4.0,4.0]}}}