{"textures":{"1":"modelengine:entity/bug_catcher","2":"modelengine:entity/bugnet"},"elements":[{"from":[9.965941,5.1618114,-4.051778],"to":[9.965941,6.3046684,-0.05177784],"rotation":{"angle":0.0,"axis":"y","origin":[5.3714285,3.3428574,9.714286]},"faces":{"east":{"uv":[0.5,4.5,0.0,6.25],"rotation":90,"texture":"#2","tintindex":0},"south":{"uv":[0.0,0.5,0.0,0.0],"rotation":180,"texture":"#2","tintindex":0},"north":{"uv":[0.0,0.0,0.0,0.5],"rotation":0,"texture":"#2","tintindex":0},"west":{"uv":[3.25,4.25,2.75,6.0],"rotation":270,"texture":"#2","tintindex":0},"up":{"uv":[0.0,1.75,0.0,0.0],"rotation":180,"texture":"#2","tintindex":0},"down":{"uv":[0.0,1.75,0.0,0.0],"rotation":0,"texture":"#2","tintindex":0}}},{"from":[5.394512,4.5903826,-4.623206],"to":[10.53737,5.1618114,-4.051778],"rotation":{"angle":0.0,"axis":"y","origin":[5.3714285,3.3428574,9.714286]},"faces":{"east":{"uv":[12.75,1.0,12.5,1.25],"rotation":90,"texture":"#2","tintindex":0},"south":{"uv":[12.5,1.5,10.25,1.25],"rotation":180,"texture":"#2","tintindex":0},"north":{"uv":[12.5,0.75,10.25,1.0],"rotation":0,"texture":"#2","tintindex":0},"west":{"uv":[10.25,1.0,10.0,1.25],"rotation":270,"texture":"#2","tintindex":0},"up":{"uv":[10.25,1.25,12.5,1.0],"rotation":180,"texture":"#2","tintindex":0},"down":{"uv":[10.25,1.25,12.5,1.0],"rotation":0,"texture":"#2","tintindex":0}}},{"from":[5.965941,5.1618114,-0.05177784],"to":[9.965941,6.3046684,-0.05177784],"rotation":{"angle":0.0,"axis":"y","origin":[5.3714285,3.3428574,9.714286]},"faces":{"east":{"uv":[0.5,0.0,0.0,0.0],"rotation":90,"texture":"#2","tintindex":0},"south":{"uv":[6.25,4.25,4.5,3.75],"rotation":180,"texture":"#2","tintindex":0},"north":{"uv":[6.0,3.25,4.25,3.75],"rotation":0,"texture":"#2","tintindex":0},"west":{"uv":[0.5,0.0,0.0,0.0],"rotation":270,"texture":"#2","tintindex":0},"up":{"uv":[0.0,0.0,1.75,0.0],"rotation":180,"texture":"#2","tintindex":0},"down":{"uv":[0.0,0.0,1.75,0.0],"rotation":0,"texture":"#2","tintindex":0}}},{"from":[5.394512,4.5903826,-4.051778],"to":[5.965941,5.1618114,-0.05177784],"rotation":{"angle":0.0,"axis":"y","origin":[5.3714285,3.3428574,9.714286]},"faces":{"east":{"uv":[10.0,1.25,9.75,3.0],"rotation":90,"texture":"#2","tintindex":0},"south":{"uv":[5.25,3.0,5.0,2.75],"rotation":180,"texture":"#2","tintindex":0},"north":{"uv":[5.25,2.5,5.0,2.75],"rotation":0,"texture":"#2","tintindex":0},"west":{"uv":[9.75,1.25,9.5,3.0],"rotation":270,"texture":"#2","tintindex":0},"up":{"uv":[9.25,3.0,9.5,1.25],"rotation":180,"texture":"#2","tintindex":0},"down":{"uv":[10.0,3.0,10.25,1.25],"rotation":0,"texture":"#2","tintindex":0}}},{"from":[7.142857,4.0,6.285714],"to":[8.857143,8.0,8.0],"rotation":{"angle":0.0,"axis":"y","origin":[2.5714283,0.0,6.857143]},"faces":{"east":{"uv":[0.75,10.0,0.0,11.75],"rotation":0,"texture":"#1","tintindex":0},"south":{"uv":[10.25,8.5,9.5,10.25],"rotation":0,"texture":"#1","tintindex":0},"north":{"uv":[5.75,9.5,5.0,11.25],"rotation":0,"texture":"#1","tintindex":0},"west":{"uv":[6.5,9.5,5.75,11.25],"rotation":0,"texture":"#1","tintindex":0},"up":{"uv":[11.0,3.25,11.75,2.5],"rotation":0,"texture":"#1","tintindex":0},"down":{"uv":[11.0,5.75,11.75,6.5],"rotation":0,"texture":"#1","tintindex":0}}},{"from":[5.965941,5.1618114,-4.051778],"to":[5.965941,6.3046684,-0.05177784],"rotation":{"angle":0.0,"axis":"y","origin":[5.3714285,3.3428574,9.714286]},"faces":{"east":{"uv":[2.75,4.25,2.25,6.0],"rotation":90,"texture":"#2","tintindex":0},"south":{"uv":[0.0,0.5,0.0,0.0],"rotation":180,"texture":"#2","tintindex":0},"north":{"uv":[0.0,0.0,0.0,0.5],"rotation":0,"texture":"#2","tintindex":0},"west":{"uv":[4.75,1.5,4.25,3.25],"rotation":270,"texture":"#2","tintindex":0},"up":{"uv":[0.0,1.75,0.0,0.0],"rotation":180,"texture":"#2","tintindex":0},"down":{"uv":[0.0,1.75,0.0,0.0],"rotation":0,"texture":"#2","tintindex":0}}},{"from":[7.680227,4.5903826,0.51965094],"to":[8.251656,5.1618114,10.233937],"rotation":{"angle":0.0,"axis":"y","origin":[5.3714285,3.3428574,9.714286]},"faces":{"east":{"uv":[11.0,3.5,10.75,7.75],"rotation":90,"texture":"#2","tintindex":0},"south":{"uv":[3.25,2.5,3.0,2.25],"rotation":180,"texture":"#2","tintindex":0},"north":{"uv":[3.25,2.0,3.0,2.25],"rotation":0,"texture":"#2","tintindex":0},"west":{"uv":[11.25,3.5,11.0,7.75],"rotation":270,"texture":"#2","tintindex":0},"up":{"uv":[11.5,7.75,11.75,3.5],"rotation":180,"texture":"#2","tintindex":0},"down":{"uv":[11.25,7.75,11.5,3.5],"rotation":0,"texture":"#2","tintindex":0}}},{"from":[9.965941,4.5903826,-4.051778],"to":[10.53737,5.1618114,-0.05177784],"rotation":{"angle":0.0,"axis":"y","origin":[5.3714285,3.3428574,9.714286]},"faces":{"east":{"uv":[13.25,1.25,13.0,3.0],"rotation":90,"texture":"#2","tintindex":0},"south":{"uv":[3.25,2.0,3.0,1.75],"rotation":180,"texture":"#2","tintindex":0},"north":{"uv":[3.25,1.5,3.0,1.75],"rotation":0,"texture":"#2","tintindex":0},"west":{"uv":[13.0,1.25,12.75,3.0],"rotation":270,"texture":"#2","tintindex":0},"up":{"uv":[13.25,3.0,13.5,1.25],"rotation":180,"texture":"#2","tintindex":0},"down":{"uv":[12.5,3.0,12.75,1.25],"rotation":0,"texture":"#2","tintindex":0}}},{"from":[6.5373697,7.4273357,-2.4665794],"to":[9.394512,9.71305,0.39056396],"rotation":{"angle":22.5,"axis":"x","origin":[1.0857139,9.057143,-2.5714293]},"faces":{"east":{"uv":[4.25,4.0,3.25,2.75],"rotation":90,"texture":"#2","tintindex":0},"south":{"uv":[1.25,4.5,0.0,3.5],"rotation":180,"texture":"#2","tintindex":0},"north":{"uv":[4.5,4.0,3.25,5.0],"rotation":0,"texture":"#2","tintindex":0},"west":{"uv":[4.25,2.75,3.25,1.5],"rotation":270,"texture":"#2","tintindex":0},"up":{"uv":[1.75,1.25,3.0,2.5],"rotation":180,"texture":"#2","tintindex":0},"down":{"uv":[1.75,0.0,3.0,1.25],"rotation":0,"texture":"#2","tintindex":0}}},{"from":[5.965941,5.1618114,-4.051778],"to":[9.965941,6.3046684,-4.051778],"rotation":{"angle":0.0,"axis":"y","origin":[5.3714285,3.3428574,9.714286]},"faces":{"east":{"uv":[0.5,0.0,0.0,0.0],"rotation":90,"texture":"#2","tintindex":0},"south":{"uv":[6.5,0.5,4.75,0.0],"rotation":180,"texture":"#2","tintindex":0},"north":{"uv":[6.25,4.25,4.5,4.75],"rotation":0,"texture":"#2","tintindex":0},"west":{"uv":[0.5,0.0,0.0,0.0],"rotation":270,"texture":"#2","tintindex":0},"up":{"uv":[0.0,0.0,1.75,0.0],"rotation":180,"texture":"#2","tintindex":0},"down":{"uv":[0.0,0.0,1.75,0.0],"rotation":0,"texture":"#2","tintindex":0}}},{"from":[5.394512,4.5903826,-0.05177784],"to":[10.53737,5.1618114,0.51965094],"rotation":{"angle":0.0,"axis":"y","origin":[5.3714285,3.3428574,9.714286]},"faces":{"east":{"uv":[10.5,3.0,10.25,3.25],"rotation":90,"texture":"#2","tintindex":0},"south":{"uv":[12.5,3.5,10.25,3.25],"rotation":180,"texture":"#2","tintindex":0},"north":{"uv":[12.5,2.75,10.25,3.0],"rotation":0,"texture":"#2","tintindex":0},"west":{"uv":[12.5,3.0,12.25,3.25],"rotation":270,"texture":"#2","tintindex":0},"up":{"uv":[10.25,2.75,12.5,2.5],"rotation":180,"texture":"#2","tintindex":0},"down":{"uv":[10.25,3.25,12.5,3.0],"rotation":0,"texture":"#2","tintindex":0}}},{"from":[5.965941,6.3046684,-4.051778],"to":[9.965941,8.018954,-0.05177784],"rotation":{"angle":0.0,"axis":"y","origin":[5.3714285,3.3428574,9.714286]},"faces":{"east":{"uv":[3.25,2.5,2.5,4.25],"rotation":90,"texture":"#2","tintindex":0},"south":{"uv":[4.75,1.5,3.0,0.75],"rotation":180,"texture":"#2","tintindex":0},"north":{"uv":[4.75,0.0,3.0,0.75],"rotation":0,"texture":"#2","tintindex":0},"west":{"uv":[2.5,2.5,1.75,4.25],"rotation":270,"texture":"#2","tintindex":0},"up":{"uv":[0.0,3.5,1.75,1.75],"rotation":180,"texture":"#2","tintindex":0},"down":{"uv":[0.0,1.75,1.75,0.0],"rotation":0,"texture":"#2","tintindex":0}}},{"from":[6.857143,3.8571424,6.0],"to":[8.0,5.0,7.142857],"rotation":{"angle":0.0,"axis":"y","origin":[2.5714283,0.0,6.857143]},"faces":{"east":{"uv":[4.0,11.5,3.5,12.0],"rotation":0,"texture":"#1","tintindex":0},"south":{"uv":[11.75,11.25,11.25,11.75],"rotation":0,"texture":"#1","tintindex":0},"north":{"uv":[6.5,11.25,6.0,11.75],"rotation":0,"texture":"#1","tintindex":0},"west":{"uv":[9.5,11.25,9.0,11.75],"rotation":0,"texture":"#1","tintindex":0},"up":{"uv":[4.0,12.0,4.5,11.5],"rotation":0,"texture":"#1","tintindex":0},"down":{"uv":[7.0,11.5,7.5,12.0],"rotation":0,"texture":"#1","tintindex":0}}}],"display":{"head":{"translation":[0.0,-6.4,0.0],"scale":[4.0,4.0,4.0]}}}