{"textures":{"1":"modelengine:entity/bug_catcher"},"elements":[{"from":[7.142857,4.5714283,7.428571],"to":[8.857143,5.714286,8.0],"rotation":{"angle":0.0,"axis":"y","origin":[6.857143,6.285714,8.857143]},"faces":{"east":{"uv":[8.5,10.0,8.25,10.5],"rotation":0,"texture":"#1","tintindex":0},"south":{"uv":[3.5,11.25,2.75,11.75],"rotation":0,"texture":"#1","tintindex":0},"north":{"uv":[11.75,3.25,11.0,3.75],"rotation":0,"texture":"#1","tintindex":0},"west":{"uv":[9.5,4.0,9.25,4.5],"rotation":0,"texture":"#1","tintindex":0},"up":{"uv":[0.0,12.0,0.75,11.75],"rotation":0,"texture":"#1","tintindex":0},"down":{"uv":[11.75,1.0,12.5,1.25],"rotation":0,"texture":"#1","tintindex":0}}},{"from":[7.142857,4.5714283,8.0],"to":[8.857143,8.0,9.714286],"rotation":{"angle":0.0,"axis":"y","origin":[6.857143,6.285714,8.857143]},"faces":{"east":{"uv":[9.0,10.5,8.25,12.0],"rotation":0,"texture":"#1","tintindex":0},"south":{"uv":[11.25,6.5,10.5,8.0],"rotation":0,"texture":"#1","tintindex":0},"north":{"uv":[11.0,9.25,10.25,10.75],"rotation":0,"texture":"#1","tintindex":0},"west":{"uv":[10.25,10.25,9.5,11.75],"rotation":0,"texture":"#1","tintindex":0},"up":{"uv":[11.0,10.75,11.75,10.0],"rotation":0,"texture":"#1","tintindex":0},"down":{"uv":[2.0,11.25,2.75,12.0],"rotation":0,"texture":"#1","tintindex":0}}}],"display":{"head":{"translation":[0.0,-6.4,0.0],"scale":[4.0,4.0,4.0]}}}