{"textures":{"1":"modelengine:entity/bug_catcher"},"elements":[{"from":[7.142857,4.0,7.142857],"to":[8.857143,5.142857,8.857143],"rotation":{"angle":0.0,"axis":"y","origin":[6.857143,2.2857141,8.0]},"faces":{"east":{"uv":[12.0,10.75,11.25,11.25],"rotation":0,"texture":"#1","tintindex":0},"south":{"uv":[12.0,7.5,11.25,8.0],"rotation":0,"texture":"#1","tintindex":0},"north":{"uv":[12.0,6.5,11.25,7.0],"rotation":0,"texture":"#1","tintindex":0},"west":{"uv":[12.0,7.0,11.25,7.5],"rotation":0,"texture":"#1","tintindex":0},"up":{"uv":[7.5,11.75,8.25,11.0],"rotation":0,"texture":"#1","tintindex":0},"down":{"uv":[11.0,9.25,11.75,10.0],"rotation":0,"texture":"#1","tintindex":0}}},{"from":[6.857143,5.142857,6.857143],"to":[9.142858,8.0,9.142858],"rotation":{"angle":0.0,"axis":"y","origin":[6.857143,2.2857141,8.0]},"faces":{"east":{"uv":[4.5,10.25,3.5,11.5],"rotation":0,"texture":"#1","tintindex":0},"south":{"uv":[11.0,2.5,10.0,3.75],"rotation":0,"texture":"#1","tintindex":0},"north":{"uv":[11.0,0.0,10.0,1.25],"rotation":0,"texture":"#1","tintindex":0},"west":{"uv":[11.0,1.25,10.0,2.5],"rotation":0,"texture":"#1","tintindex":0},"up":{"uv":[10.25,11.75,11.25,10.75],"rotation":0,"texture":"#1","tintindex":0},"down":{"uv":[11.0,0.0,12.0,1.0],"rotation":0,"texture":"#1","tintindex":0}}}],"display":{"head":{"translation":[0.0,-6.4,0.0],"scale":[4.0,4.0,4.0]}}}