{"textures":{"0":"modelengine:entity/mso_miner_dwarf"},"elements":[{"from":[7.142857,5.540948,4.7515182],"to":[8.857143,6.855234,6.465804],"rotation":{"angle":0.0,"axis":"y","origin":[5.285714,5.540948,5.8943753]},"faces":{"east":{"uv":[6.75,5.5,7.125,5.75],"rotation":0,"texture":"#0","tintindex":0},"south":{"uv":[7.625,3.625,8.0,3.875],"rotation":0,"texture":"#0","tintindex":0},"north":{"uv":[3.375,3.75,3.75,4.0],"rotation":0,"texture":"#0","tintindex":0},"west":{"uv":[8.625,7.25,9.0,7.5],"rotation":0,"texture":"#0","tintindex":0},"up":{"uv":[5.75,5.0,5.375,4.625],"rotation":0,"texture":"#0","tintindex":0},"down":{"uv":[0.625,8.375,0.25,8.75],"rotation":0,"texture":"#0","tintindex":0}}},{"from":[7.0,5.540948,6.465804],"to":[9.0,7.1123767,8.608662],"rotation":{"angle":0.0,"axis":"y","origin":[8.0,6.1123767,5.608661]},"faces":{"east":{"uv":[8.0,0.375,8.5,0.75],"rotation":0,"texture":"#0","tintindex":0},"south":{"uv":[8.0,3.625,8.5,4.0],"rotation":0,"texture":"#0","tintindex":0},"north":{"uv":[8.0,0.0,8.5,0.375],"rotation":0,"texture":"#0","tintindex":0},"west":{"uv":[8.0,4.0,8.5,4.375],"rotation":0,"texture":"#0","tintindex":0},"up":{"uv":[6.875,7.75,6.375,7.25],"rotation":0,"texture":"#0","tintindex":0},"down":{"uv":[7.75,7.0,7.25,7.5],"rotation":0,"texture":"#0","tintindex":0}}},{"from":[7.0857143,5.1123767,3.1800895],"to":[8.914286,6.6838055,5.0372324],"rotation":{"angle":22.5,"axis":"x","origin":[8.0,6.1123767,5.608661]},"faces":{"east":{"uv":[8.375,5.0,8.75,5.375],"rotation":0,"texture":"#0","tintindex":0},"south":{"uv":[7.25,8.375,7.625,8.75],"rotation":0,"texture":"#0","tintindex":0},"north":{"uv":[8.375,2.375,8.75,2.75],"rotation":0,"texture":"#0","tintindex":0},"west":{"uv":[8.375,8.25,8.75,8.625],"rotation":0,"texture":"#0","tintindex":0},"up":{"uv":[8.875,0.375,8.5,0.0],"rotation":0,"texture":"#0","tintindex":0},"down":{"uv":[8.875,0.375,8.5,0.75],"rotation":0,"texture":"#0","tintindex":0}}},{"from":[7.028571,6.6838055,6.9515185],"to":[8.971429,8.255234,9.18009],"rotation":{"angle":22.5,"axis":"x","origin":[8.0,7.8980913,7.465804]},"faces":{"east":{"uv":[8.0,5.5,8.5,5.875],"rotation":0,"texture":"#0","tintindex":0},"south":{"uv":[1.75,8.5,2.125,8.875],"rotation":0,"texture":"#0","tintindex":0},"north":{"uv":[8.5,1.125,8.875,1.5],"rotation":0,"texture":"#0","tintindex":0},"west":{"uv":[8.0,6.625,8.5,7.0],"rotation":0,"texture":"#0","tintindex":0},"up":{"uv":[7.25,3.625,6.875,3.125],"rotation":0,"texture":"#0","tintindex":0},"down":{"uv":[7.25,8.0,6.875,8.5],"rotation":0,"texture":"#0","tintindex":0}}}],"display":{"head":{"translation":[0.0,-6.4,0.0],"scale":[4.0,4.0,4.0]}}}