{"textures":{"0":"modelengine:entity/mso_miner_dwarf"},"elements":[{"from":[6.357143,8.142858,7.785714],"to":[6.928571,8.714286,8.928572],"rotation":{"angle":0.0,"axis":"y","origin":[6.928571,6.428571,6.785714]},"faces":{"east":{"uv":[1.0,5.0,1.25,5.125],"rotation":0,"texture":"#0","tintindex":0},"south":{"uv":[2.0,5.75,2.125,5.875],"rotation":0,"texture":"#0","tintindex":0},"north":{"uv":[2.5,3.625,2.625,3.75],"rotation":0,"texture":"#0","tintindex":0},"west":{"uv":[6.875,0.5,7.125,0.625],"rotation":0,"texture":"#0","tintindex":0},"up":{"uv":[1.75,7.125,1.625,6.875],"rotation":0,"texture":"#0","tintindex":0},"down":{"uv":[7.25,1.25,7.125,1.5],"rotation":0,"texture":"#0","tintindex":0}}},{"from":[6.928571,7.142857,7.0714283],"to":[8.785714,8.857143,8.928572],"rotation":{"angle":0.0,"axis":"y","origin":[6.928571,6.5714283,6.785714]},"faces":{"east":{"uv":[0.625,8.625,1.0,9.0],"rotation":0,"texture":"#0","tintindex":0},"south":{"uv":[8.625,0.75,9.0,1.125],"rotation":0,"texture":"#0","tintindex":0},"north":{"uv":[8.5,7.875,8.875,8.25],"rotation":0,"texture":"#0","tintindex":0},"west":{"uv":[1.0,8.625,1.375,9.0],"rotation":0,"texture":"#0","tintindex":0},"up":{"uv":[1.75,9.0,1.375,8.625],"rotation":0,"texture":"#0","tintindex":0},"down":{"uv":[9.0,1.5,8.625,1.875],"rotation":0,"texture":"#0","tintindex":0}}}],"display":{"head":{"translation":[0.0,-6.4,0.0],"scale":[4.0,4.0,4.0]}}}