{"textures":{"0":"modelengine:entity/mso_miner_dwarf"},"elements":[{"from":[9.071428,7.285714,7.785714],"to":[9.642858,7.857143,8.928572],"rotation":{"angle":0.0,"axis":"y","origin":[9.071428,5.5714283,6.785714]},"faces":{"east":{"uv":[7.5,5.0,7.75,5.125],"rotation":0,"texture":"#0","tintindex":0},"south":{"uv":[7.125,1.5,7.25,1.625],"rotation":0,"texture":"#0","tintindex":0},"north":{"uv":[2.125,6.125,2.25,6.25],"rotation":0,"texture":"#0","tintindex":0},"west":{"uv":[8.5,4.25,8.75,4.375],"rotation":0,"texture":"#0","tintindex":0},"up":{"uv":[1.75,7.375,1.625,7.125],"rotation":0,"texture":"#0","tintindex":0},"down":{"uv":[2.125,7.375,2.0,7.625],"rotation":0,"texture":"#0","tintindex":0}}},{"from":[7.214286,6.285714,7.0714283],"to":[9.071428,8.0,8.928572],"rotation":{"angle":0.0,"axis":"y","origin":[9.071428,5.714286,6.785714]},"faces":{"east":{"uv":[8.625,6.875,9.0,7.25],"rotation":0,"texture":"#0","tintindex":0},"south":{"uv":[8.375,8.625,8.75,9.0],"rotation":0,"texture":"#0","tintindex":0},"north":{"uv":[6.0,8.625,6.375,9.0],"rotation":0,"texture":"#0","tintindex":0},"west":{"uv":[0.25,8.75,0.625,9.125],"rotation":0,"texture":"#0","tintindex":0},"up":{"uv":[9.125,2.75,8.75,2.375],"rotation":0,"texture":"#0","tintindex":0},"down":{"uv":[9.125,4.25,8.75,4.625],"rotation":0,"texture":"#0","tintindex":0}}}],"display":{"head":{"translation":[0.0,-6.4,0.0],"scale":[4.0,4.0,4.0]}}}