{"textures":{"0":"modelengine:entity/mso_miner_dwarf"},"elements":[{"from":[7.285714,5.3963957,7.7342553],"to":[8.714286,8.824967,9.162827],"rotation":{"angle":-22.5,"axis":"x","origin":[8.0,7.1821103,8.734255]},"faces":{"east":{"uv":[7.0,2.125,7.375,2.875],"rotation":0,"texture":"#0","tintindex":0},"south":{"uv":[7.125,0.5,7.5,1.25],"rotation":0,"texture":"#0","tintindex":0},"north":{"uv":[6.875,6.75,7.25,7.5],"rotation":0,"texture":"#0","tintindex":0},"west":{"uv":[4.375,7.125,4.75,7.875],"rotation":0,"texture":"#0","tintindex":0},"up":{"uv":[8.875,2.375,8.5,2.0],"rotation":0,"texture":"#0","tintindex":0},"down":{"uv":[2.5,8.5,2.125,8.875],"rotation":0,"texture":"#0","tintindex":0}}}],"display":{"head":{"translation":[0.0,-6.4,0.0],"scale":[4.0,4.0,4.0]}}}