{"textures":{"0":"modelengine:entity/mso_miner_dwarf"},"elements":[{"from":[7.285714,5.3963957,7.7342553],"to":[8.714286,8.824967,9.162827],"rotation":{"angle":-22.5,"axis":"x","origin":[8.0,7.1821103,8.734255]},"faces":{"east":{"uv":[7.125,5.5,7.5,6.25],"rotation":0,"texture":"#0","tintindex":0},"south":{"uv":[7.25,1.25,7.625,2.0],"rotation":0,"texture":"#0","tintindex":0},"north":{"uv":[4.75,7.125,5.125,7.875],"rotation":0,"texture":"#0","tintindex":0},"west":{"uv":[7.25,3.125,7.625,3.875],"rotation":0,"texture":"#0","tintindex":0},"up":{"uv":[2.875,8.875,2.5,8.5],"rotation":0,"texture":"#0","tintindex":0},"down":{"uv":[3.25,8.5,2.875,8.875],"rotation":0,"texture":"#0","tintindex":0}}}],"display":{"head":{"translation":[0.0,-6.4,0.0],"scale":[4.0,4.0,4.0]}}}