{"textures":{"0":"modelengine:entity/mso_miner_dwarf"},"elements":[{"from":[6.285714,6.5714283,6.857143],"to":[9.714286,8.0,8.428572],"rotation":{"angle":0.0,"axis":"y","origin":[8.0,9.357143,9.642858]},"faces":{"east":{"uv":[1.75,8.875,2.125,9.25],"rotation":0,"texture":"#0","tintindex":0},"south":{"uv":[7.25,4.25,8.0,4.625],"rotation":0,"texture":"#0","tintindex":0},"north":{"uv":[7.25,3.875,8.0,4.25],"rotation":0,"texture":"#0","tintindex":0},"west":{"uv":[8.875,1.875,9.25,2.25],"rotation":0,"texture":"#0","tintindex":0},"up":{"uv":[6.375,7.625,5.625,7.25],"rotation":0,"texture":"#0","tintindex":0},"down":{"uv":[8.0,6.625,7.25,7.0],"rotation":0,"texture":"#0","tintindex":0}}}],"display":{"head":{"translation":[0.0,-6.4,0.0],"scale":[4.0,4.0,4.0]}}}