{"textures":{"0":"modelengine:entity/mso_miner_dwarf"},"elements":[{"from":[7.0857143,5.1123767,3.1800895],"to":[8.914286,6.6838055,5.0372324],"rotation":{"angle":22.5,"axis":"x","origin":[8.0,6.1123767,5.608661]},"faces":{"east":{"uv":[4.75,8.5,5.125,8.875],"rotation":0,"texture":"#0","tintindex":0},"south":{"uv":[8.5,5.375,8.875,5.75],"rotation":0,"texture":"#0","tintindex":0},"north":{"uv":[8.5,3.875,8.875,4.25],"rotation":0,"texture":"#0","tintindex":0},"west":{"uv":[8.5,5.75,8.875,6.125],"rotation":0,"texture":"#0","tintindex":0},"up":{"uv":[8.875,6.5,8.5,6.125],"rotation":0,"texture":"#0","tintindex":0},"down":{"uv":[8.875,6.5,8.5,6.875],"rotation":0,"texture":"#0","tintindex":0}}},{"from":[7.0,5.540948,6.465804],"to":[9.0,7.1123767,8.608662],"rotation":{"angle":0.0,"axis":"y","origin":[8.0,6.1123767,5.608661]},"faces":{"east":{"uv":[4.875,8.125,5.375,8.5],"rotation":0,"texture":"#0","tintindex":0},"south":{"uv":[0.75,8.25,1.25,8.625],"rotation":0,"texture":"#0","tintindex":0},"north":{"uv":[8.125,1.625,8.625,2.0],"rotation":0,"texture":"#0","tintindex":0},"west":{"uv":[1.25,8.25,1.75,8.625],"rotation":0,"texture":"#0","tintindex":0},"up":{"uv":[7.875,2.5,7.375,2.0],"rotation":0,"texture":"#0","tintindex":0},"down":{"uv":[8.0,0.0,7.5,0.5],"rotation":0,"texture":"#0","tintindex":0}}},{"from":[7.142857,5.540948,4.7515182],"to":[8.857143,6.855234,6.465804],"rotation":{"angle":0.0,"axis":"y","origin":[10.714286,5.540948,5.8943753]},"faces":{"east":{"uv":[2.75,8.875,3.125,9.125],"rotation":0,"texture":"#0","tintindex":0},"south":{"uv":[3.125,8.875,3.5,9.125],"rotation":0,"texture":"#0","tintindex":0},"north":{"uv":[2.375,8.875,2.75,9.125],"rotation":0,"texture":"#0","tintindex":0},"west":{"uv":[8.875,3.125,9.25,3.375],"rotation":0,"texture":"#0","tintindex":0},"up":{"uv":[8.875,3.875,8.5,3.5],"rotation":0,"texture":"#0","tintindex":0},"down":{"uv":[4.0,8.5,3.625,8.875],"rotation":0,"texture":"#0","tintindex":0}}},{"from":[7.028571,6.6838055,6.9515185],"to":[8.971429,8.255234,9.18009],"rotation":{"angle":22.5,"axis":"x","origin":[8.0,7.8980913,7.465804]},"faces":{"east":{"uv":[7.25,8.0,7.75,8.375],"rotation":0,"texture":"#0","tintindex":0},"south":{"uv":[3.25,8.5,3.625,8.875],"rotation":0,"texture":"#0","tintindex":0},"north":{"uv":[8.5,3.125,8.875,3.5],"rotation":0,"texture":"#0","tintindex":0},"west":{"uv":[8.125,0.75,8.625,1.125],"rotation":0,"texture":"#0","tintindex":0},"up":{"uv":[8.5,1.625,8.125,1.125],"rotation":0,"texture":"#0","tintindex":0},"down":{"uv":[8.5,3.125,8.125,3.625],"rotation":0,"texture":"#0","tintindex":0}}}],"display":{"head":{"translation":[0.0,-6.4,0.0],"scale":[4.0,4.0,4.0]}}}