{"textures":{"0":"modelengine:entity/mso_miner_dwarf"},"elements":[{"from":[9.0,9.0644655,4.47016],"to":[10.714286,10.778751,5.1844454],"rotation":{"angle":-22.5,"axis":"y","origin":[8.428572,9.707322,6.827303]},"faces":{"east":{"uv":[1.25,2.5,1.375,2.875],"rotation":0,"texture":"#0","tintindex":0},"south":{"uv":[8.75,8.25,9.125,8.625],"rotation":0,"texture":"#0","tintindex":0},"north":{"uv":[7.625,8.75,8.0,9.125],"rotation":0,"texture":"#0","tintindex":0},"west":{"uv":[1.25,2.875,1.375,3.25],"rotation":0,"texture":"#0","tintindex":0},"up":{"uv":[9.375,1.125,9.0,1.0],"rotation":0,"texture":"#0","tintindex":0},"down":{"uv":[9.5,2.75,9.125,2.875],"rotation":0,"texture":"#0","tintindex":0}}},{"from":[7.142857,8.0644655,1.8130169],"to":[8.857143,9.693037,4.1844454],"rotation":{"angle":-22.5,"axis":"x","origin":[8.0,8.5644655,1.3987308]},"faces":{"east":{"uv":[4.25,8.25,4.75,8.625],"rotation":0,"texture":"#0","tintindex":0},"south":{"uv":[8.875,1.125,9.25,1.5],"rotation":0,"texture":"#0","tintindex":0},"north":{"uv":[8.875,0.375,9.25,0.75],"rotation":0,"texture":"#0","tintindex":0},"west":{"uv":[8.25,4.625,8.75,5.0],"rotation":0,"texture":"#0","tintindex":0},"up":{"uv":[8.625,7.5,8.25,7.0],"rotation":0,"texture":"#0","tintindex":0},"down":{"uv":[8.125,8.25,7.75,8.75],"rotation":0,"texture":"#0","tintindex":0}}},{"from":[5.8571424,9.464465,4.1273026],"to":[10.142858,12.978751,8.841589],"rotation":{"angle":-22.5,"axis":"x","origin":[8.0,10.821608,6.4844456]},"faces":{"east":{"uv":[4.75,5.0,5.75,5.75],"rotation":0,"texture":"#0","tintindex":0},"south":{"uv":[1.0,5.125,2.0,5.875],"rotation":0,"texture":"#0","tintindex":0},"north":{"uv":[3.75,5.0,4.75,5.75],"rotation":0,"texture":"#0","tintindex":0},"west":{"uv":[0.0,5.375,1.0,6.125],"rotation":0,"texture":"#0","tintindex":0},"up":{"uv":[5.625,2.0,4.625,1.0],"rotation":0,"texture":"#0","tintindex":0},"down":{"uv":[5.625,2.0,4.625,3.0],"rotation":0,"texture":"#0","tintindex":0}}},{"from":[8.514286,9.093037,1.8130169],"to":[9.285714,10.035894,3.5558739],"rotation":{"angle":-22.5,"axis":"z","origin":[8.428572,9.221608,2.9987311]},"faces":{"east":{"uv":[9.0,0.75,9.375,1.0],"rotation":0,"texture":"#0","tintindex":0},"south":{"uv":[1.625,9.0,1.75,9.25],"rotation":0,"texture":"#0","tintindex":0},"north":{"uv":[4.625,8.625,4.75,8.875],"rotation":0,"texture":"#0","tintindex":0},"west":{"uv":[1.0,9.0,1.375,9.25],"rotation":0,"texture":"#0","tintindex":0},"up":{"uv":[6.5,4.0,6.375,3.625],"rotation":0,"texture":"#0","tintindex":0},"down":{"uv":[6.75,0.625,6.625,1.0],"rotation":0,"texture":"#0","tintindex":0}}},{"from":[7.428571,9.293036,2.7558737],"to":[8.571428,10.864466,5.755874],"rotation":{"angle":-45.0,"axis":"x","origin":[8.0,8.650179,3.3987312]},"faces":{"east":{"uv":[4.25,7.875,4.875,8.25],"rotation":0,"texture":"#0","tintindex":0},"south":{"uv":[8.875,7.75,9.125,8.125],"rotation":0,"texture":"#0","tintindex":0},"north":{"uv":[7.0,8.875,7.25,9.25],"rotation":0,"texture":"#0","tintindex":0},"west":{"uv":[7.875,6.25,8.5,6.625],"rotation":0,"texture":"#0","tintindex":0},"up":{"uv":[2.5,4.75,2.25,4.125],"rotation":0,"texture":"#0","tintindex":0},"down":{"uv":[1.25,4.375,1.0,5.0],"rotation":0,"texture":"#0","tintindex":0}}},{"from":[5.714286,7.4930363,3.47016],"to":[10.285714,11.921608,8.184445],"rotation":{"angle":0.0,"axis":"y","origin":[8.0,9.707322,5.827303]},"faces":{"east":{"uv":[4.0,0.0,5.0,1.0],"rotation":0,"texture":"#0","tintindex":0},"south":{"uv":[3.375,4.0,4.375,5.0],"rotation":0,"texture":"#0","tintindex":0},"north":{"uv":[3.75,3.0,4.75,4.0],"rotation":0,"texture":"#0","tintindex":0},"west":{"uv":[1.25,4.125,2.25,5.125],"rotation":0,"texture":"#0","tintindex":0},"up":{"uv":[1.0,5.375,0.0,4.375],"rotation":0,"texture":"#0","tintindex":0},"down":{"uv":[5.375,4.0,4.375,5.0],"rotation":0,"texture":"#0","tintindex":0}}},{"from":[6.714286,9.093037,1.8130169],"to":[7.4857144,10.035894,3.5558739],"rotation":{"angle":22.5,"axis":"z","origin":[7.5714283,9.221608,2.9987311]},"faces":{"east":{"uv":[8.0,8.875,8.375,9.125],"rotation":0,"texture":"#0","tintindex":0},"south":{"uv":[7.625,8.375,7.75,8.625],"rotation":0,"texture":"#0","tintindex":0},"north":{"uv":[0.625,8.375,0.75,8.625],"rotation":0,"texture":"#0","tintindex":0},"west":{"uv":[0.625,9.0,1.0,9.25],"rotation":0,"texture":"#0","tintindex":0},"up":{"uv":[4.625,1.75,4.5,1.375],"rotation":0,"texture":"#0","tintindex":0},"down":{"uv":[2.25,5.75,2.125,6.125],"rotation":0,"texture":"#0","tintindex":0}}},{"from":[5.285714,9.0644655,4.47016],"to":[7.0,10.778751,5.1844454],"rotation":{"angle":22.5,"axis":"y","origin":[7.5714283,9.707322,6.827303]},"faces":{"east":{"uv":[2.5,3.25,2.625,3.625],"rotation":0,"texture":"#0","tintindex":0},"south":{"uv":[8.875,0.0,9.25,0.375],"rotation":0,"texture":"#0","tintindex":0},"north":{"uv":[8.75,8.625,9.125,9.0],"rotation":0,"texture":"#0","tintindex":0},"west":{"uv":[4.5,1.0,4.625,1.375],"rotation":0,"texture":"#0","tintindex":0},"up":{"uv":[9.5,3.75,9.125,3.625],"rotation":0,"texture":"#0","tintindex":0},"down":{"uv":[9.5,5.25,9.125,5.375],"rotation":0,"texture":"#0","tintindex":0}}}],"display":{"head":{"translation":[0.0,-6.4,0.0],"scale":[4.0,4.0,4.0]}}}