{"textures":{"0":"modelengine:entity/mso_miner_dwarf"},"elements":[{"from":[7.0,6.4439063,6.3003893],"to":[9.0,8.443907,9.814675],"rotation":{"angle":-22.5,"axis":"x","origin":[8.0,5.658192,7.2432466]},"faces":{"east":{"uv":[1.0,6.375,1.75,6.875],"rotation":0,"texture":"#0","tintindex":0},"south":{"uv":[0.5,7.375,1.0,7.875],"rotation":0,"texture":"#0","tintindex":0},"north":{"uv":[0.0,7.375,0.5,7.875],"rotation":0,"texture":"#0","tintindex":0},"west":{"uv":[6.5,1.625,7.25,2.125],"rotation":0,"texture":"#0","tintindex":0},"up":{"uv":[4.5,1.75,4.0,1.0],"rotation":0,"texture":"#0","tintindex":0},"down":{"uv":[7.0,2.125,6.5,2.875],"rotation":0,"texture":"#0","tintindex":0}}}],"display":{"head":{"translation":[0.0,-6.4,0.0],"scale":[4.0,4.0,4.0]}}}