{"textures":{"0":"modelengine:entity/mso_miner_dwarf"},"elements":[{"from":[7.0,6.4439063,6.3003893],"to":[9.0,8.443907,9.814675],"rotation":{"angle":-22.5,"axis":"x","origin":[8.0,5.658192,7.2432466]},"faces":{"east":{"uv":[6.5,3.625,7.25,4.125],"rotation":0,"texture":"#0","tintindex":0},"south":{"uv":[1.5,7.375,2.0,7.875],"rotation":0,"texture":"#0","tintindex":0},"north":{"uv":[1.0,7.375,1.5,7.875],"rotation":0,"texture":"#0","tintindex":0},"west":{"uv":[6.5,4.125,7.25,4.625],"rotation":0,"texture":"#0","tintindex":0},"up":{"uv":[0.5,7.375,0.0,6.625],"rotation":0,"texture":"#0","tintindex":0},"down":{"uv":[1.0,6.625,0.5,7.375],"rotation":0,"texture":"#0","tintindex":0}}}],"display":{"head":{"translation":[0.0,-6.4,0.0],"scale":[4.0,4.0,4.0]}}}