{
	"__comment": "Designed by Sefreneth with Cubik Studio - https://cubik.studio",
	"textures": {
		"ant": "custom/elitecreatures/insect/ant"
	},
	"elements": [ 	 
		{
			"__comment": "Box1",
			"from": [ 8.495, -0.25, 4.125 ],
			"to": [ 9.5885, 0.04524496, 4.420245 ],
			"rotation": { "origin": [ 8.495, -0.25, 4.125 ], "axis": "z", "angle": 45 },
			"faces": {
				"down": { "uv": [ 0, 15, 1, 16 ], "texture": "#ant", "rotation": 180 },
				"up": { "uv": [ 1, 15, 2, 16 ], "texture": "#ant", "rotation": 180 },
				"north": { "uv": [ 2, 15, 3, 16 ], "texture": "#ant", "rotation": 180 },
				"south": { "uv": [ 3, 15, 4, 16 ], "texture": "#ant", "rotation": 180 },
				"west": { "uv": [ 4, 15, 5, 16 ], "texture": "#ant" },
				"east": { "uv": [ 5, 15, 6, 16 ], "texture": "#ant" }
			}
		},
		{
			"__comment": "Box2",
			"from": [ 7.625, -0.5, 5.875 ],
			"to": [ 8.625, 0.5, 6.875 ],
			"rotation": { "origin": [ 7.625, -0.5, 5.875 ], "axis": "x", "angle": -45 },
			"faces": {
				"down": { "uv": [ 6, 15, 7, 16 ], "texture": "#ant" },
				"up": { "uv": [ 7, 15, 8, 16 ], "texture": "#ant" },
				"north": { "uv": [ 8, 15, 9, 16 ], "texture": "#ant" },
				"south": { "uv": [ 9, 15, 10, 16 ], "texture": "#ant" },
				"west": { "uv": [ 10, 15, 11, 16 ], "texture": "#ant" },
				"east": { "uv": [ 11, 15, 12, 16 ], "texture": "#ant" }
			}
		},
		{
			"__comment": "Box2",
			"from": [ 7.68, 0, 3.375 ],
			"to": [ 8.5825, 1, 3.875 ],
			"rotation": { "origin": [ 7.68, 0, 3.375 ], "axis": "x", "angle": 22.5 },
			"faces": {
				"down": { "uv": [ 12, 15, 13, 16 ], "texture": "#ant" },
				"up": { "uv": [ 13, 15, 14, 16 ], "texture": "#ant" },
				"north": { "uv": [ 14, 15, 15, 16 ], "texture": "#ant" },
				"south": { "uv": [ 15, 15, 16, 16 ], "texture": "#ant" },
				"west": { "uv": [ 0, 14, 1, 15 ], "texture": "#ant" },
				"east": { "uv": [ 0, 13, 1, 14 ], "texture": "#ant" }
			}
		},
		{
			"__comment": "Box2",
			"from": [ 7.75, -0.25, 4.25 ],
			"to": [ 8.485092, 0.4134203, 4.985092 ],
			"rotation": { "origin": [ 7.75, -0.25, 4.25 ], "axis": "x", "angle": -22.5 },
			"faces": {
				"down": { "uv": [ 0, 12, 1, 13 ], "texture": "#ant" },
				"up": { "uv": [ 0, 11, 1, 12 ], "texture": "#ant" },
				"north": { "uv": [ 0, 10, 1, 11 ], "texture": "#ant" },
				"south": { "uv": [ 0, 9, 1, 10 ], "texture": "#ant" },
				"west": { "uv": [ 0, 8, 1, 9 ], "texture": "#ant" },
				"east": { "uv": [ 0, 7, 1, 8 ], "texture": "#ant" }
			}
		},
		{
			"__comment": "Box2",
			"from": [ 7.75, -0.5, 6.125 ],
			"to": [ 8.485092, 0.1634203, 6.860092 ],
			"rotation": { "origin": [ 7.75, -0.5, 6.125 ], "axis": "x", "angle": -45 },
			"faces": {
				"down": { "uv": [ 0, 6, 1, 7 ], "texture": "#ant" },
				"up": { "uv": [ 0, 5, 1, 6 ], "texture": "#ant" },
				"north": { "uv": [ 0, 4, 1, 5 ], "texture": "#ant" },
				"south": { "uv": [ 0, 3, 1, 4 ], "texture": "#ant" },
				"west": { "uv": [ 0, 2, 1, 3 ], "texture": "#ant" },
				"east": { "uv": [ 0, 1, 1, 2 ], "texture": "#ant" }
			}
		},
		{
			"__comment": "Box2",
			"from": [ 7.74, -0.375, 5 ],
			"to": [ 8.511847, 0.2884203, 5.735092 ],
			"rotation": { "origin": [ 7.74, -0.375, 5 ], "axis": "x", "angle": -45 },
			"faces": {
				"down": { "uv": [ 0, 0, 1, 1 ], "texture": "#ant" },
				"up": { "uv": [ 1, 14, 2, 15 ], "texture": "#ant" },
				"north": { "uv": [ 2, 14, 3, 15 ], "texture": "#ant" },
				"south": { "uv": [ 3, 14, 4, 15 ], "texture": "#ant" },
				"west": { "uv": [ 4, 14, 5, 15 ], "texture": "#ant" },
				"east": { "uv": [ 5, 14, 6, 15 ], "texture": "#ant" }
			}
		},
		{
			"__comment": "Box1",
			"from": [ 7.78, 1.125, 2.7679 ],
			"to": [ 7.846663, 1.191664, 3.49995 ],
			"faces": {
				"down": { "uv": [ 10, 14, 11, 15 ], "texture": "#ant", "rotation": 270 },
				"up": { "uv": [ 10, 14, 11, 15 ], "texture": "#ant", "rotation": 270 },
				"north": { "uv": [ 10, 14, 11, 15 ], "texture": "#ant", "rotation": 270 },
				"south": { "uv": [ 10, 14, 11, 15 ], "texture": "#ant", "rotation": 270 },
				"west": { "uv": [ 10, 14, 11, 15 ], "texture": "#ant", "rotation": 270 },
				"east": { "uv": [ 10, 14, 11, 15 ], "texture": "#ant", "rotation": 270 }
			}
		},
		{
			"__comment": "Box1",
			"from": [ 8.495, -0.25, 5.25 ],
			"to": [ 9.5885, 0.04524496, 5.545245 ],
			"rotation": { "origin": [ 8.495, -0.25, 4.125 ], "axis": "z", "angle": 45 },
			"faces": {
				"down": { "uv": [ 12, 14, 13, 15 ], "texture": "#ant", "rotation": 180 },
				"up": { "uv": [ 13, 14, 14, 15 ], "texture": "#ant", "rotation": 180 },
				"north": { "uv": [ 14, 14, 15, 15 ], "texture": "#ant", "rotation": 180 },
				"south": { "uv": [ 15, 14, 16, 15 ], "texture": "#ant", "rotation": 180 },
				"west": { "uv": [ 1, 13, 2, 14 ], "texture": "#ant" },
				"east": { "uv": [ 1, 12, 2, 13 ], "texture": "#ant" }
			}
		},
		{
			"__comment": "Box1",
			"from": [ 8.495, -0.25, 4.75 ],
			"to": [ 9.5885, 0.04524496, 5.045245 ],
			"rotation": { "origin": [ 8.495, -0.25, 4.125 ], "axis": "z", "angle": 45 },
			"faces": {
				"down": { "uv": [ 1, 11, 2, 12 ], "texture": "#ant", "rotation": 180 },
				"up": { "uv": [ 1, 10, 2, 11 ], "texture": "#ant", "rotation": 180 },
				"north": { "uv": [ 1, 9, 2, 10 ], "texture": "#ant", "rotation": 180 },
				"south": { "uv": [ 1, 8, 2, 9 ], "texture": "#ant", "rotation": 180 },
				"west": { "uv": [ 1, 7, 2, 8 ], "texture": "#ant" },
				"east": { "uv": [ 1, 6, 2, 7 ], "texture": "#ant" }
			}
		},
		{
			"__comment": "Box1",
			"from": [ 7, 0.5, 4.125 ],
			"to": [ 8.0935, 0.7952449, 4.420245 ],
			"rotation": { "origin": [ 7, 0.5, 4.125 ], "axis": "z", "angle": -45 },
			"faces": {
				"down": { "uv": [ 1, 5, 2, 6 ], "texture": "#ant", "rotation": 180 },
				"up": { "uv": [ 1, 4, 2, 5 ], "texture": "#ant", "rotation": 180 },
				"north": { "uv": [ 1, 3, 2, 4 ], "texture": "#ant", "rotation": 180 },
				"south": { "uv": [ 1, 2, 2, 3 ], "texture": "#ant", "rotation": 180 },
				"west": { "uv": [ 1, 1, 2, 2 ], "texture": "#ant" },
				"east": { "uv": [ 1, 0, 2, 1 ], "texture": "#ant" }
			}
		},
		{
			"__comment": "Box1",
			"from": [ 7, 0.5, 4.75 ],
			"to": [ 8.0935, 0.7952449, 5.045245 ],
			"rotation": { "origin": [ 7, 0.5, 4.75 ], "axis": "z", "angle": -45 },
			"faces": {
				"down": { "uv": [ 2, 13, 3, 14 ], "texture": "#ant", "rotation": 180 },
				"up": { "uv": [ 3, 13, 4, 14 ], "texture": "#ant", "rotation": 180 },
				"north": { "uv": [ 4, 13, 5, 14 ], "texture": "#ant", "rotation": 180 },
				"south": { "uv": [ 5, 13, 6, 14 ], "texture": "#ant", "rotation": 180 },
				"west": { "uv": [ 6, 13, 7, 14 ], "texture": "#ant" },
				"east": { "uv": [ 7, 13, 8, 14 ], "texture": "#ant" }
			}
		},
		{
			"__comment": "Box1",
			"from": [ 9.0721, -0.825, 4.1387 ],
			"to": [ 9.287333, 0.5639678, 4.353933 ],
			"rotation": { "origin": [ 9, 0.375, 4.875 ], "axis": "z", "angle": 22.5 },
			"faces": {
				"down": { "uv": [ 5, 12, 6, 13 ], "texture": "#ant", "rotation": 90 },
				"up": { "uv": [ 5, 12, 6, 13 ], "texture": "#ant", "rotation": 90 },
				"north": { "uv": [ 5, 12, 6, 13 ], "texture": "#ant", "rotation": 90 },
				"south": { "uv": [ 5, 12, 6, 13 ], "texture": "#ant", "rotation": 90 },
				"west": { "uv": [ 5, 12, 6, 13 ], "texture": "#ant", "rotation": 90 },
				"east": { "uv": [ 5, 12, 6, 13 ], "texture": "#ant", "rotation": 90 }
			}
		},
		{
			"__comment": "Box1",
			"from": [ 7, 0.5, 5.25 ],
			"to": [ 8.0935, 0.7952449, 5.545245 ],
			"rotation": { "origin": [ 7, 0.5, 5.25 ], "axis": "z", "angle": -45 },
			"faces": {
				"down": { "uv": [ 14, 13, 15, 14 ], "texture": "#ant", "rotation": 180 },
				"up": { "uv": [ 15, 13, 16, 14 ], "texture": "#ant", "rotation": 180 },
				"north": { "uv": [ 2, 12, 3, 13 ], "texture": "#ant", "rotation": 180 },
				"south": { "uv": [ 2, 11, 3, 12 ], "texture": "#ant", "rotation": 180 },
				"west": { "uv": [ 2, 10, 3, 11 ], "texture": "#ant" },
				"east": { "uv": [ 2, 9, 3, 10 ], "texture": "#ant" }
			}
		},
		{
			"__comment": "Box1",
			"from": [ 8.9297, -0.9356, 5.4626 ],
			"to": [ 9.168848, 0.8694264, 5.701748 ],
			"rotation": { "origin": [ 8.875, 0.5, 5.75 ], "axis": "x", "angle": -45 },
			"faces": {
				"down": { "uv": [ 5, 12, 6, 13 ], "texture": "#ant", "rotation": 90 },
				"up": { "uv": [ 5, 12, 6, 13 ], "texture": "#ant", "rotation": 90 },
				"north": { "uv": [ 5, 12, 6, 13 ], "texture": "#ant", "rotation": 90 },
				"south": { "uv": [ 5, 12, 6, 13 ], "texture": "#ant", "rotation": 90 },
				"west": { "uv": [ 5, 12, 6, 13 ], "texture": "#ant", "rotation": 90 },
				"east": { "uv": [ 5, 12, 6, 13 ], "texture": "#ant", "rotation": 90 }
			}
		},
		{
			"__comment": "Box1",
			"from": [ 9.0721, -0.825, 4.7637 ],
			"to": [ 9.287333, 0.5639678, 4.978933 ],
			"rotation": { "origin": [ 9, 0.375, 4.875 ], "axis": "z", "angle": 22.5 },
			"faces": {
				"down": { "uv": [ 5, 12, 6, 13 ], "texture": "#ant", "rotation": 90 },
				"up": { "uv": [ 5, 12, 6, 13 ], "texture": "#ant", "rotation": 90 },
				"north": { "uv": [ 5, 12, 6, 13 ], "texture": "#ant", "rotation": 90 },
				"south": { "uv": [ 5, 12, 6, 13 ], "texture": "#ant", "rotation": 90 },
				"west": { "uv": [ 5, 12, 6, 13 ], "texture": "#ant", "rotation": 90 },
				"east": { "uv": [ 5, 12, 6, 13 ], "texture": "#ant", "rotation": 90 }
			}
		},
		{
			"__comment": "Box1",
			"from": [ 6.9471, -0.575, 4.7637 ],
			"to": [ 7.162333, 0.8139678, 4.978933 ],
			"rotation": { "origin": [ 6.875, 0.625, 4.875 ], "axis": "z", "angle": -22.5 },
			"faces": {
				"down": { "uv": [ 5, 12, 6, 13 ], "texture": "#ant", "rotation": 90 },
				"up": { "uv": [ 5, 12, 6, 13 ], "texture": "#ant", "rotation": 90 },
				"north": { "uv": [ 5, 12, 6, 13 ], "texture": "#ant", "rotation": 90 },
				"south": { "uv": [ 5, 12, 6, 13 ], "texture": "#ant", "rotation": 90 },
				"west": { "uv": [ 5, 12, 6, 13 ], "texture": "#ant", "rotation": 90 },
				"east": { "uv": [ 5, 12, 6, 13 ], "texture": "#ant", "rotation": 90 }
			}
		},
		{
			"__comment": "Box1",
			"from": [ 6.9471, -0.575, 4.1387 ],
			"to": [ 7.162333, 0.8139678, 4.353933 ],
			"rotation": { "origin": [ 6.875, 0.625, 4.25 ], "axis": "z", "angle": -22.5 },
			"faces": {
				"down": { "uv": [ 5, 12, 6, 13 ], "texture": "#ant", "rotation": 90 },
				"up": { "uv": [ 5, 12, 6, 13 ], "texture": "#ant", "rotation": 90 },
				"north": { "uv": [ 5, 12, 6, 13 ], "texture": "#ant", "rotation": 90 },
				"south": { "uv": [ 5, 12, 6, 13 ], "texture": "#ant", "rotation": 90 },
				"west": { "uv": [ 5, 12, 6, 13 ], "texture": "#ant", "rotation": 90 },
				"east": { "uv": [ 5, 12, 6, 13 ], "texture": "#ant", "rotation": 90 }
			}
		},
		{
			"__comment": "Box1",
			"from": [ 6.9297, -0.9356, 5.4626 ],
			"to": [ 7.168849, 0.8694264, 5.701748 ],
			"rotation": { "origin": [ 6.875, 0.5, 5.75 ], "axis": "x", "angle": -45 },
			"faces": {
				"down": { "uv": [ 5, 12, 6, 13 ], "texture": "#ant", "rotation": 90 },
				"up": { "uv": [ 5, 12, 6, 13 ], "texture": "#ant", "rotation": 90 },
				"north": { "uv": [ 5, 12, 6, 13 ], "texture": "#ant", "rotation": 90 },
				"south": { "uv": [ 5, 12, 6, 13 ], "texture": "#ant", "rotation": 90 },
				"west": { "uv": [ 5, 12, 6, 13 ], "texture": "#ant", "rotation": 90 },
				"east": { "uv": [ 5, 12, 6, 13 ], "texture": "#ant", "rotation": 90 }
			}
		},
		{
			"__comment": "Box1",
			"from": [ 7.875, -0.125, 3.25 ],
			"to": [ 8.375, 0.375, 3.75 ],
			"rotation": { "origin": [ 7.875, -0.125, 3.25 ], "axis": "x", "angle": 22.5 },
			"faces": {
				"down": { "uv": [ 3, 3, 4, 4 ], "texture": "#ant" },
				"up": { "uv": [ 3, 2, 4, 3 ], "texture": "#ant" },
				"north": { "uv": [ 3, 1, 4, 2 ], "texture": "#ant" },
				"south": { "uv": [ 3, 0, 4, 1 ], "texture": "#ant" },
				"west": { "uv": [ 4, 11, 5, 12 ], "texture": "#ant" },
				"east": { "uv": [ 5, 11, 6, 12 ], "texture": "#ant" }
			}
		},
		{
			"__comment": "Box1",
			"from": [ 7.75, 0.75, 3.75 ],
			"to": [ 7.880203, 1.25, 3.880203 ],
			"rotation": { "origin": [ 7.75, 0.75, 3.75 ], "axis": "x", "angle": -45 },
			"faces": {
				"down": { "uv": [ 5, 12, 6, 13 ], "texture": "#ant", "rotation": 90 },
				"up": { "uv": [ 5, 12, 6, 13 ], "texture": "#ant", "rotation": 90 },
				"north": { "uv": [ 5, 12, 6, 13 ], "texture": "#ant", "rotation": 90 },
				"south": { "uv": [ 5, 12, 6, 13 ], "texture": "#ant", "rotation": 90 },
				"west": { "uv": [ 5, 12, 6, 13 ], "texture": "#ant", "rotation": 90 },
				"east": { "uv": [ 5, 12, 6, 13 ], "texture": "#ant", "rotation": 90 }
			}
		},
		{
			"__comment": "Box1",
			"from": [ 8.375, 0.75, 3.75 ],
			"to": [ 8.505203, 1.25, 3.880203 ],
			"rotation": { "origin": [ 8.375, 0.75, 3.75 ], "axis": "x", "angle": -45 },
			"faces": {
				"down": { "uv": [ 5, 12, 6, 13 ], "texture": "#ant", "rotation": 90 },
				"up": { "uv": [ 5, 12, 6, 13 ], "texture": "#ant", "rotation": 90 },
				"north": { "uv": [ 5, 12, 6, 13 ], "texture": "#ant", "rotation": 90 },
				"south": { "uv": [ 5, 12, 6, 13 ], "texture": "#ant", "rotation": 90 },
				"west": { "uv": [ 5, 12, 6, 13 ], "texture": "#ant", "rotation": 90 },
				"east": { "uv": [ 5, 12, 6, 13 ], "texture": "#ant", "rotation": 90 }
			}
		},
		{
			"__comment": "Box1",
			"from": [ 8.415, 1.125, 2.7679 ],
			"to": [ 8.481664, 1.191664, 3.49995 ],
			"faces": {
				"down": { "uv": [ 10, 14, 11, 15 ], "texture": "#ant", "rotation": 270 },
				"up": { "uv": [ 10, 14, 11, 15 ], "texture": "#ant", "rotation": 270 },
				"north": { "uv": [ 10, 14, 11, 15 ], "texture": "#ant", "rotation": 270 },
				"south": { "uv": [ 10, 14, 11, 15 ], "texture": "#ant", "rotation": 270 },
				"west": { "uv": [ 10, 14, 11, 15 ], "texture": "#ant", "rotation": 270 },
				"east": { "uv": [ 10, 14, 11, 15 ], "texture": "#ant", "rotation": 270 }
			}
		}
	],
	"display": {
		"thirdperson_righthand": {
			"rotation":  [ 72, -2, 0 ],
			"translation":  [ 0.6956, -0.695, 9.0434 ]
		},
		"thirdperson_lefthand": {
			"rotation":  [ 72, -2, 0 ],
			"translation":  [ 0.6956, -0.695, 9.0434 ]
		},
		"firstperson_righthand": {
			"translation":  [ 13.217, 11.826, -6.26 ],
			"scale":  [ 2, 2, 2 ]
		},
		"firstperson_lefthand": {
			"translation":  [ 13.217, 11.826, -6.26 ],
			"scale":  [ 2, 2, 2 ]
		},
		"gui": {
			"rotation":  [ 92, 53, -53 ],
			"translation":  [ 12.521, 6.2611, 0 ],
			"scale":  [ 2, 2, 2 ]
		},
		"head": {
			"translation":  [ 0, -27.12, 0 ],
			"scale":  [ 2, 2, 2 ]
		},
		"ground": {
			"translation":  [ 0, 9.0434, 0 ],
			"scale":  [ 2, 2, 2 ]
		},
		"fixed": {
			"rotation":  [ -90, 0, 0 ],
			"translation":  [ 0.0003, 7.6521, -20.17 ],
			"scale":  [ 2.5, 2.5, 2.5 ]
		}
	}
}