{
	"credit": "Made with Blockbench",
	"texture_size": [32, 32],
	"textures": {
		"0": "custom/elitecreatures/insect/anthill",
		"particle": "custom/elitecreatures/insect/anthill"
	},
	"elements": [
		{
			"from": [7, 0, 5],
			"to": [14, 4, 12],
			"rotation": {"angle": 0, "axis": "y", "origin": [15, 8, 15]},
			"faces": {
				"north": {"uv": [3.5, 3.5, 7, 5.5], "texture": "#0"},
				"east": {"uv": [3.5, 3.5, 7, 5.5], "texture": "#0"},
				"south": {"uv": [3.5, 3.5, 7, 5.5], "texture": "#0"},
				"west": {"uv": [3.5, 3.5, 7, 5.5], "texture": "#0"},
				"up": {"uv": [3.5, 3.5, 0, 0], "texture": "#0"},
				"down": {"uv": [3.5, 3.5, 0, 7], "texture": "#0"}
			}
		},
		{
			"from": [8, 4, 6],
			"to": [13, 7, 11],
			"rotation": {"angle": 0, "axis": "y", "origin": [15, 12, 15]},
			"faces": {
				"north": {"uv": [3.5, 2, 6, 3.5], "texture": "#0"},
				"east": {"uv": [3.5, 2, 6, 3.5], "texture": "#0"},
				"south": {"uv": [3.5, 2, 6, 3.5], "texture": "#0"},
				"west": {"uv": [3.5, 2, 6, 3.5], "texture": "#0"},
				"up": {"uv": [9.5, 9.5, 7, 7], "texture": "#0"},
				"down": {"uv": [9.5, 0, 7, 2.5], "texture": "#0"}
			}
		},
		{
			"from": [9, 7, 7],
			"to": [12, 9, 10],
			"rotation": {"angle": 0, "axis": "y", "origin": [15, 15, 15]},
			"faces": {
				"north": {"uv": [0, 9, 1.5, 10], "texture": "#0"},
				"east": {"uv": [0, 9, 1.5, 10], "texture": "#0"},
				"south": {"uv": [0, 9, 1.5, 10], "texture": "#0"},
				"west": {"uv": [0, 9, 1.5, 10], "texture": "#0"},
				"up": {"uv": [0, 9, 1.5, 10], "texture": "#0"},
				"down": {"uv": [6.5, 7.5, 5, 9], "texture": "#0"}
			}
		}
	],
	"display": {
		"thirdperson_righthand": {
			"rotation": [56, 0, 0],
			"translation": [-2.25, 2.305, 2.3695]
		},
		"thirdperson_lefthand": {
			"rotation": [56, 0, 0],
			"translation": [2, 2.305, 2.3695]
		},
		"firstperson_righthand": {
			"translation": [8.3478, 11.9891, 0],
			"scale": [2, 2, 2]
		},
		"firstperson_lefthand": {
			"translation": [12.9782, 9.7391, 0],
			"scale": [2, 2, 2]
		},
		"ground": {
			"translation": [0, 4.8695, 0]
		},
		"gui": {
			"translation": [-3.6087, 5.9021, 2.7826],
			"scale": [1.5, 1.5, 1.5]
		},
		"head": {
			"translation": [-9.2389, -12.75, 0],
			"scale": [4, 4, 4]
		},
		"fixed": {
			"rotation": [-90, 0, 0],
			"translation": [-9.4674, -2.5109, -31.141],
			"scale": [4, 4, 4]
		}
	}
}