{
	"credit": "Made with Blockbench",
	"textures": {
		"antqueen": "custom/elitecreatures/insect/blackantsoldier"
	},
	"elements": [
		{
			"name": "Box1",
			"from": [8.4356, -0.22, 4.7],
			"to": [9.39788, 0.03982, 4.95982],
			"rotation": {"angle": 45, "axis": "z", "origin": [8.4356, -0.22, 4.7]},
			"faces": {
				"north": {"uv": [2, 15, 3, 16], "rotation": 180, "texture": "#antqueen"},
				"east": {"uv": [5, 15, 6, 16], "texture": "#antqueen"},
				"south": {"uv": [3, 15, 4, 16], "rotation": 180, "texture": "#antqueen"},
				"west": {"uv": [4, 15, 5, 16], "texture": "#antqueen"},
				"up": {"uv": [1, 15, 2, 16], "rotation": 180, "texture": "#antqueen"},
				"down": {"uv": [0, 15, 1, 16], "rotation": 180, "texture": "#antqueen"}
			}
		},
		{
			"name": "Box2",
			"from": [7.56, -0.33, 6.57],
			"to": [8.73128, 0.84128, 7.74128],
			"rotation": {"angle": -45, "axis": "x", "origin": [7.56, -0.33, 6.57]},
			"faces": {
				"north": {"uv": [8, 15, 9, 16], "texture": "#antqueen"},
				"east": {"uv": [11, 15, 12, 16], "texture": "#antqueen"},
				"south": {"uv": [9, 15, 10, 16], "texture": "#antqueen"},
				"west": {"uv": [10, 15, 11, 16], "texture": "#antqueen"},
				"up": {"uv": [7, 15, 8, 16], "texture": "#antqueen"},
				"down": {"uv": [6, 15, 7, 16], "texture": "#antqueen"}
			}
		},
		{
			"name": "Box2",
			"from": [7.6, 0.5, 3.2],
			"to": [8.6, 1.3, 4.4],
			"rotation": {"angle": -22.5, "axis": "x", "origin": [7.70124, 1.011, 4.831]},
			"faces": {
				"north": {"uv": [12, 15, 13, 16], "rotation": 180, "texture": "#antqueen"},
				"east": {"uv": [0, 13, 1, 14], "rotation": 270, "texture": "#antqueen"},
				"south": {"uv": [13, 15, 14, 16], "texture": "#antqueen"},
				"west": {"uv": [0, 14, 1, 15], "rotation": 90, "texture": "#antqueen"},
				"up": {"uv": [14, 15, 15, 16], "rotation": 180, "texture": "#antqueen"},
				"down": {"uv": [15, 15, 16, 16], "texture": "#antqueen"}
			}
		},
		{
			"name": "Box2",
			"from": [7.7, -0.22, 4.7],
			"to": [8.5, 0.68, 5.48273],
			"rotation": {"angle": -22.5, "axis": "x", "origin": [7.78, -0.22, 4.7]},
			"faces": {
				"north": {"uv": [0, 10, 1, 11], "texture": "#antqueen"},
				"east": {"uv": [0, 7, 1, 8], "texture": "#antqueen"},
				"south": {"uv": [0, 9, 1, 10], "texture": "#antqueen"},
				"west": {"uv": [0, 8, 1, 9], "texture": "#antqueen"},
				"up": {"uv": [0, 11, 1, 12], "texture": "#antqueen"},
				"down": {"uv": [0, 12, 1, 13], "texture": "#antqueen"}
			}
		},
		{
			"name": "Box3",
			"from": [7.5, 0.11, 2.9],
			"to": [7.8, 0.51, 3.5],
			"rotation": {"angle": -22.5, "axis": "y", "origin": [7.78, -0.22, 3.7]},
			"faces": {
				"north": {"uv": [0, 10, 1, 11], "texture": "#antqueen"},
				"east": {"uv": [0, 7, 1, 8], "texture": "#antqueen"},
				"south": {"uv": [0, 9, 1, 10], "texture": "#antqueen"},
				"west": {"uv": [0, 8, 1, 9], "texture": "#antqueen"},
				"up": {"uv": [0, 11, 1, 12], "texture": "#antqueen"},
				"down": {"uv": [0, 12, 1, 13], "texture": "#antqueen"}
			}
		},
		{
			"name": "Box4",
			"from": [8.4, 0.1, 2.75],
			"to": [8.7, 0.5, 3.35],
			"rotation": {"angle": 22.5, "axis": "y", "origin": [8.78, -0.22, 3.7]},
			"faces": {
				"north": {"uv": [0, 10, 1, 11], "texture": "#antqueen"},
				"east": {"uv": [0, 7, 1, 8], "texture": "#antqueen"},
				"south": {"uv": [0, 9, 1, 10], "texture": "#antqueen"},
				"west": {"uv": [0, 8, 1, 9], "texture": "#antqueen"},
				"up": {"uv": [0, 11, 1, 12], "texture": "#antqueen"},
				"down": {"uv": [0, 12, 1, 13], "texture": "#antqueen"}
			}
		},
		{
			"name": "Box2",
			"from": [7.70643, -0.33, 6.86286],
			"to": [8.56743, 0.44705, 7.72386],
			"rotation": {"angle": -45, "axis": "x", "origin": [7.70641, -0.33, 6.86282]},
			"faces": {
				"north": {"uv": [0, 4, 1, 5], "texture": "#antqueen"},
				"east": {"uv": [0, 1, 1, 2], "texture": "#antqueen"},
				"south": {"uv": [0, 3, 1, 4], "texture": "#antqueen"},
				"west": {"uv": [0, 2, 1, 3], "texture": "#antqueen"},
				"up": {"uv": [0, 5, 1, 6], "texture": "#antqueen"},
				"down": {"uv": [0, 6, 1, 7], "texture": "#antqueen"}
			}
		},
		{
			"name": "Box2",
			"from": [7.7712, -0.11, 5.58],
			"to": [8.45043, 0.79, 6.38],
			"rotation": {"angle": -45, "axis": "x", "origin": [7.7712, -0.11, 5.58]},
			"faces": {
				"north": {"uv": [2, 14, 3, 15], "texture": "#antqueen"},
				"east": {"uv": [5, 14, 6, 15], "texture": "#antqueen"},
				"south": {"uv": [3, 14, 4, 15], "texture": "#antqueen"},
				"west": {"uv": [4, 14, 5, 15], "texture": "#antqueen"},
				"up": {"uv": [1, 14, 2, 15], "texture": "#antqueen"},
				"down": {"uv": [0, 0, 1, 1], "texture": "#antqueen"}
			}
		},
		{
			"name": "Box1",
			"from": [7.79804, 1.35, 3.24334],
			"to": [7.86257, 1.41453, 3.95196],
			"rotation": {"angle": 0, "axis": "y", "origin": [8, 7.04, 8]},
			"faces": {
				"north": {"uv": [10, 14, 11, 15], "rotation": 270, "texture": "#antqueen"},
				"east": {"uv": [10, 14, 11, 15], "rotation": 270, "texture": "#antqueen"},
				"south": {"uv": [10, 14, 11, 15], "rotation": 270, "texture": "#antqueen"},
				"west": {"uv": [10, 14, 11, 15], "rotation": 270, "texture": "#antqueen"},
				"up": {"uv": [10, 14, 11, 15], "rotation": 270, "texture": "#antqueen"},
				"down": {"uv": [10, 14, 11, 15], "rotation": 270, "texture": "#antqueen"}
			}
		},
		{
			"name": "Box1",
			"from": [8.4356, -0.22, 5.58],
			"to": [9.39788, 0.03982, 5.83982],
			"rotation": {"angle": 45, "axis": "z", "origin": [8.4356, -0.22, 4.59]},
			"faces": {
				"north": {"uv": [14, 14, 15, 15], "rotation": 180, "texture": "#antqueen"},
				"east": {"uv": [1, 12, 2, 13], "texture": "#antqueen"},
				"south": {"uv": [15, 14, 16, 15], "rotation": 180, "texture": "#antqueen"},
				"west": {"uv": [1, 13, 2, 14], "texture": "#antqueen"},
				"up": {"uv": [13, 14, 14, 15], "rotation": 180, "texture": "#antqueen"},
				"down": {"uv": [12, 14, 13, 15], "rotation": 180, "texture": "#antqueen"}
			}
		},
		{
			"name": "Box1",
			"from": [8.4356, -0.22, 5.14],
			"to": [9.39788, 0.03982, 5.39982],
			"rotation": {"angle": 45, "axis": "z", "origin": [8.4356, -0.22, 4.59]},
			"faces": {
				"north": {"uv": [1, 9, 2, 10], "rotation": 180, "texture": "#antqueen"},
				"east": {"uv": [1, 6, 2, 7], "texture": "#antqueen"},
				"south": {"uv": [1, 8, 2, 9], "rotation": 180, "texture": "#antqueen"},
				"west": {"uv": [1, 7, 2, 8], "texture": "#antqueen"},
				"up": {"uv": [1, 10, 2, 11], "rotation": 180, "texture": "#antqueen"},
				"down": {"uv": [1, 11, 2, 12], "rotation": 180, "texture": "#antqueen"}
			}
		},
		{
			"name": "Box1",
			"from": [7.12, 0.44, 4.7],
			"to": [8.08228, 0.69982, 4.95982],
			"rotation": {"angle": -45, "axis": "z", "origin": [7.12, 0.44, 4.7]},
			"faces": {
				"north": {"uv": [1, 3, 2, 4], "rotation": 180, "texture": "#antqueen"},
				"east": {"uv": [1, 0, 2, 1], "texture": "#antqueen"},
				"south": {"uv": [1, 2, 2, 3], "rotation": 180, "texture": "#antqueen"},
				"west": {"uv": [1, 1, 2, 2], "texture": "#antqueen"},
				"up": {"uv": [1, 4, 2, 5], "rotation": 180, "texture": "#antqueen"},
				"down": {"uv": [1, 5, 2, 6], "rotation": 180, "texture": "#antqueen"}
			}
		},
		{
			"name": "Box1",
			"from": [7.12, 0.44, 5.14],
			"to": [8.08228, 0.69982, 5.39982],
			"rotation": {"angle": -45, "axis": "z", "origin": [7.12, 0.44, 5.14]},
			"faces": {
				"north": {"uv": [4, 13, 5, 14], "rotation": 180, "texture": "#antqueen"},
				"east": {"uv": [7, 13, 8, 14], "texture": "#antqueen"},
				"south": {"uv": [5, 13, 6, 14], "rotation": 180, "texture": "#antqueen"},
				"west": {"uv": [6, 13, 7, 14], "texture": "#antqueen"},
				"up": {"uv": [3, 13, 4, 14], "rotation": 180, "texture": "#antqueen"},
				"down": {"uv": [2, 13, 3, 14], "rotation": 180, "texture": "#antqueen"}
			}
		},
		{
			"name": "Box1",
			"from": [8.94345, -0.726, 4.71206],
			"to": [9.13285, 0.49629, 4.90146],
			"rotation": {"angle": 22.5, "axis": "z", "origin": [8.88, 0.33, 5.36]},
			"faces": {
				"north": {"uv": [5, 12, 6, 13], "rotation": 90, "texture": "#antqueen"},
				"east": {"uv": [5, 12, 6, 13], "rotation": 90, "texture": "#antqueen"},
				"south": {"uv": [5, 12, 6, 13], "rotation": 90, "texture": "#antqueen"},
				"west": {"uv": [5, 12, 6, 13], "rotation": 90, "texture": "#antqueen"},
				"up": {"uv": [5, 12, 6, 13], "rotation": 90, "texture": "#antqueen"},
				"down": {"uv": [5, 12, 6, 13], "rotation": 90, "texture": "#antqueen"}
			}
		},
		{
			"name": "Box1",
			"from": [7.12, 0.44, 5.58],
			"to": [8.08228, 0.69982, 5.83982],
			"rotation": {"angle": -45, "axis": "z", "origin": [7.12, 0.44, 5.58]},
			"faces": {
				"north": {"uv": [2, 12, 3, 13], "rotation": 180, "texture": "#antqueen"},
				"east": {"uv": [2, 9, 3, 10], "texture": "#antqueen"},
				"south": {"uv": [2, 11, 3, 12], "rotation": 180, "texture": "#antqueen"},
				"west": {"uv": [2, 10, 3, 11], "texture": "#antqueen"},
				"up": {"uv": [15, 13, 16, 14], "rotation": 180, "texture": "#antqueen"},
				"down": {"uv": [14, 13, 15, 14], "rotation": 180, "texture": "#antqueen"}
			}
		},
		{
			"name": "Box1",
			"from": [8.81814, -0.82333, 5.76709],
			"to": [9.02859, 0.7651, 5.97754],
			"rotation": {"angle": -45, "axis": "x", "origin": [8.77, 0.44, 6.02]},
			"faces": {
				"north": {"uv": [5, 12, 6, 13], "rotation": 90, "texture": "#antqueen"},
				"east": {"uv": [5, 12, 6, 13], "rotation": 90, "texture": "#antqueen"},
				"south": {"uv": [5, 12, 6, 13], "rotation": 90, "texture": "#antqueen"},
				"west": {"uv": [5, 12, 6, 13], "rotation": 90, "texture": "#antqueen"},
				"up": {"uv": [5, 12, 6, 13], "rotation": 90, "texture": "#antqueen"},
				"down": {"uv": [5, 12, 6, 13], "rotation": 90, "texture": "#antqueen"}
			}
		},
		{
			"name": "Box1",
			"from": [8.94345, -0.726, 5.15206],
			"to": [9.13285, 0.49629, 5.34146],
			"rotation": {"angle": 22.5, "axis": "z", "origin": [8.88, 0.33, 5.25]},
			"faces": {
				"north": {"uv": [5, 12, 6, 13], "rotation": 90, "texture": "#antqueen"},
				"east": {"uv": [5, 12, 6, 13], "rotation": 90, "texture": "#antqueen"},
				"south": {"uv": [5, 12, 6, 13], "rotation": 90, "texture": "#antqueen"},
				"west": {"uv": [5, 12, 6, 13], "rotation": 90, "texture": "#antqueen"},
				"up": {"uv": [5, 12, 6, 13], "rotation": 90, "texture": "#antqueen"},
				"down": {"uv": [5, 12, 6, 13], "rotation": 90, "texture": "#antqueen"}
			}
		},
		{
			"name": "Box1",
			"from": [7.07345, -0.506, 5.15206],
			"to": [7.26285, 0.71629, 5.34146],
			"rotation": {"angle": -22.5, "axis": "z", "origin": [7.01, 0.55, 5.25]},
			"faces": {
				"north": {"uv": [5, 12, 6, 13], "rotation": 90, "texture": "#antqueen"},
				"east": {"uv": [5, 12, 6, 13], "rotation": 90, "texture": "#antqueen"},
				"south": {"uv": [5, 12, 6, 13], "rotation": 90, "texture": "#antqueen"},
				"west": {"uv": [5, 12, 6, 13], "rotation": 90, "texture": "#antqueen"},
				"up": {"uv": [5, 12, 6, 13], "rotation": 90, "texture": "#antqueen"},
				"down": {"uv": [5, 12, 6, 13], "rotation": 90, "texture": "#antqueen"}
			}
		},
		{
			"name": "Box1",
			"from": [7.07345, -0.506, 4.71206],
			"to": [7.26285, 0.71629, 4.90146],
			"rotation": {"angle": -22.5, "axis": "z", "origin": [7.01, 0.55, 4.81]},
			"faces": {
				"north": {"uv": [5, 12, 6, 13], "rotation": 90, "texture": "#antqueen"},
				"east": {"uv": [5, 12, 6, 13], "rotation": 90, "texture": "#antqueen"},
				"south": {"uv": [5, 12, 6, 13], "rotation": 90, "texture": "#antqueen"},
				"west": {"uv": [5, 12, 6, 13], "rotation": 90, "texture": "#antqueen"},
				"up": {"uv": [5, 12, 6, 13], "rotation": 90, "texture": "#antqueen"},
				"down": {"uv": [5, 12, 6, 13], "rotation": 90, "texture": "#antqueen"}
			}
		},
		{
			"name": "Box1",
			"from": [7.05814, -0.82333, 5.76709],
			"to": [7.26859, 0.7651, 5.97754],
			"rotation": {"angle": -45, "axis": "x", "origin": [7.01, 0.44, 6.02]},
			"faces": {
				"north": {"uv": [5, 12, 6, 13], "rotation": 90, "texture": "#antqueen"},
				"east": {"uv": [5, 12, 6, 13], "rotation": 90, "texture": "#antqueen"},
				"south": {"uv": [5, 12, 6, 13], "rotation": 90, "texture": "#antqueen"},
				"west": {"uv": [5, 12, 6, 13], "rotation": 90, "texture": "#antqueen"},
				"up": {"uv": [5, 12, 6, 13], "rotation": 90, "texture": "#antqueen"},
				"down": {"uv": [5, 12, 6, 13], "rotation": 90, "texture": "#antqueen"}
			}
		},
		{
			"name": "Box1",
			"from": [7.769, 0.9, 4.4],
			"to": [7.89504, 1.384, 4.52604],
			"rotation": {"angle": -45, "axis": "x", "origin": [7.769, 0.737, 4.194]},
			"faces": {
				"north": {"uv": [5, 12, 6, 13], "rotation": 90, "texture": "#antqueen"},
				"east": {"uv": [5, 12, 6, 13], "rotation": 90, "texture": "#antqueen"},
				"south": {"uv": [5, 12, 6, 13], "rotation": 90, "texture": "#antqueen"},
				"west": {"uv": [5, 12, 6, 13], "rotation": 90, "texture": "#antqueen"},
				"up": {"uv": [5, 12, 6, 13], "rotation": 90, "texture": "#antqueen"},
				"down": {"uv": [5, 12, 6, 13], "rotation": 90, "texture": "#antqueen"}
			}
		},
		{
			"name": "Box1",
			"from": [8.374, 0.9, 4.4],
			"to": [8.50004, 1.384, 4.52604],
			"rotation": {"angle": -45, "axis": "x", "origin": [8.374, 0.737, 4.194]},
			"faces": {
				"north": {"uv": [5, 12, 6, 13], "rotation": 90, "texture": "#antqueen"},
				"east": {"uv": [5, 12, 6, 13], "rotation": 90, "texture": "#antqueen"},
				"south": {"uv": [5, 12, 6, 13], "rotation": 90, "texture": "#antqueen"},
				"west": {"uv": [5, 12, 6, 13], "rotation": 90, "texture": "#antqueen"},
				"up": {"uv": [5, 12, 6, 13], "rotation": 90, "texture": "#antqueen"},
				"down": {"uv": [5, 12, 6, 13], "rotation": 90, "texture": "#antqueen"}
			}
		},
		{
			"name": "Box1",
			"from": [8.41272, 1.35, 3.24334],
			"to": [8.47725, 1.41453, 3.95196],
			"rotation": {"angle": 0, "axis": "y", "origin": [8, 7.04, 8]},
			"faces": {
				"north": {"uv": [10, 14, 11, 15], "rotation": 270, "texture": "#antqueen"},
				"east": {"uv": [10, 14, 11, 15], "rotation": 270, "texture": "#antqueen"},
				"south": {"uv": [10, 14, 11, 15], "rotation": 270, "texture": "#antqueen"},
				"west": {"uv": [10, 14, 11, 15], "rotation": 270, "texture": "#antqueen"},
				"up": {"uv": [10, 14, 11, 15], "rotation": 270, "texture": "#antqueen"},
				"down": {"uv": [10, 14, 11, 15], "rotation": 270, "texture": "#antqueen"}
			}
		}
	],
	"display": {
		"thirdperson_righthand": {
			"rotation": [72, -2, 0],
			"translation": [0.6956, -0.695, 9.0434]
		},
		"thirdperson_lefthand": {
			"rotation": [72, -2, 0],
			"translation": [0.6956, -0.695, 9.0434]
		},
		"firstperson_righthand": {
			"translation": [13.217, 11.826, -6.26],
			"scale": [2, 2, 2]
		},
		"firstperson_lefthand": {
			"translation": [13.217, 11.826, -6.26],
			"scale": [2, 2, 2]
		},
		"ground": {
			"translation": [0, 14.2934, 5],
			"scale": [2, 2, 2]
		},
		"gui": {
			"rotation": [92, 53, -53],
			"translation": [12.521, 6.2611, 0],
			"scale": [2, 2, 2]
		},
		"head": {
			"translation": [0, -14.59, 0],
			"scale": [3.5, 3.5, 3.5]
		},
		"fixed": {
			"rotation": [-90, 0, 0],
			"translation": [-0.4997, 11.1521, -34.92],
			"scale": [4, 4, 4]
		}
	}
}