{
	"credit": "Made with Blockbench",
	"textures": {
		"0": "custom/elitecreatures/insect/blackantworker",
		"particle": "custom/elitecreatures/insect/blackantworker"
	},
	"elements": [
		{
			"name": "Box1",
			"from": [8.495, -0.25, 4],
			"to": [9.5885, 0.04524, 4.29525],
			"rotation": {"angle": 45, "axis": "z", "origin": [8.495, -0.25, 4.125]},
			"faces": {
				"north": {"uv": [6, 1, 7, 2], "texture": "#0"},
				"east": {"uv": [6, 2, 7, 3], "texture": "#0"},
				"south": {"uv": [6, 3, 7, 4], "texture": "#0"},
				"west": {"uv": [6, 4, 7, 5], "texture": "#0"},
				"up": {"uv": [7, 6, 6, 5], "texture": "#0"},
				"down": {"uv": [3, 7, 2, 8], "texture": "#0"}
			}
		},
		{
			"name": "Box2",
			"from": [7.625, -0.5, 5.875],
			"to": [8.625, 0.5, 6.875],
			"rotation": {"angle": -45, "axis": "x", "origin": [7.625, -0.5, 5.875]},
			"faces": {
				"north": {"uv": [3, 7, 4, 8], "texture": "#0"},
				"east": {"uv": [4, 7, 5, 8], "texture": "#0"},
				"south": {"uv": [5, 7, 6, 8], "texture": "#0"},
				"west": {"uv": [6, 7, 7, 8], "texture": "#0"},
				"up": {"uv": [8, 8, 7, 7], "texture": "#0"},
				"down": {"uv": [8, 0, 7, 1], "texture": "#0"}
			}
		},
		{
			"name": "Box2",
			"from": [7.68, 0, 3.375],
			"to": [8.5825, 1, 3.875],
			"rotation": {"angle": 22.5, "axis": "x", "origin": [7.68, 0, 3.375]},
			"faces": {
				"north": {"uv": [7, 1, 8, 2], "texture": "#0"},
				"east": {"uv": [7, 2, 8, 3], "texture": "#0"},
				"south": {"uv": [7, 3, 8, 4], "texture": "#0"},
				"west": {"uv": [7, 4, 8, 5], "texture": "#0"},
				"up": {"uv": [8, 6, 7, 5], "texture": "#0"},
				"down": {"uv": [8, 6, 7, 7], "texture": "#0"}
			}
		},
		{
			"name": "Box2",
			"from": [7.75, -0.25, 4.25],
			"to": [8.48509, 0.41342, 4.98509],
			"rotation": {"angle": -22.5, "axis": "x", "origin": [7.75, -0.25, 4.25]},
			"faces": {
				"north": {"uv": [0, 8, 1, 9], "texture": "#0"},
				"east": {"uv": [1, 8, 2, 9], "texture": "#0"},
				"south": {"uv": [2, 8, 3, 9], "texture": "#0"},
				"west": {"uv": [3, 8, 4, 9], "texture": "#0"},
				"up": {"uv": [5, 9, 4, 8], "texture": "#0"},
				"down": {"uv": [6, 8, 5, 9], "texture": "#0"}
			}
		},
		{
			"name": "Box2",
			"from": [7.75, -0.5, 6.125],
			"to": [8.48509, 0.16342, 6.86009],
			"rotation": {"angle": -45, "axis": "x", "origin": [7.75, -0.5, 6.125]},
			"faces": {
				"north": {"uv": [6, 8, 7, 9], "texture": "#0"},
				"east": {"uv": [7, 8, 8, 9], "texture": "#0"},
				"south": {"uv": [8, 8, 9, 9], "texture": "#0"},
				"west": {"uv": [8, 0, 9, 1], "texture": "#0"},
				"up": {"uv": [9, 2, 8, 1], "texture": "#0"},
				"down": {"uv": [9, 2, 8, 3], "texture": "#0"}
			}
		},
		{
			"name": "Box2",
			"from": [7.74, -0.375, 5],
			"to": [8.51185, 0.28842, 5.73509],
			"rotation": {"angle": -45, "axis": "x", "origin": [7.74, -0.375, 5]},
			"faces": {
				"north": {"uv": [8, 3, 9, 4], "texture": "#0"},
				"east": {"uv": [8, 4, 9, 5], "texture": "#0"},
				"south": {"uv": [8, 5, 9, 6], "texture": "#0"},
				"west": {"uv": [8, 6, 9, 7], "texture": "#0"},
				"up": {"uv": [9, 8, 8, 7], "texture": "#0"},
				"down": {"uv": [1, 9, 0, 10], "texture": "#0"}
			}
		},
		{
			"name": "Box1",
			"from": [7.78, 1.125, 2.7679],
			"to": [7.84666, 1.19166, 3.49995],
			"faces": {
				"north": {"uv": [4, 9, 5, 10], "texture": "#0"},
				"east": {"uv": [4, 9, 5, 10], "texture": "#0"},
				"south": {"uv": [3, 9, 4, 10], "texture": "#0"},
				"west": {"uv": [4, 9, 5, 10], "texture": "#0"},
				"up": {"uv": [4, 9, 5, 10], "texture": "#0"},
				"down": {"uv": [4, 9, 5, 10], "texture": "#0"}
			}
		},
		{
			"name": "Box1",
			"from": [8.495, -0.25, 5.2],
			"to": [9.5885, 0.04524, 5.49525],
			"rotation": {"angle": 45, "axis": "z", "origin": [8.495, -0.25, 4.125]},
			"faces": {
				"north": {"uv": [7, 9, 8, 10], "texture": "#0"},
				"east": {"uv": [8, 9, 9, 10], "texture": "#0"},
				"south": {"uv": [9, 9, 10, 10], "texture": "#0"},
				"west": {"uv": [9, 0, 10, 1], "texture": "#0"},
				"up": {"uv": [10, 2, 9, 1], "texture": "#0"},
				"down": {"uv": [10, 2, 9, 3], "texture": "#0"}
			}
		},
		{
			"name": "Box1",
			"from": [8.495, -0.25, 4.9],
			"to": [9.5885, 0.04524, 5.19525],
			"rotation": {"angle": 45, "axis": "z", "origin": [8.495, -0.25, 4.125]},
			"faces": {
				"north": {"uv": [9, 3, 10, 4], "texture": "#0"},
				"east": {"uv": [9, 4, 10, 5], "texture": "#0"},
				"south": {"uv": [9, 5, 10, 6], "texture": "#0"},
				"west": {"uv": [9, 6, 10, 7], "texture": "#0"},
				"up": {"uv": [10, 8, 9, 7], "texture": "#0"},
				"down": {"uv": [10, 8, 9, 9], "texture": "#0"}
			}
		},
		{
			"name": "Box1",
			"from": [7, 0.5, 4.2],
			"to": [8.0935, 0.79524, 4.49525],
			"rotation": {"angle": -45, "axis": "z", "origin": [7, 0.5, 4.125]},
			"faces": {
				"north": {"uv": [0, 10, 1, 11], "texture": "#0"},
				"east": {"uv": [1, 10, 2, 11], "texture": "#0"},
				"south": {"uv": [2, 10, 3, 11], "texture": "#0"},
				"west": {"uv": [3, 10, 4, 11], "texture": "#0"},
				"up": {"uv": [5, 11, 4, 10], "texture": "#0"},
				"down": {"uv": [6, 10, 5, 11], "texture": "#0"}
			}
		},
		{
			"name": "Box1",
			"from": [7, 0.5, 4.6],
			"to": [8.0935, 0.79524, 4.89525],
			"rotation": {"angle": -45, "axis": "z", "origin": [7, 0.5, 4.75]},
			"faces": {
				"north": {"uv": [6, 10, 7, 11], "texture": "#0"},
				"east": {"uv": [7, 10, 8, 11], "texture": "#0"},
				"south": {"uv": [8, 10, 9, 11], "texture": "#0"},
				"west": {"uv": [9, 10, 10, 11], "texture": "#0"},
				"up": {"uv": [11, 11, 10, 10], "texture": "#0"},
				"down": {"uv": [11, 0, 10, 1], "texture": "#0"}
			}
		},
		{
			"name": "Box1",
			"from": [9.0721, -0.825, 4.03],
			"to": [9.28733, 0.56397, 4.24523],
			"rotation": {"angle": 22.5, "axis": "z", "origin": [9, 0.375, 4.875]},
			"faces": {
				"north": {"uv": [10, 1, 11, 2], "texture": "#0"},
				"east": {"uv": [10, 2, 11, 3], "texture": "#0"},
				"south": {"uv": [10, 3, 11, 4], "texture": "#0"},
				"west": {"uv": [10, 4, 11, 5], "texture": "#0"},
				"up": {"uv": [11, 6, 10, 5], "texture": "#0"},
				"down": {"uv": [11, 6, 10, 7], "texture": "#0"}
			}
		},
		{
			"name": "Box1",
			"from": [7, 0.5, 5.6],
			"to": [8.0935, 0.79524, 5.89525],
			"rotation": {"angle": -45, "axis": "z", "origin": [7, 0.5, 5.25]},
			"faces": {
				"north": {"uv": [10, 7, 11, 8], "texture": "#0"},
				"east": {"uv": [10, 8, 11, 9], "texture": "#0"},
				"south": {"uv": [10, 9, 11, 10], "texture": "#0"},
				"west": {"uv": [0, 11, 1, 12], "texture": "#0"},
				"up": {"uv": [2, 12, 1, 11], "texture": "#0"},
				"down": {"uv": [3, 11, 2, 12], "texture": "#0"}
			}
		},
		{
			"name": "Box1",
			"from": [8.9297, -1, 5.4],
			"to": [9.16885, 0.80503, 5.63915],
			"rotation": {"angle": -45, "axis": "x", "origin": [8.875, 0.5, 5.75]},
			"faces": {
				"north": {"uv": [4, 4, 5, 6], "texture": "#0"},
				"east": {"uv": [4, 0, 5, 2], "texture": "#0"},
				"south": {"uv": [4, 2, 5, 4], "texture": "#0"},
				"west": {"uv": [5, 5, 6, 7], "texture": "#0"},
				"up": {"uv": [4, 12, 3, 11], "texture": "#0"},
				"down": {"uv": [5, 11, 4, 12], "texture": "#0"}
			}
		},
		{
			"name": "Box1",
			"from": [9.0721, -0.825, 4.93],
			"to": [9.28733, 0.56397, 5.14523],
			"rotation": {"angle": 22.5, "axis": "z", "origin": [9, 0.375, 4.875]},
			"faces": {
				"north": {"uv": [5, 11, 6, 12], "texture": "#0"},
				"east": {"uv": [6, 11, 7, 12], "texture": "#0"},
				"south": {"uv": [7, 11, 8, 12], "texture": "#0"},
				"west": {"uv": [8, 11, 9, 12], "texture": "#0"},
				"up": {"uv": [10, 12, 9, 11], "texture": "#0"},
				"down": {"uv": [11, 11, 10, 12], "texture": "#0"}
			}
		},
		{
			"name": "Box1",
			"from": [6.9471, -0.575, 4.6],
			"to": [7.16233, 0.81397, 4.81523],
			"rotation": {"angle": -22.5, "axis": "z", "origin": [6.875, 0.625, 4.875]},
			"faces": {
				"north": {"uv": [5, 4, 6, 5], "texture": "#0"},
				"east": {"uv": [2, 6, 3, 7], "texture": "#0"},
				"south": {"uv": [3, 6, 4, 7], "texture": "#0"},
				"west": {"uv": [4, 6, 5, 7], "texture": "#0"},
				"up": {"uv": [7, 7, 6, 6], "texture": "#0"},
				"down": {"uv": [7, 0, 6, 1], "texture": "#0"}
			}
		},
		{
			"name": "Box1",
			"from": [6.9471, -0.575, 4.23],
			"to": [7.16233, 0.81397, 4.44523],
			"rotation": {"angle": -22.5, "axis": "z", "origin": [6.875, 0.625, 4.25]},
			"faces": {
				"north": {"uv": [11, 11, 12, 12], "texture": "#0"},
				"east": {"uv": [11, 0, 12, 1], "texture": "#0"},
				"south": {"uv": [11, 1, 12, 2], "texture": "#0"},
				"west": {"uv": [11, 2, 12, 3], "texture": "#0"},
				"up": {"uv": [12, 4, 11, 3], "texture": "#0"},
				"down": {"uv": [12, 4, 11, 5], "texture": "#0"}
			}
		},
		{
			"name": "Box1",
			"from": [6.9297, -1.2, 5.7],
			"to": [7.16885, 0.60503, 5.93915],
			"rotation": {"angle": -45, "axis": "x", "origin": [6.875, 0.5, 5.75]},
			"faces": {
				"north": {"uv": [5, 0, 6, 2], "texture": "#0"},
				"east": {"uv": [5, 2, 6, 4], "texture": "#0"},
				"south": {"uv": [0, 6, 1, 8], "texture": "#0"},
				"west": {"uv": [1, 6, 2, 8], "texture": "#0"},
				"up": {"uv": [12, 6, 11, 5], "texture": "#0"},
				"down": {"uv": [12, 6, 11, 7], "texture": "#0"}
			}
		},
		{
			"name": "Box1",
			"from": [7.875, -0.125, 3.25],
			"to": [8.375, 0.375, 3.75],
			"rotation": {"angle": 22.5, "axis": "x", "origin": [7.875, -0.125, 3.25]},
			"faces": {
				"north": {"uv": [11, 7, 12, 8], "texture": "#0"},
				"east": {"uv": [11, 8, 12, 9], "texture": "#0"},
				"south": {"uv": [11, 9, 12, 10], "texture": "#0"},
				"west": {"uv": [11, 10, 12, 11], "texture": "#0"},
				"up": {"uv": [1, 13, 0, 12], "texture": "#0"},
				"down": {"uv": [2, 12, 1, 13], "texture": "#0"}
			}
		},
		{
			"name": "Box1",
			"from": [7.75, 0.75, 3.75],
			"to": [7.8802, 1.25, 3.8802],
			"rotation": {"angle": -45, "axis": "x", "origin": [7.75, 0.75, 3.75]},
			"faces": {
				"north": {"uv": [5, 12, 6, 13], "texture": "#0"},
				"east": {"uv": [5, 12, 6, 13], "texture": "#0"},
				"south": {"uv": [5, 12, 6, 13], "texture": "#0"},
				"west": {"uv": [5, 12, 6, 13], "texture": "#0"},
				"up": {"uv": [7, 13, 6, 12], "texture": "#0"},
				"down": {"uv": [8, 12, 7, 13], "texture": "#0"}
			}
		},
		{
			"name": "Box1",
			"from": [8.375, 0.75, 3.75],
			"to": [8.5052, 1.25, 3.8802],
			"rotation": {"angle": -45, "axis": "x", "origin": [8.375, 0.75, 3.75]},
			"faces": {
				"north": {"uv": [5, 12, 6, 13], "texture": "#0"},
				"east": {"uv": [5, 12, 6, 13], "texture": "#0"},
				"south": {"uv": [5, 12, 6, 13], "texture": "#0"},
				"west": {"uv": [5, 12, 6, 13], "texture": "#0"},
				"up": {"uv": [7, 13, 6, 12], "texture": "#0"},
				"down": {"uv": [13, 0, 12, 1], "texture": "#0"}
			}
		},
		{
			"name": "Box1",
			"from": [8.415, 1.125, 2.7679],
			"to": [8.48166, 1.19166, 3.49995],
			"faces": {
				"north": {"uv": [4, 9, 5, 10], "texture": "#0"},
				"east": {"uv": [4, 9, 5, 10], "texture": "#0"},
				"south": {"uv": [12, 3, 13, 4], "texture": "#0"},
				"west": {"uv": [4, 9, 5, 10], "texture": "#0"},
				"up": {"uv": [4, 9, 5, 10], "texture": "#0"},
				"down": {"uv": [4, 9, 5, 10], "texture": "#0"}
			}
		},
		{
			"from": [8.11, 0.3, 3],
			"to": [8.11, 3.3, 7],
			"rotation": {"angle": 0, "axis": "y", "origin": [15, 8, 11]},
			"faces": {
				"north": {"uv": [0, 0, 0, 3], "texture": "#0"},
				"east": {"uv": [4, 3, 0, 6], "texture": "#0"},
				"south": {"uv": [0, 0, 0, 3], "texture": "#0"},
				"west": {"uv": [0, 3, 4, 6], "texture": "#0"},
				"up": {"uv": [0, 4, 0, 0], "texture": "#0"},
				"down": {"uv": [0, 0, 0, 4], "texture": "#0"}
			}
		}
	],
	"display": {
		"thirdperson_righthand": {
			"rotation": [72, -2, 0],
			"translation": [0.6956, -0.695, 9.0434]
		},
		"thirdperson_lefthand": {
			"rotation": [72, -2, 0],
			"translation": [0.6956, -0.695, 9.0434]
		},
		"firstperson_righthand": {
			"translation": [14.217, 9.326, -6.26],
			"scale": [2, 2, 2]
		},
		"firstperson_lefthand": {
			"translation": [15.717, 11.826, -6.26],
			"scale": [2, 2, 2]
		},
		"ground": {
			"translation": [0, 9.0434, 0],
			"scale": [2, 2, 2]
		},
		"gui": {
			"rotation": [92, 53, -53],
			"translation": [16.271, 8.5111, 0],
			"scale": [3.35, 2.94, 2.92]
		},
		"head": {
			"translation": [0, -27.12, 0],
			"scale": [2, 2, 2]
		},
		"fixed": {
			"rotation": [-90, 0, 0],
			"translation": [0.0003, 12.4021, -34.92],
			"scale": [4, 4, 4]
		}
	}
}