{
	"credit": "Made with Blockbench",
	"textures": {
		"antqueen": "custom/elitecreatures/insect/antqueen"
	},
	"elements": [
		{
			"name": "Box1",
			"from": [8.495, -0.25, 4.25],
			"to": [9.5885, 0.04524, 4.54525],
			"rotation": {"angle": 45, "axis": "z", "origin": [8.495, -0.25, 4.25]},
			"faces": {
				"north": {"uv": [2, 15, 3, 16], "rotation": 180, "texture": "#antqueen"},
				"east": {"uv": [5, 15, 6, 16], "texture": "#antqueen"},
				"south": {"uv": [3, 15, 4, 16], "rotation": 180, "texture": "#antqueen"},
				"west": {"uv": [4, 15, 5, 16], "texture": "#antqueen"},
				"up": {"uv": [1, 15, 2, 16], "rotation": 180, "texture": "#antqueen"},
				"down": {"uv": [0, 15, 1, 16], "rotation": 180, "texture": "#antqueen"}
			}
		},
		{
			"name": "Box2",
			"from": [7.5, -0.375, 6.375],
			"to": [8.831, 0.956, 7.706],
			"rotation": {"angle": -45, "axis": "x", "origin": [7.5, -0.375, 6.375]},
			"faces": {
				"north": {"uv": [8, 15, 9, 16], "texture": "#antqueen"},
				"east": {"uv": [11, 15, 12, 16], "texture": "#antqueen"},
				"south": {"uv": [9, 15, 10, 16], "texture": "#antqueen"},
				"west": {"uv": [10, 15, 11, 16], "texture": "#antqueen"},
				"up": {"uv": [7, 15, 8, 16], "texture": "#antqueen"},
				"down": {"uv": [6, 15, 7, 16], "texture": "#antqueen"}
			}
		},
		{
			"name": "Box2",
			"from": [7.6605, 0.0125, 3.2625],
			"to": [8.65325, 1.1125, 3.8125],
			"rotation": {"angle": 22.5, "axis": "x", "origin": [7.6605, 0.0125, 3.2625]},
			"faces": {
				"north": {"uv": [14, 15, 15, 16], "texture": "#antqueen"},
				"east": {"uv": [0, 13, 1, 14], "texture": "#antqueen"},
				"south": {"uv": [15, 15, 16, 16], "texture": "#antqueen"},
				"west": {"uv": [0, 14, 1, 15], "texture": "#antqueen"},
				"up": {"uv": [13, 15, 14, 16], "texture": "#antqueen"},
				"down": {"uv": [12, 15, 13, 16], "texture": "#antqueen"}
			}
		},
		{
			"name": "Box2",
			"from": [7.75, -0.25, 4.25],
			"to": [8.63946, 0.55274, 5.13946],
			"rotation": {"angle": -22.5, "axis": "x", "origin": [7.75, -0.25, 4.25]},
			"faces": {
				"north": {"uv": [0, 10, 1, 11], "texture": "#antqueen"},
				"east": {"uv": [0, 7, 1, 8], "texture": "#antqueen"},
				"south": {"uv": [0, 9, 1, 10], "texture": "#antqueen"},
				"west": {"uv": [0, 8, 1, 9], "texture": "#antqueen"},
				"up": {"uv": [0, 11, 1, 12], "texture": "#antqueen"},
				"down": {"uv": [0, 12, 1, 13], "texture": "#antqueen"}
			}
		},
		{
			"name": "Box2",
			"from": [7.6664, -0.375, 6.7078],
			"to": [8.64481, 0.50801, 7.68621],
			"rotation": {"angle": -45, "axis": "x", "origin": [7.66638, -0.375, 6.70775]},
			"faces": {
				"north": {"uv": [0, 4, 1, 5], "texture": "#antqueen"},
				"east": {"uv": [0, 1, 1, 2], "texture": "#antqueen"},
				"south": {"uv": [0, 3, 1, 4], "texture": "#antqueen"},
				"west": {"uv": [0, 2, 1, 3], "texture": "#antqueen"},
				"up": {"uv": [0, 5, 1, 6], "texture": "#antqueen"},
				"down": {"uv": [0, 6, 1, 7], "texture": "#antqueen"}
			}
		},
		{
			"name": "Box2",
			"from": [7.74, -0.125, 5.25],
			"to": [8.51185, 0.53842, 5.98509],
			"rotation": {"angle": -45, "axis": "x", "origin": [7.74, -0.125, 5.25]},
			"faces": {
				"north": {"uv": [2, 14, 3, 15], "texture": "#antqueen"},
				"east": {"uv": [5, 14, 6, 15], "texture": "#antqueen"},
				"south": {"uv": [3, 14, 4, 15], "texture": "#antqueen"},
				"west": {"uv": [4, 14, 5, 15], "texture": "#antqueen"},
				"up": {"uv": [1, 14, 2, 15], "texture": "#antqueen"},
				"down": {"uv": [0, 0, 1, 1], "texture": "#antqueen"}
			}
		},
		{
			"name": "Box1",
			"from": [7.7705, 1.25, 2.5947],
			"to": [7.84383, 1.32333, 3.39996],
			"faces": {
				"north": {"uv": [10, 14, 11, 15], "rotation": 270, "texture": "#antqueen"},
				"east": {"uv": [10, 14, 11, 15], "rotation": 270, "texture": "#antqueen"},
				"south": {"uv": [10, 14, 11, 15], "rotation": 270, "texture": "#antqueen"},
				"west": {"uv": [10, 14, 11, 15], "rotation": 270, "texture": "#antqueen"},
				"up": {"uv": [10, 14, 11, 15], "rotation": 270, "texture": "#antqueen"},
				"down": {"uv": [10, 14, 11, 15], "rotation": 270, "texture": "#antqueen"}
			}
		},
		{
			"name": "Box1",
			"from": [8.495, -0.25, 5.25],
			"to": [9.5885, 0.04524, 5.54525],
			"rotation": {"angle": 45, "axis": "z", "origin": [8.495, -0.25, 4.125]},
			"faces": {
				"north": {"uv": [14, 14, 15, 15], "rotation": 180, "texture": "#antqueen"},
				"east": {"uv": [1, 12, 2, 13], "texture": "#antqueen"},
				"south": {"uv": [15, 14, 16, 15], "rotation": 180, "texture": "#antqueen"},
				"west": {"uv": [1, 13, 2, 14], "texture": "#antqueen"},
				"up": {"uv": [13, 14, 14, 15], "rotation": 180, "texture": "#antqueen"},
				"down": {"uv": [12, 14, 13, 15], "rotation": 180, "texture": "#antqueen"}
			}
		},
		{
			"name": "Box1",
			"from": [8.495, -0.25, 4.75],
			"to": [9.5885, 0.04524, 5.04525],
			"rotation": {"angle": 45, "axis": "z", "origin": [8.495, -0.25, 4.125]},
			"faces": {
				"north": {"uv": [1, 9, 2, 10], "rotation": 180, "texture": "#antqueen"},
				"east": {"uv": [1, 6, 2, 7], "texture": "#antqueen"},
				"south": {"uv": [1, 8, 2, 9], "rotation": 180, "texture": "#antqueen"},
				"west": {"uv": [1, 7, 2, 8], "texture": "#antqueen"},
				"up": {"uv": [1, 10, 2, 11], "rotation": 180, "texture": "#antqueen"},
				"down": {"uv": [1, 11, 2, 12], "rotation": 180, "texture": "#antqueen"}
			}
		},
		{
			"name": "Box1",
			"from": [7, 0.5, 4.25],
			"to": [8.0935, 0.79524, 4.54525],
			"rotation": {"angle": -45, "axis": "z", "origin": [7, 0.5, 4.25]},
			"faces": {
				"north": {"uv": [1, 3, 2, 4], "rotation": 180, "texture": "#antqueen"},
				"east": {"uv": [1, 0, 2, 1], "texture": "#antqueen"},
				"south": {"uv": [1, 2, 2, 3], "rotation": 180, "texture": "#antqueen"},
				"west": {"uv": [1, 1, 2, 2], "texture": "#antqueen"},
				"up": {"uv": [1, 4, 2, 5], "rotation": 180, "texture": "#antqueen"},
				"down": {"uv": [1, 5, 2, 6], "rotation": 180, "texture": "#antqueen"}
			}
		},
		{
			"name": "Box1",
			"from": [7, 0.5, 4.75],
			"to": [8.0935, 0.79524, 5.04525],
			"rotation": {"angle": -45, "axis": "z", "origin": [7, 0.5, 4.75]},
			"faces": {
				"north": {"uv": [4, 13, 5, 14], "rotation": 180, "texture": "#antqueen"},
				"east": {"uv": [7, 13, 8, 14], "texture": "#antqueen"},
				"south": {"uv": [5, 13, 6, 14], "rotation": 180, "texture": "#antqueen"},
				"west": {"uv": [6, 13, 7, 14], "texture": "#antqueen"},
				"up": {"uv": [3, 13, 4, 14], "rotation": 180, "texture": "#antqueen"},
				"down": {"uv": [2, 13, 3, 14], "rotation": 180, "texture": "#antqueen"}
			}
		},
		{
			"name": "Box1",
			"from": [9.0721, -0.825, 4.2637],
			"to": [9.28733, 0.56397, 4.47893],
			"rotation": {"angle": 22.5, "axis": "z", "origin": [9, 0.375, 5]},
			"faces": {
				"north": {"uv": [5, 12, 6, 13], "rotation": 90, "texture": "#antqueen"},
				"east": {"uv": [5, 12, 6, 13], "rotation": 90, "texture": "#antqueen"},
				"south": {"uv": [5, 12, 6, 13], "rotation": 90, "texture": "#antqueen"},
				"west": {"uv": [5, 12, 6, 13], "rotation": 90, "texture": "#antqueen"},
				"up": {"uv": [5, 12, 6, 13], "rotation": 90, "texture": "#antqueen"},
				"down": {"uv": [5, 12, 6, 13], "rotation": 90, "texture": "#antqueen"}
			}
		},
		{
			"name": "Box1",
			"from": [7, 0.5, 5.25],
			"to": [8.0935, 0.79524, 5.54525],
			"rotation": {"angle": -45, "axis": "z", "origin": [7, 0.5, 5.25]},
			"faces": {
				"north": {"uv": [2, 12, 3, 13], "rotation": 180, "texture": "#antqueen"},
				"east": {"uv": [2, 9, 3, 10], "texture": "#antqueen"},
				"south": {"uv": [2, 11, 3, 12], "rotation": 180, "texture": "#antqueen"},
				"west": {"uv": [2, 10, 3, 11], "texture": "#antqueen"},
				"up": {"uv": [15, 13, 16, 14], "rotation": 180, "texture": "#antqueen"},
				"down": {"uv": [14, 13, 15, 14], "rotation": 180, "texture": "#antqueen"}
			}
		},
		{
			"name": "Box1",
			"from": [8.9297, -0.9356, 5.4626],
			"to": [9.16885, 0.86943, 5.70175],
			"rotation": {"angle": -45, "axis": "x", "origin": [8.875, 0.5, 5.75]},
			"faces": {
				"north": {"uv": [5, 12, 6, 13], "rotation": 90, "texture": "#antqueen"},
				"east": {"uv": [5, 12, 6, 13], "rotation": 90, "texture": "#antqueen"},
				"south": {"uv": [5, 12, 6, 13], "rotation": 90, "texture": "#antqueen"},
				"west": {"uv": [5, 12, 6, 13], "rotation": 90, "texture": "#antqueen"},
				"up": {"uv": [5, 12, 6, 13], "rotation": 90, "texture": "#antqueen"},
				"down": {"uv": [5, 12, 6, 13], "rotation": 90, "texture": "#antqueen"}
			}
		},
		{
			"name": "Box1",
			"from": [9.0721, -0.825, 4.7637],
			"to": [9.28733, 0.56397, 4.97893],
			"rotation": {"angle": 22.5, "axis": "z", "origin": [9, 0.375, 4.875]},
			"faces": {
				"north": {"uv": [5, 12, 6, 13], "rotation": 90, "texture": "#antqueen"},
				"east": {"uv": [5, 12, 6, 13], "rotation": 90, "texture": "#antqueen"},
				"south": {"uv": [5, 12, 6, 13], "rotation": 90, "texture": "#antqueen"},
				"west": {"uv": [5, 12, 6, 13], "rotation": 90, "texture": "#antqueen"},
				"up": {"uv": [5, 12, 6, 13], "rotation": 90, "texture": "#antqueen"},
				"down": {"uv": [5, 12, 6, 13], "rotation": 90, "texture": "#antqueen"}
			}
		},
		{
			"name": "Box1",
			"from": [6.9471, -0.575, 4.7637],
			"to": [7.16233, 0.81397, 4.97893],
			"rotation": {"angle": -22.5, "axis": "z", "origin": [6.875, 0.625, 4.875]},
			"faces": {
				"north": {"uv": [5, 12, 6, 13], "rotation": 90, "texture": "#antqueen"},
				"east": {"uv": [5, 12, 6, 13], "rotation": 90, "texture": "#antqueen"},
				"south": {"uv": [5, 12, 6, 13], "rotation": 90, "texture": "#antqueen"},
				"west": {"uv": [5, 12, 6, 13], "rotation": 90, "texture": "#antqueen"},
				"up": {"uv": [5, 12, 6, 13], "rotation": 90, "texture": "#antqueen"},
				"down": {"uv": [5, 12, 6, 13], "rotation": 90, "texture": "#antqueen"}
			}
		},
		{
			"name": "Box1",
			"from": [6.9471, -0.575, 4.2637],
			"to": [7.16233, 0.81397, 4.47893],
			"rotation": {"angle": -22.5, "axis": "z", "origin": [6.875, 0.625, 4.375]},
			"faces": {
				"north": {"uv": [5, 12, 6, 13], "rotation": 90, "texture": "#antqueen"},
				"east": {"uv": [5, 12, 6, 13], "rotation": 90, "texture": "#antqueen"},
				"south": {"uv": [5, 12, 6, 13], "rotation": 90, "texture": "#antqueen"},
				"west": {"uv": [5, 12, 6, 13], "rotation": 90, "texture": "#antqueen"},
				"up": {"uv": [5, 12, 6, 13], "rotation": 90, "texture": "#antqueen"},
				"down": {"uv": [5, 12, 6, 13], "rotation": 90, "texture": "#antqueen"}
			}
		},
		{
			"name": "Box1",
			"from": [6.9297, -0.9356, 5.4626],
			"to": [7.16885, 0.86943, 5.70175],
			"rotation": {"angle": -45, "axis": "x", "origin": [6.875, 0.5, 5.75]},
			"faces": {
				"north": {"uv": [5, 12, 6, 13], "rotation": 90, "texture": "#antqueen"},
				"east": {"uv": [5, 12, 6, 13], "rotation": 90, "texture": "#antqueen"},
				"south": {"uv": [5, 12, 6, 13], "rotation": 90, "texture": "#antqueen"},
				"west": {"uv": [5, 12, 6, 13], "rotation": 90, "texture": "#antqueen"},
				"up": {"uv": [5, 12, 6, 13], "rotation": 90, "texture": "#antqueen"},
				"down": {"uv": [5, 12, 6, 13], "rotation": 90, "texture": "#antqueen"}
			}
		},
		{
			"name": "Box1",
			"from": [7.875, -0.125, 3.125],
			"to": [8.425, 0.425, 3.675],
			"rotation": {"angle": 22.5, "axis": "x", "origin": [7.875, -0.125, 3.125]},
			"faces": {
				"north": {"uv": [3, 1, 4, 2], "texture": "#antqueen"},
				"east": {"uv": [5, 11, 6, 12], "texture": "#antqueen"},
				"south": {"uv": [3, 0, 4, 1], "texture": "#antqueen"},
				"west": {"uv": [4, 11, 5, 12], "texture": "#antqueen"},
				"up": {"uv": [3, 2, 4, 3], "texture": "#antqueen"},
				"down": {"uv": [3, 3, 4, 4], "texture": "#antqueen"}
			}
		},
		{
			"name": "Box1",
			"from": [7.7375, 0.8375, 3.675],
			"to": [7.88072, 1.3875, 3.81822],
			"rotation": {"angle": -45, "axis": "x", "origin": [7.7375, 0.8375, 3.675]},
			"faces": {
				"north": {"uv": [5, 12, 6, 13], "rotation": 90, "texture": "#antqueen"},
				"east": {"uv": [5, 12, 6, 13], "rotation": 90, "texture": "#antqueen"},
				"south": {"uv": [5, 12, 6, 13], "rotation": 90, "texture": "#antqueen"},
				"west": {"uv": [5, 12, 6, 13], "rotation": 90, "texture": "#antqueen"},
				"up": {"uv": [5, 12, 6, 13], "rotation": 90, "texture": "#antqueen"},
				"down": {"uv": [5, 12, 6, 13], "rotation": 90, "texture": "#antqueen"}
			}
		},
		{
			"name": "Box1",
			"from": [8.425, 0.8375, 3.675],
			"to": [8.56822, 1.3875, 3.81822],
			"rotation": {"angle": -45, "axis": "x", "origin": [8.425, 0.8375, 3.675]},
			"faces": {
				"north": {"uv": [5, 12, 6, 13], "rotation": 90, "texture": "#antqueen"},
				"east": {"uv": [5, 12, 6, 13], "rotation": 90, "texture": "#antqueen"},
				"south": {"uv": [5, 12, 6, 13], "rotation": 90, "texture": "#antqueen"},
				"west": {"uv": [5, 12, 6, 13], "rotation": 90, "texture": "#antqueen"},
				"up": {"uv": [5, 12, 6, 13], "rotation": 90, "texture": "#antqueen"},
				"down": {"uv": [5, 12, 6, 13], "rotation": 90, "texture": "#antqueen"}
			}
		},
		{
			"name": "Box1",
			"from": [8.469, 1.25, 2.5947],
			"to": [8.54233, 1.32333, 3.39996],
			"faces": {
				"north": {"uv": [10, 14, 11, 15], "rotation": 270, "texture": "#antqueen"},
				"east": {"uv": [10, 14, 11, 15], "rotation": 270, "texture": "#antqueen"},
				"south": {"uv": [10, 14, 11, 15], "rotation": 270, "texture": "#antqueen"},
				"west": {"uv": [10, 14, 11, 15], "rotation": 270, "texture": "#antqueen"},
				"up": {"uv": [10, 14, 11, 15], "rotation": 270, "texture": "#antqueen"},
				"down": {"uv": [10, 14, 11, 15], "rotation": 270, "texture": "#antqueen"}
			}
		}
	],
	"display": {
		"thirdperson_righthand": {
			"rotation": [72, -2, 0],
			"translation": [0.6956, -0.695, 9.0434]
		},
		"thirdperson_lefthand": {
			"rotation": [72, -2, 0],
			"translation": [0.6956, -0.695, 9.0434]
		},
		"firstperson_righthand": {
			"translation": [13.217, 11.826, -6.26],
			"scale": [2, 2, 2]
		},
		"firstperson_lefthand": {
			"translation": [13.217, 11.826, -6.26],
			"scale": [2, 2, 2]
		},
		"ground": {
			"translation": [0, 14.2934, 5],
			"scale": [2, 2, 2]
		},
		"gui": {
			"rotation": [92, 53, -53],
			"translation": [12.521, 6.2611, 0],
			"scale": [2, 2, 2]
		},
		"head": {
			"translation": [0, -14.59, 0],
			"scale": [3.5, 3.5, 3.5]
		},
		"fixed": {
			"rotation": [-90, 0, 0],
			"translation": [-0.4997, 11.1521, -34.92],
			"scale": [4, 4, 4]
		}
	}
}