{
	"credit": "Made with Blockbench",
	"texture_size": [32, 32],
	"textures": {
		"0": "custom/elitecreatures/insect/bugnet",
		"particle": "custom/elitecreatures/insect/bugnet"
	},
	"elements": [
		{
			"from": [5, 4, 0],
			"to": [5.5, 4.5, 5],
			"rotation": {"angle": 0, "axis": "y", "origin": [13, 12, 8]},
			"faces": {
				"north": {"uv": [5.5, 2, 6, 2.5], "texture": "#0"},
				"east": {"uv": [10.5, 0.5, 8, 0], "texture": "#0"},
				"south": {"uv": [5.5, 2.5, 6, 3], "texture": "#0"},
				"west": {"uv": [10.5, 0.5, 8, 0], "texture": "#0"},
				"up": {"uv": [10.5, 0.5, 8, 0], "rotation": 90, "texture": "#0"},
				"down": {"uv": [10.5, 0.5, 8, 0], "rotation": 90, "texture": "#0"}
			}
		},
		{
			"from": [10.5, 4, 0],
			"to": [11, 4.5, 5],
			"rotation": {"angle": 0, "axis": "y", "origin": [18.5, 12, 8]},
			"faces": {
				"north": {"uv": [5, 7, 5.5, 7.5], "texture": "#0"},
				"east": {"uv": [10.5, 0.5, 8, 0], "texture": "#0"},
				"south": {"uv": [5.5, 7, 6, 7.5], "texture": "#0"},
				"west": {"uv": [10.5, 0.5, 8, 0], "texture": "#0"},
				"up": {"uv": [10.5, 0.5, 8, 0], "rotation": 90, "texture": "#0"},
				"down": {"uv": [10.5, 0.5, 8, 0], "rotation": 90, "texture": "#0"}
			}
		},
		{
			"from": [10.75, 0.5, 0.5],
			"to": [10.75, 4, 4.5],
			"rotation": {"angle": 0, "axis": "y", "origin": [18.5, 10, 8]},
			"faces": {
				"north": {"uv": [0, 0, 0, 2], "texture": "#0"},
				"east": {"uv": [10.5, 5.5, 15.75, 10.75], "texture": "#0"},
				"south": {"uv": [0, 0, 0, 2], "texture": "#0"},
				"west": {"uv": [15.75, 5.5, 10.5, 10.75], "texture": "#0"},
				"up": {"uv": [0, 2, 0, 0], "texture": "#0"},
				"down": {"uv": [0, 0, 0, 2], "texture": "#0"}
			}
		},
		{
			"from": [5.25, 0.5, 4.5],
			"to": [10.75, 4, 4.499],
			"rotation": {"angle": 0, "axis": "y", "origin": [18.5, 10, 8]},
			"faces": {
				"north": {"uv": [10, 9.5, 3, 14.75], "texture": "#0"},
				"east": {"uv": [0, 0, 0, 2], "texture": "#0"},
				"south": {"uv": [3, 9.5, 10, 14.75], "texture": "#0"},
				"west": {"uv": [0, 0, 0, 2], "texture": "#0"},
				"up": {"uv": [3, 0, 0, 0], "texture": "#0"},
				"down": {"uv": [3, 0, 0, 0], "texture": "#0"}
			}
		},
		{
			"from": [5.25, 0.5, 0.5],
			"to": [10.75, 4, 0.499],
			"rotation": {"angle": 0, "axis": "y", "origin": [18.5, 10, 4]},
			"faces": {
				"north": {"uv": [10, 9.5, 3, 14.75], "texture": "#0"},
				"east": {"uv": [0, 0, 0, 2], "texture": "#0"},
				"south": {"uv": [3, 9.5, 10, 14.75], "texture": "#0"},
				"west": {"uv": [0, 0, 0, 2], "texture": "#0"},
				"up": {"uv": [3, 0, 0, 0], "texture": "#0"},
				"down": {"uv": [3, 0, 0, 0], "texture": "#0"}
			}
		},
		{
			"from": [5.25, 0.5, 0.5],
			"to": [5.25, 4, 4.5],
			"rotation": {"angle": 0, "axis": "y", "origin": [12.5, 10, 8]},
			"faces": {
				"north": {"uv": [0, 0, 0, 2], "texture": "#0"},
				"east": {"uv": [10.5, 5.5, 15.75, 10.75], "texture": "#0"},
				"south": {"uv": [0, 0, 0, 2], "texture": "#0"},
				"west": {"uv": [15.75, 5.5, 10.5, 10.75], "texture": "#0"},
				"up": {"uv": [0, 2, 0, 0], "texture": "#0"},
				"down": {"uv": [0, 0, 0, 2], "texture": "#0"}
			}
		},
		{
			"from": [5.25, 0.5, 0.5],
			"to": [10.751, 0.5, 4.5],
			"rotation": {"angle": 0, "axis": "y", "origin": [12.5, 10, 8]},
			"faces": {
				"north": {"uv": [0, 0, 3, 0], "texture": "#0"},
				"east": {"uv": [0, 0, 2, 0], "texture": "#0"},
				"south": {"uv": [0, 0, 3, 0], "texture": "#0"},
				"west": {"uv": [0, 0, 2, 0], "texture": "#0"},
				"up": {"uv": [3, 9.5, 10, 14.75], "texture": "#0"},
				"down": {"uv": [10, 9.5, 3, 14.75], "texture": "#0"}
			}
		},
		{
			"from": [5.5, 4, 4.5],
			"to": [10.5, 4.5, 5],
			"rotation": {"angle": 0, "axis": "y", "origin": [2.5, 12, 12.5]},
			"faces": {
				"north": {"uv": [5, 8, 7.5, 8.5], "texture": "#0"},
				"east": {"uv": [5, 7.5, 5.5, 8], "texture": "#0"},
				"south": {"uv": [10.5, 0.5, 8, 0], "texture": "#0"},
				"west": {"uv": [5.5, 7.5, 6, 8], "texture": "#0"},
				"up": {"uv": [10.5, 0.5, 8, 0], "texture": "#0"},
				"down": {"uv": [10.5, 0.5, 8, 0], "texture": "#0"}
			}
		},
		{
			"from": [7.55, 3.85, 5],
			"to": [8.35, 4.65, 16.5],
			"rotation": {"angle": 0, "axis": "y", "origin": [2.5, 12, 13.5]},
			"faces": {
				"north": {"uv": [1, 8, 1.5, 8.5], "texture": "#0"},
				"east": {"uv": [2.5, 12, 2, 6], "rotation": 90, "texture": "#0"},
				"south": {"uv": [1.5, 8, 2, 8.5], "texture": "#0"},
				"west": {"uv": [2.5, 12, 2, 6], "rotation": 90, "texture": "#0"},
				"up": {"uv": [2.5, 12, 2, 6], "texture": "#0"},
				"down": {"uv": [2.5, 12, 2, 6], "texture": "#0"}
			}
		},
		{
			"from": [5.5, 4, 0],
			"to": [10.5, 4.5, 0.5],
			"rotation": {"angle": 0, "axis": "y", "origin": [2.5, 12, 8]},
			"faces": {
				"north": {"uv": [10.5, 0.5, 8, 0], "texture": "#0"},
				"east": {"uv": [10.5, 0.5, 8, 0], "texture": "#0"},
				"south": {"uv": [10.5, 0.5, 8, 0], "texture": "#0"},
				"west": {"uv": [10.5, 0.5, 8, 0], "texture": "#0"},
				"up": {"uv": [10.5, 0.5, 8, 0], "texture": "#0"},
				"down": {"uv": [10.5, 0.5, 8, 0], "texture": "#0"}
			}
		}
	],
	"display": {
		"thirdperson_righthand": {
			"rotation": [92.75, -1, 89.5],
			"translation": [-5.25, 5.75, 1.75],
			"scale": [1.48, 1.5, 1.53]
		},
		"thirdperson_lefthand": {
			"rotation": [92.75, -1, 89.5],
			"translation": [-5.25, 5.75, 1.75],
			"scale": [1.48, 1.5, 1.53]
		},
		"firstperson_righthand": {
			"rotation": [69.5, 0, 104],
			"translation": [0.5, 6.75, -0.5]
		},
		"firstperson_lefthand": {
			"rotation": [69.5, 0, 104],
			"translation": [0.5, 6.75, -0.5]
		},
		"ground": {
			"translation": [0, 9, 0],
			"scale": [1.77, 1.74, 1.72]
		},
		"gui": {
			"rotation": [-100.5, 133.25, -13.75],
			"translation": [0, -1, 0]
		},
		"fixed": {
			"rotation": [90.5, 0, 0],
			"translation": [0.75, 0, 13.75],
			"scale": [4, 4, 4]
		}
	}
}