{
	"credit": "Made with Blockbench",
	"texture_size": [8, 8],
	"textures": {
		"0": "custom/elitecreatures/insect/caterpillar",
		"particle": "custom/elitecreatures/insect/caterpillar"
	},
	"elements": [
		{
			"from": [8, 0, 0],
			"to": [9.1, 1.1, 1],
			"rotation": {"angle": 0, "axis": "y", "origin": [16, 8, 8]},
			"faces": {
				"north": {"uv": [8, 6, 10, 8], "texture": "#0"},
				"east": {"uv": [8, 10, 6, 12], "texture": "#0"},
				"south": {"uv": [8, 6, 10, 8], "texture": "#0"},
				"west": {"uv": [6, 10, 8, 12], "texture": "#0"},
				"up": {"uv": [12, 12, 10, 10], "texture": "#0"},
				"down": {"uv": [12, 12, 10, 10], "texture": "#0"}
			}
		},
		{
			"from": [8.05, 0, 1],
			"to": [9.05, 1, 3],
			"rotation": {"angle": 0, "axis": "y", "origin": [16, 8, 9]},
			"faces": {
				"north": {"uv": [8, 6, 10, 8], "texture": "#0"},
				"east": {"uv": [8, 0, 4, 2], "texture": "#0"},
				"south": {"uv": [8, 6, 10, 8], "texture": "#0"},
				"west": {"uv": [4, 0, 8, 2], "texture": "#0"},
				"up": {"uv": [6, 10, 4, 6], "texture": "#0"},
				"down": {"uv": [6, 6, 4, 10], "texture": "#0"}
			}
		},
		{
			"from": [8.05, 0, 3],
			"to": [9.05, 1, 5],
			"rotation": {"angle": 0, "axis": "y", "origin": [16, 8, 11]},
			"faces": {
				"north": {"uv": [8, 6, 10, 8], "texture": "#0"},
				"east": {"uv": [4, 8, 0, 10], "texture": "#0"},
				"south": {"uv": [8, 6, 10, 8], "texture": "#0"},
				"west": {"uv": [0, 8, 4, 10], "texture": "#0"},
				"up": {"uv": [10, 12, 8, 8], "texture": "#0"},
				"down": {"uv": [6, 6, 4, 10], "texture": "#0"}
			}
		},
		{
			"from": [8.1, 0, 5],
			"to": [9, 0.9, 7],
			"rotation": {"angle": 0, "axis": "y", "origin": [16, 8, 13]},
			"faces": {
				"north": {"uv": [8, 6, 10, 8], "texture": "#0"},
				"east": {"uv": [4, 2, 0, 4], "texture": "#0"},
				"south": {"uv": [8, 6, 10, 8], "texture": "#0"},
				"west": {"uv": [0, 2, 4, 4], "texture": "#0"},
				"up": {"uv": [2, 8, 0, 4], "texture": "#0"},
				"down": {"uv": [6, 6, 4, 10], "texture": "#0"}
			}
		}
	],
	"display": {
		"thirdperson_righthand": {
			"rotation": [111, 0, 0],
			"translation": [0, -8.25, 6.5]
		},
		"thirdperson_lefthand": {
			"rotation": [111, 0, 0],
			"translation": [0, -8.25, 6.5]
		},
		"firstperson_righthand": {
			"translation": [3.25, 7, 2.25]
		},
		"firstperson_lefthand": {
			"translation": [5.25, 8.25, 2.25]
		},
		"ground": {
			"translation": [0, 5.5, 1.75]
		},
		"gui": {
			"rotation": [90.75, 41.75, -63.25],
			"translation": [14.5, 1, 0],
			"scale": [1.93633, 1.83867, 2.02148]
		},
		"head": {
			"translation": [-1.25, -25.25, 3.75],
			"scale": [2.44, 2.46, 2.46]
		},
		"fixed": {
			"rotation": [-90, -180, 0],
			"translation": [2.5, -17, -32.75],
			"scale": [4, 4, 4]
		}
	}
}