{
	"credit": "Made with Blockbench",
	"textures": {
		"0": "custom/elitecreatures/insect/chrysalis",
		"particle": "custom/elitecreatures/insect/chrysalis"
	},
	"elements": [
		{
			"from": [7, 0, 0],
			"to": [9, 2.3, 2],
			"rotation": {"angle": 0, "axis": "y", "origin": [15, 8, 8]},
			"faces": {
				"north": {"uv": [10, 2, 12, 4], "texture": "#0"},
				"east": {"uv": [6, 11, 8, 13], "texture": "#0"},
				"south": {"uv": [6, 9, 8, 11], "texture": "#0"},
				"west": {"uv": [8, 9, 10, 11], "texture": "#0"},
				"up": {"uv": [11, 2, 9, 0], "texture": "#0"},
				"down": {"uv": [6, 11, 8, 13], "rotation": 90, "texture": "#0"}
			}
		},
		{
			"from": [7, 0, 8],
			"to": [9, 2.3, 10],
			"rotation": {"angle": 0, "axis": "y", "origin": [15, 8, 16]},
			"faces": {
				"north": {"uv": [9, 7, 11, 9], "texture": "#0"},
				"east": {"uv": [8, 11, 6, 13], "texture": "#0"},
				"south": {"uv": [10, 2, 12, 4], "texture": "#0"},
				"west": {"uv": [6, 11, 8, 13], "texture": "#0"},
				"up": {"uv": [10, 13, 8, 11], "texture": "#0"},
				"down": {"uv": [6, 11, 8, 13], "rotation": 270, "texture": "#0"}
			}
		},
		{
			"from": [6.55, 0, 2],
			"to": [9.55, 3, 8],
			"rotation": {"angle": 0, "axis": "y", "origin": [15, 8, 10]},
			"faces": {
				"north": {"uv": [10, 2, 12, 4], "texture": "#0"},
				"east": {"uv": [6, 3, 0, 6], "texture": "#0"},
				"south": {"uv": [10, 2, 12, 4], "texture": "#0"},
				"west": {"uv": [0, 3, 6, 6], "texture": "#0"},
				"up": {"uv": [3, 12, 0, 6], "texture": "#0"},
				"down": {"uv": [0, 3, 6, 6], "rotation": 90, "texture": "#0"}
			}
		}
	],
	"display": {
		"thirdperson_righthand": {
			"rotation": [111, 0, 0],
			"translation": [0, -4.5, 6.5]
		},
		"thirdperson_lefthand": {
			"rotation": [111, 0, 0],
			"translation": [0, -4.5, 6.5]
		},
		"firstperson_righthand": {
			"translation": [3.25, 7, 2.25]
		},
		"firstperson_lefthand": {
			"translation": [5.75, 7, 2.25]
		},
		"ground": {
			"translation": [0, 5.5, 1.75]
		},
		"gui": {
			"rotation": [90.75, 41.75, -63.25],
			"translation": [11.25, 4, 0],
			"scale": [1.93633, 1.75469, 1.60742]
		},
		"head": {
			"translation": [-0.25, -32.25, 3.75],
			"scale": [1.6, 1.6, 1.6]
		},
		"fixed": {
			"rotation": [-90, -180, 0],
			"translation": [0.5, -11.5, -32.75],
			"scale": [4, 4, 4]
		}
	}
}