{
	"credit": "Made with Blockbench",
	"textures": {
		"butterfly": "custom/elitecreatures/insect/coffeemoth"
	},
	"elements": [
		{
			"name": "Box1",
			"from": [8.5, 0.5, 2.4],
			"to": [9.3, 1.3, 3.2],
			"rotation": {"angle": 45, "axis": "x", "origin": [8.597, 0.25, 1.875]},
			"faces": {
				"north": {"uv": [15, 15, 16, 16], "texture": "#butterfly"},
				"east": {"uv": [16, 13, 15, 14], "texture": "#butterfly"},
				"south": {"uv": [15, 14, 16, 15], "texture": "#butterfly"},
				"west": {"uv": [15, 13, 16, 14], "texture": "#butterfly"},
				"up": {"uv": [4, 0, 5, 1], "texture": "#butterfly"},
				"down": {"uv": [3, 0, 4, 1], "texture": "#butterfly"}
			}
		},
		{
			"name": "Box2",
			"from": [8.9, -0.3, 2.2],
			"to": [8.9, 1.2, 3.7],
			"rotation": {"angle": 45, "axis": "x", "origin": [8.597, 0.25, 0.875]},
			"faces": {
				"north": {"uv": [15, 15, 16, 16], "texture": "#butterfly"},
				"east": {"uv": [2.25, 1, 0, 3.5], "texture": "#butterfly"},
				"south": {"uv": [15, 14, 16, 15], "texture": "#butterfly"},
				"west": {"uv": [0, 1, 2.25, 3.5], "texture": "#butterfly"},
				"up": {"uv": [4, 0, 5, 1], "texture": "#butterfly"},
				"down": {"uv": [3, 0, 4, 1], "texture": "#butterfly"}
			}
		},
		{
			"name": "Box1",
			"from": [8.2, -0.5, 3.275],
			"to": [9.6, 0.5, 5.375],
			"rotation": {"angle": 0, "axis": "y", "origin": [8, 8, 6]},
			"faces": {
				"north": {"uv": [15, 11, 16, 12], "texture": "#butterfly"},
				"east": {"uv": [13, 15, 10, 16], "texture": "#butterfly"},
				"south": {"uv": [15, 10, 16, 11], "texture": "#butterfly"},
				"west": {"uv": [10, 15, 13, 16], "texture": "#butterfly"},
				"up": {"uv": [10.25, 10, 11.75, 13.5], "texture": "#butterfly"},
				"down": {"uv": [10.25, 13.5, 11.75, 10], "texture": "#butterfly"}
			}
		},
		{
			"name": "Box2",
			"from": [8.3, -0.3, 5.38],
			"to": [9.5, 0.5, 7.08],
			"faces": {
				"north": {"uv": [15, 11, 16, 12], "texture": "#butterfly"},
				"east": {"uv": [14.75, 10, 11.75, 11], "texture": "#butterfly"},
				"south": {"uv": [13.75, 12.25, 14.75, 13.25], "texture": "#butterfly"},
				"west": {"uv": [11.75, 10, 14.75, 11], "texture": "#butterfly"},
				"up": {"uv": [13, 13.25, 15, 15.75], "texture": "#butterfly"},
				"down": {"uv": [13, 15.75, 15, 13.25], "texture": "#butterfly"}
			}
		},
		{
			"name": "PlaneY3",
			"from": [7.125, 1.55, 0.75],
			"to": [10.675, 1.551, 3.75],
			"rotation": {"angle": 22.5, "axis": "x", "origin": [10.625, 1.625, 0.75]},
			"faces": {
				"up": {"uv": [9.75, 1.5, 16, 7.25], "texture": "#butterfly"},
				"down": {"uv": [9.75, 7.25, 16, 1.5], "texture": "#butterfly"}
			}
		},
		{
			"name": "PlaneY3",
			"from": [3.2, 0.5, 1.375],
			"to": [8.2, 0.501, 7.875],
			"rotation": {"angle": 45, "axis": "z", "origin": [8.2, 0.5, 4]},
			"faces": {
				"up": {"uv": [9.5, 3.75, 0, 16], "texture": "#butterfly"},
				"down": {"uv": [9.5, 16, 0, 3.75], "texture": "#butterfly"}
			}
		},
		{
			"name": "PlaneY3",
			"from": [9.6, 0.5, 1.375],
			"to": [14.6, 0.501, 7.875],
			"rotation": {"angle": -45, "axis": "z", "origin": [9.6, 0.5, 4]},
			"faces": {
				"up": {"uv": [0, 3.75, 9.5, 16], "texture": "#butterfly"},
				"down": {"uv": [0, 16, 9.5, 3.75], "texture": "#butterfly"}
			}
		}
	],
	"display": {
		"thirdperson_righthand": {
			"rotation": [147, 0, 0],
			"translation": [-0.695, -7.651, 2.0869]
		},
		"thirdperson_lefthand": {
			"rotation": [147, 0, 0],
			"translation": [1.3919, -7.651, 2.0869]
		},
		"firstperson_righthand": {
			"rotation": [58, 0, 0],
			"translation": [2.0868, 6.2608, 7.6521]
		},
		"firstperson_lefthand": {
			"rotation": [58, 0, 0],
			"translation": [3.4782, 6.2608, 7.6521]
		},
		"ground": {
			"translation": [0, 6.2608, 0],
			"scale": [1.5, 1.5, 1.5]
		},
		"gui": {
			"rotation": [90, 0, 0],
			"translation": [-1.641, -5.782, -0.695],
			"scale": [1.98047, 1.5, 1.83984]
		},
		"head": {
			"rotation": [28, 0, 0],
			"translation": [-0.693, -10.42, 2.0879],
			"scale": [1.5, 1.5, 1.5]
		},
		"fixed": {
			"rotation": [90, 0, -180],
			"translation": [3.414, -11.032, -32.033],
			"scale": [4, 4, 4]
		}
	}
}