{
	"credit": "Made with Blockbench",
	"textures": {
		"0": "custom/elitecreatures/insect/desertlilyate",
		"particle": "custom/elitecreatures/insect/desertlilyate"
	},
	"elements": [
		{
			"from": [7, 0, 8],
			"to": [7.2, 6, 8.2],
			"rotation": {"angle": 0, "axis": "y", "origin": [15, 8, 16]},
			"faces": {
				"north": {"uv": [0, 0, 1, 6], "texture": "#0"},
				"east": {"uv": [1, 1, 2, 7], "texture": "#0"},
				"south": {"uv": [2, 2, 3, 8], "texture": "#0"},
				"west": {"uv": [3, 3, 4, 9], "texture": "#0"},
				"up": {"uv": [2, 1, 1, 0], "texture": "#0"},
				"down": {"uv": [5, 3, 4, 4], "texture": "#0"}
			}
		},
		{
			"from": [7, 0, 8],
			"to": [7.2, 6, 8.2],
			"rotation": {"angle": 22.5, "axis": "z", "origin": [7, 0, 8]},
			"faces": {
				"north": {"uv": [4, 4, 5, 10], "texture": "#0"},
				"east": {"uv": [5, 5, 6, 11], "texture": "#0"},
				"south": {"uv": [0, 6, 1, 12], "texture": "#0"},
				"west": {"uv": [6, 6, 7, 12], "texture": "#0"},
				"up": {"uv": [10, 9, 9, 8], "texture": "#0"},
				"down": {"uv": [11, 8, 10, 9], "texture": "#0"}
			}
		},
		{
			"from": [6, 0, 8],
			"to": [8.2, 0, 11],
			"rotation": {"angle": -22.5, "axis": "x", "origin": [8, 0, 8]},
			"faces": {
				"north": {"uv": [0, 0, 2, 0], "texture": "#0"},
				"east": {"uv": [0, 0, 3, 0], "texture": "#0"},
				"south": {"uv": [0, 0, 2, 0], "texture": "#0"},
				"west": {"uv": [0, 0, 3, 0], "texture": "#0"},
				"up": {"uv": [11, 4, 8, 6], "rotation": 270, "texture": "#0"},
				"down": {"uv": [8, 4, 11, 6], "rotation": 270, "texture": "#0"}
			}
		},
		{
			"from": [6, 0, 5],
			"to": [8.2, 0, 8],
			"rotation": {"angle": 22.5, "axis": "x", "origin": [8, 0, 8]},
			"faces": {
				"north": {"uv": [0, 0, 2, 0], "texture": "#0"},
				"east": {"uv": [0, 0, 3, 0], "texture": "#0"},
				"south": {"uv": [0, 0, 2, 0], "texture": "#0"},
				"west": {"uv": [0, 0, 3, 0], "texture": "#0"},
				"up": {"uv": [11, 4, 8, 6], "rotation": 90, "texture": "#0"},
				"down": {"uv": [8, 4, 11, 6], "rotation": 90, "texture": "#0"}
			}
		},
		{
			"from": [7.2, 0.5, 7],
			"to": [10.2, 0.5, 9.2],
			"rotation": {"angle": 22.5, "axis": "z", "origin": [8, 0, 9]},
			"faces": {
				"north": {"uv": [0, 0, 3, 0], "texture": "#0"},
				"east": {"uv": [0, 0, 2, 0], "texture": "#0"},
				"south": {"uv": [0, 0, 3, 0], "texture": "#0"},
				"west": {"uv": [0, 0, 2, 0], "texture": "#0"},
				"up": {"uv": [11, 6, 8, 4], "rotation": 180, "texture": "#0"},
				"down": {"uv": [11, 4, 8, 6], "rotation": 180, "texture": "#0"}
			}
		},
		{
			"from": [7.1, 5.2, 7],
			"to": [7.1, 7.2, 9.2],
			"rotation": {"angle": 0, "axis": "z", "origin": [7, 5, 9]},
			"faces": {
				"north": {"uv": [0, 0, 0, 2], "texture": "#0"},
				"east": {"uv": [10, 0, 12, 2], "texture": "#0"},
				"south": {"uv": [0, 0, 0, 2], "texture": "#0"},
				"west": {"uv": [12, 0, 10, 2], "texture": "#0"},
				"up": {"uv": [0, 2, 0, 0], "texture": "#0"},
				"down": {"uv": [0, 0, 0, 2], "texture": "#0"}
			}
		},
		{
			"from": [5.05, 5.2, 7.05],
			"to": [5.05, 7.2, 9.25],
			"rotation": {"angle": 22.5, "axis": "z", "origin": [5, 5, 9]},
			"faces": {
				"north": {"uv": [0, 0, 0, 2], "texture": "#0"},
				"east": {"uv": [9, 9, 11, 11], "texture": "#0"},
				"south": {"uv": [0, 0, 0, 2], "texture": "#0"},
				"west": {"uv": [11, 9, 9, 11], "texture": "#0"},
				"up": {"uv": [0, 2, 0, 0], "texture": "#0"},
				"down": {"uv": [0, 0, 0, 2], "texture": "#0"}
			}
		},
		{
			"from": [7.1, 2.9, 2.4],
			"to": [7.1, 4.9, 4.6],
			"rotation": {"angle": 45, "axis": "x", "origin": [7, 3, 6]},
			"faces": {
				"north": {"uv": [0, 0, 0, 2], "texture": "#0"},
				"east": {"uv": [14, 0, 12, 2], "texture": "#0"},
				"south": {"uv": [0, 0, 0, 2], "texture": "#0"},
				"west": {"uv": [12, 0, 14, 2], "texture": "#0"},
				"up": {"uv": [0, 2, 0, 0], "texture": "#0"},
				"down": {"uv": [0, 0, 0, 2], "texture": "#0"}
			}
		},
		{
			"from": [3.6, 5.2, 8.1],
			"to": [5.8, 7.2, 8.1],
			"rotation": {"angle": 22.5, "axis": "z", "origin": [5, 6, 8]},
			"faces": {
				"north": {"uv": [9, 9, 11, 11], "texture": "#0"},
				"east": {"uv": [0, 0, 0, 2], "texture": "#0"},
				"south": {"uv": [11, 9, 9, 11], "texture": "#0"},
				"west": {"uv": [0, 0, 0, 2], "texture": "#0"},
				"up": {"uv": [2, 0, 0, 0], "texture": "#0"},
				"down": {"uv": [2, 0, 0, 0], "texture": "#0"}
			}
		},
		{
			"from": [6.1, 5.2, 3.5],
			"to": [8.1, 5.2, 5.7],
			"rotation": {"angle": 45, "axis": "x", "origin": [7, 5, 5]},
			"faces": {
				"north": {"uv": [0, 0, 2, 0], "texture": "#0"},
				"east": {"uv": [0, 0, 2, 0], "texture": "#0"},
				"south": {"uv": [0, 0, 2, 0], "texture": "#0"},
				"west": {"uv": [0, 0, 2, 0], "texture": "#0"},
				"up": {"uv": [14, 0, 12, 2], "rotation": 270, "texture": "#0"},
				"down": {"uv": [12, 0, 14, 2], "rotation": 270, "texture": "#0"}
			}
		},
		{
			"from": [6, 5.2, 8.1],
			"to": [8.2, 7.2, 8.1],
			"rotation": {"angle": 0, "axis": "y", "origin": [7, 5, 8]},
			"faces": {
				"north": {"uv": [12, 0, 10, 2], "texture": "#0"},
				"east": {"uv": [0, 0, 0, 2], "texture": "#0"},
				"south": {"uv": [10, 0, 12, 2], "texture": "#0"},
				"west": {"uv": [0, 0, 0, 2], "texture": "#0"},
				"up": {"uv": [2, 0, 0, 0], "texture": "#0"},
				"down": {"uv": [2, 0, 0, 0], "texture": "#0"}
			}
		},
		{
			"from": [3.8, 0.5, 7],
			"to": [6.8, 0.5, 9.2],
			"rotation": {"angle": -22.5, "axis": "z", "origin": [6, 0, 9]},
			"faces": {
				"north": {"uv": [0, 0, 3, 0], "texture": "#0"},
				"east": {"uv": [0, 0, 2, 0], "texture": "#0"},
				"south": {"uv": [0, 0, 3, 0], "texture": "#0"},
				"west": {"uv": [0, 0, 2, 0], "texture": "#0"},
				"up": {"uv": [11, 6, 8, 4], "texture": "#0"},
				"down": {"uv": [11, 4, 8, 6], "texture": "#0"}
			}
		},
		{
			"from": [7, 0, 8],
			"to": [7.2, 4, 8.2],
			"rotation": {"angle": -22.5, "axis": "x", "origin": [7, 0, 8]},
			"faces": {
				"north": {"uv": [4, 10, 5, 14], "texture": "#0"},
				"east": {"uv": [7, 10, 8, 14], "texture": "#0"},
				"south": {"uv": [8, 10, 9, 14], "texture": "#0"},
				"west": {"uv": [1, 11, 2, 15], "texture": "#0"},
				"up": {"uv": [8, 3, 7, 2], "texture": "#0"},
				"down": {"uv": [8, 6, 7, 7], "texture": "#0"}
			}
		},
		{
			"from": [7, 3.4, 6.1],
			"to": [7.2, 5.4, 6.3],
			"rotation": {"angle": -45, "axis": "x", "origin": [7, 4, 6]},
			"faces": {
				"north": {"uv": [2, 0, 3, 2], "texture": "#0"},
				"east": {"uv": [5, 3, 6, 5], "texture": "#0"},
				"south": {"uv": [1, 7, 2, 9], "texture": "#0"},
				"west": {"uv": [0, 12, 1, 14], "texture": "#0"},
				"up": {"uv": [3, 9, 2, 8], "texture": "#0"},
				"down": {"uv": [9, 6, 8, 7], "texture": "#0"}
			}
		}
	],
	"display": {
		"thirdperson_righthand": {
			"translation": [2.75, 8, 2.5],
			"scale": [1.84, 1.84, 1.84]
		},
		"thirdperson_lefthand": {
			"translation": [-3, 8, 2.5],
			"scale": [1.84, 1.84, 1.84]
		},
		"firstperson_righthand": {
			"rotation": [14.75, 0, 0],
			"translation": [6.5, 10.75, 0],
			"scale": [1.55, 1.55, 1.53]
		},
		"firstperson_lefthand": {
			"rotation": [14.75, 0, 0],
			"translation": [2.25, 10.75, 0],
			"scale": [1.55, 1.55, 1.53]
		},
		"ground": {
			"translation": [0, 14.5, 0],
			"scale": [2.03, 2.01, 2.01]
		},
		"gui": {
			"rotation": [0, 0, 43],
			"translation": [-3.5, 8.25, 0],
			"scale": [1.89, 2.1, 1.74]
		},
		"head": {
			"translation": [2.75, -23.75, -3.75],
			"scale": [2.66, 2.68, 2.73]
		},
		"fixed": {
			"rotation": [-90, 0, 0],
			"translation": [3.5, 0, -32],
			"scale": [4, 4, 4]
		}
	}
}