{
	"credit": "Made with Blockbench",
	"texture_size": [64, 64],
	"textures": {
		"0": "block/oak_planks",
		"1": "block/glass",
		"particle": "block/oak_planks"
	},
	"elements": [
		{
			"from": [8, 0, -2.92346],
			"to": [22.85, 0.8, 14.94259],
			"rotation": {"angle": 0, "axis": "y", "origin": [17.94259, 23.84691, 20.92346]},
			"faces": {
				"north": {"uv": [0, 3, 16, 4], "texture": "#0"},
				"east": {"uv": [10, 7, 16, 8], "texture": "#0"},
				"south": {"uv": [0, 3, 16, 4], "texture": "#0"},
				"west": {"uv": [7.25, 6.75, 11.75, 7], "texture": "#0"},
				"up": {"uv": [0, 16, 16, 0], "texture": "#0"},
				"down": {"uv": [0, 16, 16, 0], "texture": "#0"}
			}
		},
		{
			"from": [-5.9, 0, -2.92346],
			"to": [8, 0.8, 14.94259],
			"rotation": {"angle": 0, "axis": "y", "origin": [2.94691, 23.84691, 20.92346]},
			"faces": {
				"north": {"uv": [0, 3, 16, 4], "texture": "#0"},
				"east": {"uv": [7.25, 6.5, 11.75, 6.75], "texture": "#0"},
				"south": {"uv": [0, 3, 16, 4], "texture": "#0"},
				"west": {"uv": [10, 7, 16, 8], "texture": "#0"},
				"up": {"uv": [0, 16, 16, 0], "texture": "#0"},
				"down": {"uv": [0, 16, 16, 0], "texture": "#0"}
			}
		},
		{
			"from": [8.08, 0, -2.929],
			"to": [22.95, 5.8, -2.929],
			"rotation": {"angle": 0, "axis": "y", "origin": [17.94259, 23.84691, 20.92346]},
			"faces": {
				"north": {"uv": [16, 10, 0, 15], "texture": "#1"},
				"east": {"uv": [0, 0, 0, 1.5], "texture": "#1"},
				"south": {"uv": [0, 10, 16, 15], "texture": "#1"},
				"west": {"uv": [0, 0, 0, 1.5], "texture": "#1"},
				"up": {"uv": [7.25, 0, 0, 0], "texture": "#1"},
				"down": {"uv": [7.25, 0, 0, 0], "texture": "#1"}
			}
		},
		{
			"from": [-5.92, 0, -2.929],
			"to": [8.08, 5.8, -2.93],
			"rotation": {"angle": 0, "axis": "y", "origin": [2.94259, 23.84691, 20.92346]},
			"faces": {
				"north": {"uv": [0, 10, 16, 15], "texture": "#1"},
				"east": {"uv": [0, 0, 0, 1.5], "texture": "#1"},
				"south": {"uv": [16, 10, 0, 15], "texture": "#1"},
				"west": {"uv": [0, 0, 0, 1.5], "texture": "#1"},
				"up": {"uv": [7.25, 0, 0, 0], "texture": "#1"},
				"down": {"uv": [7.25, 0, 0, 0], "texture": "#1"}
			}
		},
		{
			"from": [-5.92, 0, 14.95],
			"to": [7.95, 5.8, 14.949],
			"rotation": {"angle": 0, "axis": "y", "origin": [17.94259, 23.84691, -8.92346]},
			"faces": {
				"north": {"uv": [0, 10, 16, 15], "texture": "#1"},
				"east": {"uv": [0, 0, 0, 1.5], "texture": "#1"},
				"south": {"uv": [16, 10, 0, 15], "texture": "#1"},
				"west": {"uv": [0, 0, 0, 1.5], "texture": "#1"},
				"up": {"uv": [7.25, 0, 0, 0], "texture": "#1"},
				"down": {"uv": [7.25, 0, 0, 0], "texture": "#1"}
			}
		},
		{
			"from": [7.95, 0, 14.95],
			"to": [22.949, 5.799, 14.949],
			"rotation": {"angle": 0, "axis": "y", "origin": [31.81259, 23.84691, -8.92346]},
			"faces": {
				"north": {"uv": [16, 10, 0, 15], "texture": "#1"},
				"east": {"uv": [0, 0, 0, 1.5], "texture": "#1"},
				"south": {"uv": [0, 10, 16, 15], "texture": "#1"},
				"west": {"uv": [0, 0, 0, 1.5], "texture": "#1"},
				"up": {"uv": [7.25, 0, 0, 0], "texture": "#1"},
				"down": {"uv": [7.25, 0, 0, 0], "texture": "#1"}
			}
		},
		{
			"from": [22.95, 0, -2.929],
			"to": [22.949, 5.8, 14.95],
			"rotation": {"angle": 0, "axis": "y", "origin": [17.94259, 23.84691, -8.92346]},
			"faces": {
				"north": {"uv": [9, 12, 15, 14], "texture": "#1"},
				"east": {"uv": [16, 8, 0, 15], "texture": "#1"},
				"south": {"uv": [0, 0, 0, 1.5], "texture": "#1"},
				"west": {"uv": [0, 8, 16, 15], "texture": "#1"},
				"up": {"uv": [0, 4.5, 0, 0], "texture": "#1"},
				"down": {"uv": [0, 0, 0, 4.5], "texture": "#1"}
			}
		},
		{
			"from": [-5.92, 0, -2.929],
			"to": [-5.921, 5.8, 14.95],
			"rotation": {"angle": 0, "axis": "y", "origin": [-11.05741, 23.84691, -8.92346]},
			"faces": {
				"north": {"uv": [0, 0, 0, 1.5], "texture": "#1"},
				"east": {"uv": [16, 8, 0, 15], "texture": "#1"},
				"south": {"uv": [0, 0, 0, 1.5], "texture": "#1"},
				"west": {"uv": [0, 8, 16, 15], "texture": "#1"},
				"up": {"uv": [0, 4.5, 0, 0], "texture": "#1"},
				"down": {"uv": [0, 0, 0, 4.5], "texture": "#1"}
			}
		},
		{
			"from": [8.08, 5.8, -2.929],
			"to": [22.949, 5.799, 14.95],
			"rotation": {"angle": 0, "axis": "y", "origin": [-11.05741, 23.84691, -8.92346]},
			"faces": {
				"north": {"uv": [0, 0, 7.25, 0], "texture": "#1"},
				"east": {"uv": [0, 0, 4.5, 0], "texture": "#1"},
				"south": {"uv": [0, 0, 7.25, 0], "texture": "#1"},
				"west": {"uv": [0, 0, 4.5, 0], "texture": "#1"},
				"up": {"uv": [1, 16, 16, 0], "texture": "#1"},
				"down": {"uv": [1, 0, 16, 16], "texture": "#1"}
			}
		},
		{
			"from": [-5.92, 5.8, -2.929],
			"to": [8.08, 5.799, 14.95],
			"rotation": {"angle": 0, "axis": "y", "origin": [-25.92641, 23.84691, -8.92346]},
			"faces": {
				"north": {"uv": [0, 0, 7.25, 0], "texture": "#1"},
				"east": {"uv": [0, 0, 4.5, 0], "texture": "#1"},
				"south": {"uv": [0, 0, 7.25, 0], "texture": "#1"},
				"west": {"uv": [0, 0, 4.5, 0], "texture": "#1"},
				"up": {"uv": [16, 16, 1, 0], "texture": "#1"},
				"down": {"uv": [16, 0, 1, 16], "texture": "#1"}
			}
		}
	],
	"display": {
		"thirdperson_righthand": {
			"rotation": [163, 176.75, -98.5],
			"translation": [-2, 0, -2.75],
			"scale": [0.5, 0.51, 0.5]
		},
		"thirdperson_lefthand": {
			"rotation": [163, 176.75, -98.5],
			"translation": [-2, 0, -2.75],
			"scale": [0.5, 0.51, 0.5]
		},
		"firstperson_righthand": {
			"translation": [4, 4, 0],
			"scale": [0.56641, 0.91602, 0.54883]
		},
		"firstperson_lefthand": {
			"translation": [4, 4, 0],
			"scale": [0.56641, 0.91602, 0.54883]
		},
		"ground": {
			"translation": [0, 9.5, 0],
			"scale": [0.6875, 1, 0.75391]
		},
		"gui": {
			"rotation": [65.5, 31.5, 0],
			"translation": [0, 2, 0],
			"scale": [0.37891, 1, 0.5293]
		},
		"fixed": {
			"rotation": [-90, 0, 0],
			"translation": [-2, -44, -30],
			"scale": [4, 4, 4]
		}
	}
}