{
	"credit": "Made with Blockbench",
	"textures": {
		"dragonfly": "custom/elitecreatures/insect/dragonfly"
	},
	"elements": [
		{
			"name": "Box1",
			"from": [7.7, 0.125, 4.475],
			"to": [8.2, 0.625, 5.975],
			"faces": {
				"north": {"uv": [0, 0, 2, 2], "texture": "#dragonfly"},
				"east": {"uv": [2, 0, 4, 2], "texture": "#dragonfly"},
				"south": {"uv": [4, 4, 6, 6], "texture": "#dragonfly"},
				"west": {"uv": [4, 2, 6, 4], "texture": "#dragonfly"},
				"up": {"uv": [14, 10, 16, 12], "texture": "#dragonfly"},
				"down": {"uv": [12, 10, 14, 12], "texture": "#dragonfly"}
			}
		},
		{
			"name": "Box1",
			"from": [7.75, 0.125, 1.125],
			"to": [8.25, 0.625, 1.625],
			"rotation": {"angle": 22.5, "axis": "x", "origin": [7.75, 0.125, 1.125]},
			"faces": {
				"north": {"uv": [8, 0, 10, 2], "texture": "#dragonfly"},
				"east": {"uv": [8, 0, 10, 2], "texture": "#dragonfly"},
				"south": {"uv": [8, 0, 10, 2], "texture": "#dragonfly"},
				"west": {"uv": [8, 0, 10, 2], "texture": "#dragonfly"},
				"up": {"uv": [8, 0, 10, 2], "texture": "#dragonfly"},
				"down": {"uv": [8, 0, 10, 2], "texture": "#dragonfly"}
			}
		},
		{
			"name": "Box1",
			"from": [7.625, 0.125, 1.875],
			"to": [8.2905, 0.7905, 4.537],
			"faces": {
				"north": {"uv": [6, 6, 8, 8], "texture": "#dragonfly"},
				"east": {"uv": [12, 12, 16, 14], "texture": "#dragonfly"},
				"south": {"uv": [6, 4, 8, 6], "texture": "#dragonfly"},
				"west": {"uv": [12, 14, 16, 16], "texture": "#dragonfly"},
				"up": {"uv": [2, 2, 4, 6], "texture": "#dragonfly"},
				"down": {"uv": [0, 2, 2, 6], "texture": "#dragonfly"}
			}
		},
		{
			"name": "PlaneY4",
			"from": [8.125, 0.75, 1.75],
			"to": [11.625, 0.751, 3.25],
			"faces": {
				"up": {"uv": [6, 6, 0, 8], "texture": "#dragonfly"},
				"down": {"uv": [6, 8, 0, 6], "texture": "#dragonfly"}
			}
		},
		{
			"name": "PlaneY4",
			"from": [8.125, 0.875, 2.625],
			"to": [11.625, 0.876, 4.125],
			"faces": {
				"up": {"uv": [6, 6, 0, 8], "texture": "#dragonfly"},
				"down": {"uv": [6, 8, 0, 6], "texture": "#dragonfly"}
			}
		},
		{
			"name": "PlaneY4",
			"from": [4.25, 0.75, 2.625],
			"to": [7.75, 0.751, 4.125],
			"faces": {
				"up": {"uv": [0, 6, 6, 8], "texture": "#dragonfly"},
				"down": {"uv": [0, 8, 6, 6], "texture": "#dragonfly"}
			}
		},
		{
			"name": "PlaneY4",
			"from": [4.25, 0.875, 1.75],
			"to": [7.75, 0.876, 3.25],
			"faces": {
				"up": {"uv": [0, 6, 6, 8], "texture": "#dragonfly"},
				"down": {"uv": [0, 8, 6, 6], "texture": "#dragonfly"}
			}
		},
		{
			"name": "Box1",
			"from": [7.5, 0.25, 1.25],
			"to": [8.5, 1.25, 1.75],
			"rotation": {"angle": 22.5, "axis": "x", "origin": [7.5, 0.25, 1.25]},
			"faces": {
				"north": {"uv": [8, 8, 10, 10], "texture": "#dragonfly"},
				"east": {"uv": [14, 8, 16, 10], "texture": "#dragonfly"},
				"south": {"uv": [10, 8, 12, 10], "texture": "#dragonfly"},
				"west": {"uv": [12, 8, 14, 10], "texture": "#dragonfly"},
				"up": {"uv": [6, 8, 8, 10], "texture": "#dragonfly"},
				"down": {"uv": [4, 0, 6, 2], "texture": "#dragonfly"}
			}
		}
	],
	"display": {
		"thirdperson_righthand": {
			"rotation": [72, -2, 0],
			"translation": [0.6956, -0.695, 9.0434]
		},
		"thirdperson_lefthand": {
			"rotation": [72, -2, 0],
			"translation": [0.6956, -0.695, 9.0434]
		},
		"firstperson_righthand": {
			"translation": [6.9565, 9.0434, 0],
			"scale": [1.5, 1.5, 1.5]
		},
		"firstperson_lefthand": {
			"translation": [6.9565, 9.0434, 0],
			"scale": [1.5, 1.5, 1.5]
		},
		"ground": {
			"translation": [-2.086, 6.9565, 7.6521],
			"scale": [2, 2, 2]
		},
		"gui": {
			"rotation": [90, 63, -51],
			"translation": [12.523, 6.2608, 1.3912],
			"scale": [2, 2, 2]
		},
		"head": {
			"translation": [0.0013, -2.086, -0.696],
			"scale": [2, 2, 2]
		},
		"fixed": {
			"rotation": [-90, 0, 0],
			"translation": [0.25, 15.9021, -26.1],
			"scale": [3.33, 3.33, 3.33]
		}
	}
}