{
	"__comment": "Designed by Sefreneth with Cubik Studio - https://cubik.studio",
	"textures": {
		"firefly": "custom/elitecreatures/insect/firefly"
	},
	"elements": [ 	 
		{
			"__comment": "Box1",
			"from": [ 7.325, 0.171, 12.3665 ],
			"to": [ 8.170518, 1.016518, 13.21202 ],
			"faces": {
				"down": { "uv": [ 8, 15, 9, 16 ], "texture": "#firefly" },
				"up": { "uv": [ 9, 15, 10, 16 ], "texture": "#firefly" },
				"north": { "uv": [ 10, 15, 11, 16 ], "texture": "#firefly" },
				"south": { "uv": [ 11, 15, 12, 16 ], "texture": "#firefly" },
				"west": { "uv": [ 12, 15, 13, 16 ], "texture": "#firefly" },
				"east": { "uv": [ 13, 15, 14, 16 ], "texture": "#firefly" }
			}
		},
		{
			"__comment": "Box1",
			"from": [ 7.25, 0.125, 12.75 ],
			"to": [ 8.25, 1.125, 14.25 ],
			"rotation": { "origin": [ 7.25, 0.125, 12.75 ], "axis": "x", "angle": 22.5 },
			"faces": {
				"down": { "uv": [ 14, 15, 15, 16 ], "texture": "#firefly" },
				"up": { "uv": [ 15, 15, 16, 16 ], "texture": "#firefly" },
				"north": { "uv": [ 8, 14, 9, 15 ], "texture": "#firefly" },
				"south": { "uv": [ 8, 13, 9, 14 ], "texture": "#firefly" },
				"west": { "uv": [ 8, 12, 9, 13 ], "texture": "#firefly" },
				"east": { "uv": [ 8, 11, 9, 12 ], "texture": "#firefly" }
			}
		},
		{
			"__comment": "Box1",
			"from": [ 7.325, 0.796, 13.6165 ],
			"to": [ 8.170518, 1.641518, 14.46202 ],
			"rotation": { "origin": [ 7.2, 0.25, 12.625 ], "axis": "x", "angle": 45 },
			"faces": {
				"down": { "uv": [ 8, 10, 9, 11 ], "texture": "#firefly" },
				"up": { "uv": [ 8, 9, 9, 10 ], "texture": "#firefly" },
				"north": { "uv": [ 8, 8, 9, 9 ], "texture": "#firefly" },
				"south": { "uv": [ 9, 14, 10, 15 ], "texture": "#firefly" },
				"west": { "uv": [ 10, 14, 11, 15 ], "texture": "#firefly" },
				"east": { "uv": [ 11, 14, 12, 15 ], "texture": "#firefly" }
			}
		},
		{
			"__comment": "PlaneY4",
			"from": [ 7.375, -1.375, 12.375 ],
			"to": [ 7.376, 0.625, 14.875 ],
			"rotation": { "origin": [ 7.375, 0.625, 12.375 ], "axis": "x", "angle": 22.5 },
			"faces": {
				"west": { "uv": [ 6, 14, 8, 16 ], "texture": "#firefly", "rotation": 90 },
				"east": { "uv": [ 6, 16, 8, 14 ], "texture": "#firefly", "rotation": 90 }
			}
		},
		{
			"__comment": "PlaneY4",
			"from": [ 3.75, 1, 11.125 ],
			"to": [ 7.25, 1.001, 15.125 ],
			"rotation": { "origin": [ 3.75, 1, 11.125 ], "axis": "z", "angle": 0 },
			"faces": {
				"down": { "uv": [ 3, 12, 6, 8 ], "texture": "#firefly", "rotation": 180 },
				"up": { "uv": [ 3, 8, 6, 12 ], "texture": "#firefly", "rotation": 180 }
			}
		},
		{
			"__comment": "PlaneY4",
			"from": [ 8.125, 1, 11.125 ],
			"to": [ 11.625, 1.001, 15.125 ],
			"faces": {
				"down": { "uv": [ 3, 8, 6, 12 ], "texture": "#firefly" },
				"up": { "uv": [ 3, 12, 6, 8 ], "texture": "#firefly" }
			}
		},
		{
			"__comment": "PlaneY4",
			"from": [ 8.125, -1.375, 12.375 ],
			"to": [ 8.126, 0.625, 14.875 ],
			"rotation": { "origin": [ 8.125, 0.625, 12.375 ], "axis": "x", "angle": 22.5 },
			"faces": {
				"west": { "uv": [ 6, 14, 8, 16 ], "texture": "#firefly", "rotation": 90 },
				"east": { "uv": [ 6, 16, 8, 14 ], "texture": "#firefly", "rotation": 90 }
			}
		}
	],
	"display": {
		"thirdperson_righthand": {
			"rotation":  [ 72, -2, 0 ],
			"translation":  [ 0.0003, 7.6521, 5.5652 ]
		},
		"thirdperson_lefthand": {
			"rotation":  [ 72, -2, 0 ],
			"translation":  [ 0.0003, 7.6521, 5.5652 ]
		},
		"firstperson_righthand": {
			"rotation":  [ -2, 0, 0 ],
			"translation":  [ 13.913, 6.9565, -27.82 ],
			"scale":  [ 2, 2, 2 ]
		},
		"firstperson_lefthand": {
			"rotation":  [ -2, 0, 0 ],
			"translation":  [ 13.913, 6.9565, -27.82 ],
			"scale":  [ 2, 2, 2 ]
		},
		"gui": {
			"rotation":  [ 0, 90, 44 ],
			"translation":  [ -10.43, 11.13, -4.869 ],
			"scale":  [ 2, 2, 2 ]
		},
		"head": {
			"translation":  [ 0.6956, 2.7835, -18.07 ],
			"scale":  [ 2, 2, 2 ]
		},
		"ground": {
			"translation":  [ 0, 11.826, 0 ],
			"scale":  [ 2, 2, 2 ]
		},
		"fixed": {
			"rotation":  [ -69, -180, 0 ],
			"translation":  [ -1.391, 20.868, -13.9 ],
			"scale":  [ 2.5, 2.5, 2.5 ]
		}
	}
}