{
	"credit": "Made with Blockbench",
	"texture_size": [32, 32],
	"textures": {
		"0": "custom/elitecreatures/insect/ginsengate",
		"particle": "custom/elitecreatures/insect/ginsengate"
	},
	"elements": [
		{
			"from": [8, 7, 8],
			"to": [10, 9, 10],
			"rotation": {"angle": 0, "axis": "y", "origin": [16, 14, 16]},
			"faces": {
				"north": {"uv": [3, 10, 4, 11], "texture": "#0"},
				"east": {"uv": [3, 10, 4, 11], "texture": "#0"},
				"south": {"uv": [3, 10, 4, 11], "texture": "#0"},
				"west": {"uv": [3, 10, 4, 11], "texture": "#0"},
				"up": {"uv": [7, 11.5, 6, 10.5], "texture": "#0"},
				"down": {"uv": [7, 11.5, 6, 10.5], "texture": "#0"}
			}
		},
		{
			"from": [8.25, 9, 8.25],
			"to": [9.75, 9.5, 9.75],
			"rotation": {"angle": 0, "axis": "y", "origin": [16, 16, 16]},
			"faces": {
				"north": {"uv": [12, 8.5, 13, 9], "texture": "#0"},
				"east": {"uv": [12, 8.5, 13, 9], "texture": "#0"},
				"south": {"uv": [12, 8.5, 13, 9], "texture": "#0"},
				"west": {"uv": [12, 8.5, 13, 9], "texture": "#0"},
				"up": {"uv": [7, 11.5, 6, 10.5], "texture": "#0"},
				"down": {"uv": [8, 10.5, 7, 11.5], "texture": "#0"}
			}
		},
		{
			"from": [8.25, 5, 8.25],
			"to": [9.75, 7, 9.75],
			"rotation": {"angle": 0, "axis": "y", "origin": [16, 12, 16]},
			"faces": {
				"north": {"uv": [10, 5, 11, 6], "texture": "#0"},
				"east": {"uv": [10, 5, 11, 6], "texture": "#0"},
				"south": {"uv": [10, 5, 11, 6], "texture": "#0"},
				"west": {"uv": [10, 5, 11, 6], "texture": "#0"},
				"up": {"uv": [5, 11.5, 4, 10.5], "texture": "#0"},
				"down": {"uv": [7, 11.5, 6, 10.5], "texture": "#0"}
			}
		},
		{
			"from": [8.5, 0, 10],
			"to": [9.5, 2, 11],
			"rotation": {"angle": 22.5, "axis": "x", "origin": [16, 7, 18]},
			"faces": {
				"north": {"uv": [12, 3, 12.5, 4], "texture": "#0"},
				"east": {"uv": [12, 3, 12.5, 4], "texture": "#0"},
				"south": {"uv": [12, 3, 12.5, 4], "texture": "#0"},
				"west": {"uv": [12, 3, 12.5, 4], "texture": "#0"},
				"up": {"uv": [12.5, 10.5, 12, 10], "texture": "#0"},
				"down": {"uv": [7, 11.5, 6, 10.5], "texture": "#0"}
			}
		},
		{
			"from": [9, 0, 5],
			"to": [9, 9, 13],
			"rotation": {"angle": 0, "axis": "y", "origin": [16, 10, 8]},
			"faces": {
				"north": {"uv": [0, 0, 0, 4.5], "texture": "#0"},
				"east": {"uv": [8, 4, 4, 8.5], "texture": "#0"},
				"south": {"uv": [0, 0, 0, 4.5], "texture": "#0"},
				"west": {"uv": [4, 4, 8, 8.5], "texture": "#0"},
				"up": {"uv": [0, 4, 0, 0], "texture": "#0"},
				"down": {"uv": [0, 0, 0, 4], "texture": "#0"}
			}
		},
		{
			"from": [5, 0, 9],
			"to": [13, 9, 9],
			"rotation": {"angle": 0, "axis": "y", "origin": [9, 7, 9]},
			"faces": {
				"north": {"uv": [0, 4.5, 4, 9], "texture": "#0"},
				"east": {"uv": [0, 0, 0, 4.5], "texture": "#0"},
				"south": {"uv": [4, 4.5, 0, 9], "texture": "#0"},
				"west": {"uv": [0, 0, 0, 4.5], "texture": "#0"},
				"up": {"uv": [4, 0, 0, 0], "texture": "#0"},
				"down": {"uv": [4, 0, 0, 0], "texture": "#0"}
			}
		}
	],
	"display": {
		"thirdperson_righthand": {
			"translation": [0, 1.25, 0]
		},
		"thirdperson_lefthand": {
			"translation": [0, 1.25, 0]
		},
		"firstperson_righthand": {
			"translation": [1.25, 5.25, 0.25]
		},
		"firstperson_lefthand": {
			"translation": [2.25, 5.25, 0.25]
		},
		"ground": {
			"translation": [0, 8.75, 0],
			"scale": [1.38, 1.36, 1.36]
		},
		"gui": {
			"rotation": [0, 0, 43.25],
			"translation": [-5.25, 3.5, 0],
			"scale": [1.55274, 1.46484, 1]
		},
		"head": {
			"translation": [-2.25, -28.25, -11.25],
			"scale": [1.94, 1.94, 1.91]
		},
		"fixed": {
			"rotation": [-90, 0, 0],
			"translation": [-3, -3.75, -32],
			"scale": [4, 4, 4]
		}
	}
}