{
	"credit": "Made with Blockbench",
	"texture_size": [32, 32],
	"textures": {
		"0": "custom/elitecreatures/insect/ginsengnormal",
		"particle": "custom/elitecreatures/insect/ginsengnormal"
	},
	"elements": [
		{
			"from": [8, -1, 8],
			"to": [10, 1, 10],
			"rotation": {"angle": 0, "axis": "y", "origin": [16, 6, 16]},
			"faces": {
				"north": {"uv": [3, 10, 4, 11], "texture": "#0"},
				"east": {"uv": [3, 10, 4, 11], "texture": "#0"},
				"south": {"uv": [3, 10, 4, 11], "texture": "#0"},
				"west": {"uv": [3, 10, 4, 11], "texture": "#0"},
				"up": {"uv": [7, 11.5, 6, 10.5], "texture": "#0"},
				"down": {"uv": [7, 11.5, 6, 10.5], "texture": "#0"}
			}
		},
		{
			"from": [8.25, 1, 8.25],
			"to": [9.75, 1.5, 9.75],
			"rotation": {"angle": 0, "axis": "y", "origin": [16, 8, 16]},
			"faces": {
				"north": {"uv": [12, 8.5, 13, 9], "texture": "#0"},
				"east": {"uv": [12, 8.5, 13, 9], "texture": "#0"},
				"south": {"uv": [12, 8.5, 13, 9], "texture": "#0"},
				"west": {"uv": [12, 8.5, 13, 9], "texture": "#0"},
				"up": {"uv": [7, 11.5, 6, 10.5], "texture": "#0"},
				"down": {"uv": [8, 10.5, 7, 11.5], "texture": "#0"}
			}
		},
		{
			"from": [9, 1, 9],
			"to": [9.2, 4, 9.2],
			"rotation": {"angle": 0, "axis": "y", "origin": [17, 8, 17]},
			"faces": {
				"north": {"uv": [11, 0, 11.5, 1.5], "texture": "#0"},
				"east": {"uv": [11, 1.5, 11.5, 3], "texture": "#0"},
				"south": {"uv": [11, 3, 11.5, 4.5], "texture": "#0"},
				"west": {"uv": [11, 4.5, 11.5, 6], "texture": "#0"},
				"up": {"uv": [12.5, 11.5, 12, 11], "texture": "#0"},
				"down": {"uv": [12.5, 11.5, 12, 12], "texture": "#0"}
			}
		},
		{
			"from": [9, 4, 9],
			"to": [9.2, 7, 9.2],
			"rotation": {"angle": -22.5, "axis": "x", "origin": [9, 4, 9]},
			"faces": {
				"north": {"uv": [11, 6, 11.5, 7.5], "texture": "#0"},
				"east": {"uv": [4, 11.5, 4.5, 13], "texture": "#0"},
				"south": {"uv": [4.5, 11.5, 5, 13], "texture": "#0"},
				"west": {"uv": [5, 11.5, 5.5, 13], "texture": "#0"},
				"up": {"uv": [1.5, 13, 1, 12.5], "texture": "#0"},
				"down": {"uv": [2, 12.5, 1.5, 13], "texture": "#0"}
			}
		},
		{
			"from": [9.01, 6.5, 5.2],
			"to": [9.21, 6.7, 8.2],
			"rotation": {"angle": 22.5, "axis": "x", "origin": [9, 7, 8]},
			"faces": {
				"north": {"uv": [3, 12.5, 3.5, 13], "texture": "#0"},
				"east": {"uv": [11, 7.5, 12.5, 8], "texture": "#0"},
				"south": {"uv": [3.5, 12.5, 4, 13], "texture": "#0"},
				"west": {"uv": [5.5, 11.5, 7, 12], "texture": "#0"},
				"up": {"uv": [7.5, 13, 7, 11.5], "texture": "#0"},
				"down": {"uv": [8, 11.5, 7.5, 13], "texture": "#0"}
			}
		},
		{
			"from": [9.1, 6.5, 8.01],
			"to": [12.1, 6.7, 8.21],
			"rotation": {"angle": 22.5, "axis": "y", "origin": [9, 7, 8]},
			"faces": {
				"north": {"uv": [11.5, 0, 13, 0.5], "texture": "#0"},
				"east": {"uv": [5.5, 12.5, 6, 13], "texture": "#0"},
				"south": {"uv": [11.5, 0.5, 13, 1], "texture": "#0"},
				"west": {"uv": [6, 12.5, 6.5, 13], "texture": "#0"},
				"up": {"uv": [13, 1.5, 11.5, 1], "texture": "#0"},
				"down": {"uv": [13, 1.5, 11.5, 2], "texture": "#0"}
			}
		},
		{
			"from": [8.9, 6.5, 8.1],
			"to": [9.1, 6.7, 11.1],
			"rotation": {"angle": 45, "axis": "y", "origin": [9, 7, 8]},
			"faces": {
				"north": {"uv": [6.5, 12.5, 7, 13], "texture": "#0"},
				"east": {"uv": [11.5, 2, 13, 2.5], "texture": "#0"},
				"south": {"uv": [8, 12.5, 8.5, 13], "texture": "#0"},
				"west": {"uv": [11.5, 2.5, 13, 3], "texture": "#0"},
				"up": {"uv": [12, 4.5, 11.5, 3], "texture": "#0"},
				"down": {"uv": [12, 4.5, 11.5, 6], "texture": "#0"}
			}
		},
		{
			"from": [8.9, 6.51, 8.1],
			"to": [9.1, 6.71, 11.1],
			"rotation": {"angle": 0, "axis": "x", "origin": [9, 7, 8]},
			"faces": {
				"north": {"uv": [8.5, 12.5, 9, 13], "texture": "#0"},
				"east": {"uv": [11.5, 6, 13, 6.5], "texture": "#0"},
				"south": {"uv": [9, 12.5, 9.5, 13], "texture": "#0"},
				"west": {"uv": [11.5, 6.5, 13, 7], "texture": "#0"},
				"up": {"uv": [0.5, 13.5, 0, 12], "texture": "#0"},
				"down": {"uv": [1, 12, 0.5, 13.5], "texture": "#0"}
			}
		},
		{
			"from": [6.2, 6.5, 7.79],
			"to": [9.2, 6.7, 7.99],
			"rotation": {"angle": -22.5, "axis": "z", "origin": [9, 7, 8]},
			"faces": {
				"north": {"uv": [11.5, 7, 13, 7.5], "texture": "#0"},
				"east": {"uv": [9.5, 12.5, 10, 13], "texture": "#0"},
				"south": {"uv": [1, 12, 2.5, 12.5], "texture": "#0"},
				"west": {"uv": [10, 12.5, 10.5, 13], "texture": "#0"},
				"up": {"uv": [4, 12.5, 2.5, 12], "texture": "#0"},
				"down": {"uv": [7, 12, 5.5, 12.5], "texture": "#0"}
			}
		},
		{
			"from": [9.05, 6.8, 7.9],
			"to": [9.15, 12.8, 8],
			"rotation": {"angle": 0, "axis": "x", "origin": [9, 7, 8]},
			"faces": {
				"north": {"uv": [0, 9, 0.5, 12], "texture": "#0"},
				"east": {"uv": [0.5, 9, 1, 12], "texture": "#0"},
				"south": {"uv": [1, 9, 1.5, 12], "texture": "#0"},
				"west": {"uv": [1.5, 9, 2, 12], "texture": "#0"},
				"up": {"uv": [2.5, 13, 2, 12.5], "texture": "#0"},
				"down": {"uv": [3, 12.5, 2.5, 13], "texture": "#0"}
			}
		},
		{
			"from": [8.25, -3, 8.25],
			"to": [9.75, -1, 9.75],
			"rotation": {"angle": 0, "axis": "y", "origin": [16, 4, 16]},
			"faces": {
				"north": {"uv": [10, 5, 11, 6], "texture": "#0"},
				"east": {"uv": [10, 5, 11, 6], "texture": "#0"},
				"south": {"uv": [10, 5, 11, 6], "texture": "#0"},
				"west": {"uv": [10, 5, 11, 6], "texture": "#0"},
				"up": {"uv": [5, 11.5, 4, 10.5], "texture": "#0"},
				"down": {"uv": [7, 11.5, 6, 10.5], "texture": "#0"}
			}
		},
		{
			"from": [8.5, -8, 10],
			"to": [9.5, -6, 11],
			"rotation": {"angle": 22.5, "axis": "x", "origin": [16, -1, 18]},
			"faces": {
				"north": {"uv": [12, 3, 12.5, 4], "texture": "#0"},
				"east": {"uv": [12, 3, 12.5, 4], "texture": "#0"},
				"south": {"uv": [12, 3, 12.5, 4], "texture": "#0"},
				"west": {"uv": [12, 3, 12.5, 4], "texture": "#0"},
				"up": {"uv": [12.5, 10.5, 12, 10], "texture": "#0"},
				"down": {"uv": [7, 11.5, 6, 10.5], "texture": "#0"}
			}
		},
		{
			"from": [9, -8, 5],
			"to": [9, 1, 13],
			"rotation": {"angle": 0, "axis": "y", "origin": [16, 2, 8]},
			"faces": {
				"north": {"uv": [0, 0, 0, 4.5], "texture": "#0"},
				"east": {"uv": [8, 4, 4, 8.5], "texture": "#0"},
				"south": {"uv": [0, 0, 0, 4.5], "texture": "#0"},
				"west": {"uv": [4, 4, 8, 8.5], "texture": "#0"},
				"up": {"uv": [0, 4, 0, 0], "texture": "#0"},
				"down": {"uv": [0, 0, 0, 4], "texture": "#0"}
			}
		},
		{
			"from": [5, -8, 9],
			"to": [13, 1, 9],
			"rotation": {"angle": 0, "axis": "y", "origin": [9, -1, 9]},
			"faces": {
				"north": {"uv": [0, 4.5, 4, 9], "texture": "#0"},
				"east": {"uv": [0, 0, 0, 4.5], "texture": "#0"},
				"south": {"uv": [4, 4.5, 0, 9], "texture": "#0"},
				"west": {"uv": [0, 0, 0, 4.5], "texture": "#0"},
				"up": {"uv": [4, 0, 0, 0], "texture": "#0"},
				"down": {"uv": [4, 0, 0, 0], "texture": "#0"}
			}
		},
		{
			"from": [9.1, 12.8, 6.95],
			"to": [9.1, 14.8, 8.95],
			"rotation": {"angle": 0, "axis": "y", "origin": [9, 13, 8]},
			"faces": {
				"north": {"uv": [0, 0, 0, 1], "texture": "#0"},
				"east": {"uv": [2, 9, 3, 10], "texture": "#0"},
				"south": {"uv": [0, 0, 0, 1], "texture": "#0"},
				"west": {"uv": [3, 9, 2, 10], "texture": "#0"},
				"up": {"uv": [0, 1, 0, 0], "texture": "#0"},
				"down": {"uv": [0, 0, 0, 1], "texture": "#0"}
			}
		},
		{
			"from": [8.1, 12.8, 7.95],
			"to": [10.1, 14.8, 7.95],
			"rotation": {"angle": 0, "axis": "y", "origin": [9, 13, 8]},
			"faces": {
				"north": {"uv": [2, 9, 3, 10], "texture": "#0"},
				"east": {"uv": [0, 0, 0, 1], "texture": "#0"},
				"south": {"uv": [3, 9, 2, 10], "texture": "#0"},
				"west": {"uv": [0, 0, 0, 1], "texture": "#0"},
				"up": {"uv": [1, 0, 0, 0], "texture": "#0"},
				"down": {"uv": [1, 0, 0, 0], "texture": "#0"}
			}
		},
		{
			"from": [7.1, 7.6, 1.2],
			"to": [11.1, 7.6, 5.2],
			"rotation": {"angle": -22.5, "axis": "x", "origin": [8, 8, 5]},
			"faces": {
				"north": {"uv": [0, 0, 2, 0], "texture": "#0"},
				"east": {"uv": [0, 0, 2, 0], "texture": "#0"},
				"south": {"uv": [0, 0, 2, 0], "texture": "#0"},
				"west": {"uv": [0, 0, 2, 0], "texture": "#0"},
				"up": {"uv": [6, 2, 4, 0], "texture": "#0"},
				"down": {"uv": [6, 0, 4, 2], "texture": "#0"}
			}
		},
		{
			"from": [2.5, 7.8, 5.9],
			"to": [6.5, 7.8, 9.9],
			"rotation": {"angle": -22.5, "axis": "z", "origin": [6, 8, 9]},
			"faces": {
				"north": {"uv": [0, 0, 2, 0], "texture": "#0"},
				"east": {"uv": [0, 0, 2, 0], "texture": "#0"},
				"south": {"uv": [0, 0, 2, 0], "texture": "#0"},
				"west": {"uv": [0, 0, 2, 0], "texture": "#0"},
				"up": {"uv": [4, 10.5, 6, 8.5], "texture": "#0"},
				"down": {"uv": [4, 8.5, 6, 10.5], "texture": "#0"}
			}
		},
		{
			"from": [6.9, 6.7, 11.2],
			"to": [10.9, 6.7, 15.2],
			"rotation": {"angle": 22.5, "axis": "x", "origin": [10, 7, 11]},
			"faces": {
				"north": {"uv": [0, 0, 2, 0], "texture": "#0"},
				"east": {"uv": [0, 0, 2, 0], "texture": "#0"},
				"south": {"uv": [0, 0, 2, 0], "texture": "#0"},
				"west": {"uv": [0, 0, 2, 0], "texture": "#0"},
				"up": {"uv": [6, 10.5, 4, 8.5], "rotation": 90, "texture": "#0"},
				"down": {"uv": [4, 10.5, 6, 8.5], "rotation": 90, "texture": "#0"}
			}
		},
		{
			"from": [8.5, 6.6, 9.2],
			"to": [12.5, 6.6, 13.2],
			"rotation": {"angle": 45, "axis": "y", "origin": [12, 7, 9]},
			"faces": {
				"north": {"uv": [0, 0, 2, 0], "texture": "#0"},
				"east": {"uv": [0, 0, 2, 0], "texture": "#0"},
				"south": {"uv": [0, 0, 2, 0], "texture": "#0"},
				"west": {"uv": [0, 0, 2, 0], "texture": "#0"},
				"up": {"uv": [6, 0, 4, 2], "texture": "#0"},
				"down": {"uv": [6, 2, 4, 0], "texture": "#0"}
			}
		},
		{
			"from": [11.2, 6.61, 5.2],
			"to": [15.2, 6.61, 9.2],
			"rotation": {"angle": 22.5, "axis": "y", "origin": [11, 7, 6]},
			"faces": {
				"north": {"uv": [0, 0, 2, 0], "texture": "#0"},
				"east": {"uv": [0, 0, 2, 0], "texture": "#0"},
				"south": {"uv": [0, 0, 2, 0], "texture": "#0"},
				"west": {"uv": [0, 0, 2, 0], "texture": "#0"},
				"up": {"uv": [6, 10.5, 4, 8.5], "texture": "#0"},
				"down": {"uv": [6, 8.5, 4, 10.5], "texture": "#0"}
			}
		}
	],
	"display": {
		"thirdperson_righthand": {
			"translation": [0, 3, 0]
		},
		"thirdperson_lefthand": {
			"translation": [0, 3, 0]
		},
		"firstperson_righthand": {
			"translation": [1.75, 9.5, 0.25]
		},
		"firstperson_lefthand": {
			"translation": [1.75, 9.5, 0.25]
		},
		"ground": {
			"translation": [0, 14, 0],
			"scale": [1.38, 1.36, 1.36]
		},
		"gui": {
			"rotation": [0, 0, 43.25],
			"translation": [-4.25, 3, 0],
			"scale": [0.81055, 0.78906, 1]
		},
		"head": {
			"translation": [-2.25, -28.25, -11.25],
			"scale": [1.94, 1.94, 1.91]
		},
		"fixed": {
			"rotation": [-90, 0, 0],
			"translation": [-3.5, -3, -37.25],
			"scale": [4, 4, 4]
		}
	}
}