{
	"__comment": "Designed by Sefreneth with Cubik Studio - https://cubik.studio",
	"textures": {
		"mosquito": "custom/elitecreatures/insect/mosquito"
	},
	"elements": [ 	 
		{
			"__comment": "Element",
			"from": [ 4.225, 0.85, 11.525 ],
			"to": [ 7.825, 0.8507999, 14.725 ],
			"faces": {
				"down": { "uv": [ 12, 16, 9, 13 ], "texture": "#mosquito" },
				"up": { "uv": [ 12, 13, 9, 16 ], "texture": "#mosquito" }
			}
		},
		{
			"__comment": "Element",
			"from": [ 5.425, 0.6, 11.525 ],
			"to": [ 8.625, 0.6007999, 15.125 ],
			"faces": {
				"down": { "uv": [ 9, 16, 12, 13 ], "texture": "#mosquito", "rotation": 270 },
				"up": { "uv": [ 9, 13, 12, 16 ], "texture": "#mosquito", "rotation": 90 }
			}
		}
	],
	"display": {
		"thirdperson_righthand": {
			"rotation":  [ -79, -2, 0 ],
			"translation":  [ 1.3916, -4.173, -13.21 ],
			"scale":  [ 2, 2, 2 ]
		},
		"thirdperson_lefthand": {
			"rotation":  [ -79, -2, 0 ],
			"translation":  [ -1.391, -4.173, -14.6 ],
			"scale":  [ 2, 2, 2 ]
		},
		"firstperson_righthand": {
			"rotation":  [ -106, 0, 0 ],
			"translation":  [ 18.782, -25.03, -34.08 ],
			"scale":  [ 3, 3, 3 ]
		},
		"firstperson_lefthand": {
			"rotation":  [ -106, 0, 0 ],
			"translation":  [ 13.913, -25.03, -34.08 ],
			"scale":  [ 3, 3, 3 ]
		},
		"gui": {
			"rotation":  [ 0, 90, 44 ],
			"translation":  [ -21.55, 24.345, -11.82 ],
			"scale":  [ 4, 4, 4 ]
		},
		"head": {
			"translation":  [ 0.6956, 2.7835, -18.07 ],
			"scale":  [ 2, 2, 2 ]
		},
		"ground": {
			"translation":  [ 2.0874, 18.086, -11.82 ],
			"scale":  [ 2, 2, 2 ]
		},
		"fixed": {
			"rotation":  [ -69, -180, 0 ],
			"translation":  [ -5.564, 29.215, -21.54 ],
			"scale":  [ 4, 4, 4 ]
		}
	}
}