{
	"credit": "Made with Blockbench",
	"texture_size": [32, 32],
	"textures": {
		"0": "custom/elitecreatures/insect/lavendernormal",
		"particle": "custom/elitecreatures/insect/lavendernormal"
	},
	"elements": [
		{
			"from": [7, 0, 8],
			"to": [7.2, 7, 8.2],
			"rotation": {"angle": 0, "axis": "y", "origin": [16, 8, 16]},
			"faces": {
				"north": {"uv": [6, 0, 6.5, 3.5], "texture": "#0"},
				"east": {"uv": [6.5, 0, 7, 3.5], "texture": "#0"},
				"south": {"uv": [3, 7, 3.5, 10.5], "texture": "#0"},
				"west": {"uv": [3.5, 7, 4, 10.5], "texture": "#0"},
				"up": {"uv": [7, 5.5, 6.5, 5], "texture": "#0"},
				"down": {"uv": [7, 5.5, 6.5, 6], "texture": "#0"}
			}
		},
		{
			"from": [8, 0, 7],
			"to": [8.2, 7, 7.2],
			"rotation": {"angle": 0, "axis": "z", "origin": [8, 0, 7]},
			"faces": {
				"north": {"uv": [4, 7, 4.5, 10.5], "texture": "#0"},
				"east": {"uv": [4.5, 7, 5, 10.5], "texture": "#0"},
				"south": {"uv": [5, 7, 5.5, 10.5], "texture": "#0"},
				"west": {"uv": [5.5, 7, 6, 10.5], "texture": "#0"},
				"up": {"uv": [9.5, 2, 9, 1.5], "texture": "#0"},
				"down": {"uv": [9.5, 2, 9, 2.5], "texture": "#0"}
			}
		},
		{
			"from": [8.1, 6, 6.5],
			"to": [8.1, 8, 7.7],
			"rotation": {"angle": 0, "axis": "z", "origin": [8, 0, 6]},
			"faces": {
				"north": {"uv": [4, 7, 4.5, 10.5], "texture": "#0"},
				"east": {"uv": [7.125, 6.3125, 7.8125, 7.5], "texture": "#0"},
				"south": {"uv": [5, 7, 5.5, 10.5], "texture": "#0"},
				"west": {"uv": [7.1875, 6.3125, 7.8125, 7.5], "texture": "#0"},
				"up": {"uv": [9.5, 2, 9, 1.5], "texture": "#0"},
				"down": {"uv": [9.5, 2, 9, 2.5], "texture": "#0"}
			}
		},
		{
			"from": [7.1, 6, 7.5],
			"to": [7.1, 8, 8.7],
			"rotation": {"angle": 0, "axis": "z", "origin": [8, 0, 7]},
			"faces": {
				"north": {"uv": [4, 7, 4.5, 10.5], "texture": "#0"},
				"east": {"uv": [7.125, 6.3125, 7.8125, 7.5], "texture": "#0"},
				"south": {"uv": [5, 7, 5.5, 10.5], "texture": "#0"},
				"west": {"uv": [7.125, 6.3125, 7.8125, 7.5], "texture": "#0"},
				"up": {"uv": [9.5, 2, 9, 1.5], "texture": "#0"},
				"down": {"uv": [9.5, 2, 9, 2.5], "texture": "#0"}
			}
		},
		{
			"from": [6.5, 6, 8.1],
			"to": [7.7, 8, 8.1],
			"rotation": {"angle": 0, "axis": "y", "origin": [7, 6, 8]},
			"faces": {
				"north": {"uv": [7.125, 6.3125, 7.8125, 7.5], "texture": "#0"},
				"east": {"uv": [4, 7, 4.5, 10.5], "texture": "#0"},
				"south": {"uv": [7.125, 6.3125, 7.8125, 7.5], "texture": "#0"},
				"west": {"uv": [5, 7, 5.5, 10.5], "texture": "#0"},
				"up": {"uv": [9.5, 2, 9, 1.5], "rotation": 90, "texture": "#0"},
				"down": {"uv": [9.5, 2, 9, 2.5], "rotation": 270, "texture": "#0"}
			}
		},
		{
			"from": [7.5, 6, 7.1],
			"to": [8.7, 8, 7.1],
			"rotation": {"angle": 0, "axis": "y", "origin": [8, 6, 7]},
			"faces": {
				"north": {"uv": [7.125, 6.3125, 7.8125, 7.5], "texture": "#0"},
				"east": {"uv": [4, 7, 4.5, 10.5], "texture": "#0"},
				"south": {"uv": [7.125, 6.3125, 7.8125, 7.5], "texture": "#0"},
				"west": {"uv": [5, 7, 5.5, 10.5], "texture": "#0"},
				"up": {"uv": [9.5, 2, 9, 1.5], "rotation": 90, "texture": "#0"},
				"down": {"uv": [9.5, 2, 9, 2.5], "rotation": 270, "texture": "#0"}
			}
		},
		{
			"from": [8.2, 5, 8.7],
			"to": [8.2, 7, 9.9],
			"rotation": {"angle": 22.5, "axis": "x", "origin": [8, 5, 9]},
			"faces": {
				"north": {"uv": [4, 7, 4.5, 10.5], "texture": "#0"},
				"east": {"uv": [8.9375, 6.4375, 8.25, 7.75], "texture": "#0"},
				"south": {"uv": [5, 7, 5.5, 10.5], "texture": "#0"},
				"west": {"uv": [8.25, 6.4375, 8.9375, 7.75], "texture": "#0"},
				"up": {"uv": [9.5, 2, 9, 1.5], "texture": "#0"},
				"down": {"uv": [9.5, 2, 9, 2.5], "texture": "#0"}
			}
		},
		{
			"from": [7.7, 5, 9.3],
			"to": [8.9, 7, 9.3],
			"rotation": {"angle": 22.5, "axis": "x", "origin": [9, 5, 9]},
			"faces": {
				"north": {"uv": [8.25, 6.4375, 8.9375, 7.75], "texture": "#0"},
				"east": {"uv": [4, 7, 4.5, 10.5], "texture": "#0"},
				"south": {"uv": [8.9375, 6.4375, 8.25, 7.75], "texture": "#0"},
				"west": {"uv": [5, 7, 5.5, 10.5], "texture": "#0"},
				"up": {"uv": [9.5, 2, 9, 1.5], "rotation": 90, "texture": "#0"},
				"down": {"uv": [9.5, 2, 9, 2.5], "rotation": 270, "texture": "#0"}
			}
		},
		{
			"from": [8.1, -3.6, 9.9],
			"to": [8.3, 2.4, 10.1],
			"rotation": {"angle": 22.5, "axis": "x", "origin": [16, 5, 18]},
			"faces": {
				"north": {"uv": [3, 0, 3.5, 3], "texture": "#0"},
				"east": {"uv": [3.5, 0, 4, 3], "texture": "#0"},
				"south": {"uv": [4, 0, 4.5, 3], "texture": "#0"},
				"west": {"uv": [4.5, 0, 5, 3], "texture": "#0"},
				"up": {"uv": [7.5, 5.5, 7, 5], "texture": "#0"},
				"down": {"uv": [7.5, 5.5, 7, 6], "texture": "#0"}
			}
		}
	],
	"display": {
		"thirdperson_righthand": {
			"translation": [0, 9.5, 1],
			"scale": [1.58, 1.55, 1.53]
		},
		"thirdperson_lefthand": {
			"translation": [0, 9.5, 1],
			"scale": [1.58, 1.55, 1.53]
		},
		"firstperson_righthand": {
			"rotation": [0, 61.25, 0],
			"translation": [3.5, 10, -1.25],
			"scale": [1.41, 1.41, 1.41]
		},
		"firstperson_lefthand": {
			"translation": [3.5, 10, -1.25],
			"scale": [1.41, 1.41, 1.41]
		},
		"ground": {
			"translation": [0, 12, 0],
			"scale": [2.01, 1.98, 1.96]
		},
		"gui": {
			"translation": [0, 7.5, 0],
			"scale": [1.6875, 1.66406, 1]
		},
		"head": {
			"translation": [0, -24.5, -5],
			"scale": [2.58, 2.58, 2.58]
		},
		"fixed": {
			"rotation": [-90, 0, 0],
			"translation": [-0.5, 0, -32],
			"scale": [4, 4, 4]
		}
	}
}