{
	"credit": "Made with Blockbench",
	"texture_size": [32, 32],
	"textures": {
		"0": "custom/elitecreatures/insect/lavenderate",
		"particle": "custom/elitecreatures/insect/lavenderate"
	},
	"elements": [
		{
			"from": [8, 0, 8],
			"to": [8.2, 7, 8.2],
			"rotation": {"angle": 0, "axis": "y", "origin": [16, 8, 16]},
			"faces": {
				"north": {"uv": [6, 0, 6.5, 3.5], "texture": "#0"},
				"east": {"uv": [6.5, 0, 7, 3.5], "texture": "#0"},
				"south": {"uv": [3, 7, 3.5, 10.5], "texture": "#0"},
				"west": {"uv": [3.5, 7, 4, 10.5], "texture": "#0"},
				"up": {"uv": [7, 5.5, 6.5, 5], "texture": "#0"},
				"down": {"uv": [7, 5.5, 6.5, 6], "texture": "#0"}
			}
		},
		{
			"from": [8, 0, 8],
			"to": [8.2, 7, 8.2],
			"rotation": {"angle": 22.5, "axis": "z", "origin": [8, 0, 8]},
			"faces": {
				"north": {"uv": [4, 7, 4.5, 10.5], "texture": "#0"},
				"east": {"uv": [4.5, 7, 5, 10.5], "texture": "#0"},
				"south": {"uv": [5, 7, 5.5, 10.5], "texture": "#0"},
				"west": {"uv": [5.5, 7, 6, 10.5], "texture": "#0"},
				"up": {"uv": [9.5, 2, 9, 1.5], "texture": "#0"},
				"down": {"uv": [9.5, 2, 9, 2.5], "texture": "#0"}
			}
		},
		{
			"from": [8, 0, 8],
			"to": [8.2, 7, 8.2],
			"rotation": {"angle": -22.5, "axis": "z", "origin": [8, 0, 8]},
			"faces": {
				"north": {"uv": [7, 0, 7.5, 3.5], "texture": "#0"},
				"east": {"uv": [7.5, 0, 8, 3.5], "texture": "#0"},
				"south": {"uv": [0, 8, 0.5, 11.5], "texture": "#0"},
				"west": {"uv": [0.5, 8, 1, 11.5], "texture": "#0"},
				"up": {"uv": [9.5, 3, 9, 2.5], "texture": "#0"},
				"down": {"uv": [9.5, 3, 9, 3.5], "texture": "#0"}
			}
		},
		{
			"from": [8, 0, 8],
			"to": [8.2, 3, 8.2],
			"rotation": {"angle": -45, "axis": "z", "origin": [8, 0, 8]},
			"faces": {
				"north": {"uv": [2, 8, 2.5, 9.5], "texture": "#0"},
				"east": {"uv": [2.5, 8, 3, 9.5], "texture": "#0"},
				"south": {"uv": [8, 0, 8.5, 1.5], "texture": "#0"},
				"west": {"uv": [8, 1.5, 8.5, 3], "texture": "#0"},
				"up": {"uv": [9.5, 4, 9, 3.5], "texture": "#0"},
				"down": {"uv": [9.5, 4, 9, 4.5], "texture": "#0"}
			}
		},
		{
			"from": [8, 0, 8],
			"to": [8.2, 3, 8.2],
			"rotation": {"angle": 45, "axis": "z", "origin": [8, 0, 8]},
			"faces": {
				"north": {"uv": [6, 3.5, 6.5, 5], "texture": "#0"},
				"east": {"uv": [6.5, 3.5, 7, 5], "texture": "#0"},
				"south": {"uv": [7, 3.5, 7.5, 5], "texture": "#0"},
				"west": {"uv": [7.5, 3.5, 8, 5], "texture": "#0"},
				"up": {"uv": [6.5, 5.5, 6, 5], "texture": "#0"},
				"down": {"uv": [6.5, 5.5, 6, 6], "texture": "#0"}
			}
		},
		{
			"from": [8, 0, 8],
			"to": [8.2, 3, 8.2],
			"rotation": {"angle": -45, "axis": "x", "origin": [8, 0, 8]},
			"faces": {
				"north": {"uv": [8, 3, 8.5, 4.5], "texture": "#0"},
				"east": {"uv": [8, 4.5, 8.5, 6], "texture": "#0"},
				"south": {"uv": [8.5, 0, 9, 1.5], "texture": "#0"},
				"west": {"uv": [8.5, 1.5, 9, 3], "texture": "#0"},
				"up": {"uv": [9.5, 5, 9, 4.5], "texture": "#0"},
				"down": {"uv": [9.5, 5, 9, 5.5], "texture": "#0"}
			}
		},
		{
			"from": [8, 0, 8],
			"to": [8.2, 3, 8.2],
			"rotation": {"angle": 45, "axis": "x", "origin": [8, 0, 8]},
			"faces": {
				"north": {"uv": [8.5, 3, 9, 4.5], "texture": "#0"},
				"east": {"uv": [8.5, 4.5, 9, 6], "texture": "#0"},
				"south": {"uv": [9, 9, 9.5, 10.5], "texture": "#0"},
				"west": {"uv": [9, 0, 9.5, 1.5], "texture": "#0"},
				"up": {"uv": [9.5, 6, 9, 5.5], "texture": "#0"},
				"down": {"uv": [9.5, 6, 9, 6.5], "texture": "#0"}
			}
		},
		{
			"from": [8.1, 0, 5],
			"to": [8.1, 8, 11.2],
			"rotation": {"angle": 0, "axis": "x", "origin": [8, 0, 5]},
			"faces": {
				"north": {"uv": [0, 0, 0, 4], "texture": "#0"},
				"east": {"uv": [6, 6, 9, 10], "texture": "#0"},
				"south": {"uv": [0, 0, 0, 4], "texture": "#0"},
				"west": {"uv": [9, 6, 6, 10], "texture": "#0"},
				"up": {"uv": [0, 3, 0, 0], "texture": "#0"},
				"down": {"uv": [0, 0, 0, 3], "texture": "#0"}
			}
		},
		{
			"from": [5, 0, 8.1],
			"to": [11.2, 8, 8.1],
			"rotation": {"angle": 0, "axis": "y", "origin": [5, 0, 8]},
			"faces": {
				"north": {"uv": [9, 6, 6, 10], "texture": "#0"},
				"east": {"uv": [0, 0, 0, 4], "texture": "#0"},
				"south": {"uv": [6, 6, 9, 10], "texture": "#0"},
				"west": {"uv": [0, 0, 0, 4], "texture": "#0"},
				"up": {"uv": [3, 0, 0, 0], "texture": "#0"},
				"down": {"uv": [3, 0, 0, 0], "texture": "#0"}
			}
		},
		{
			"from": [8, -3.7, 10.9],
			"to": [8.2, 2.3, 11.1],
			"rotation": {"angle": 22.5, "axis": "x", "origin": [16, 5, 19]},
			"faces": {
				"north": {"uv": [3, 0, 3.5, 3], "texture": "#0"},
				"east": {"uv": [3.5, 0, 4, 3], "texture": "#0"},
				"south": {"uv": [4, 0, 4.5, 3], "texture": "#0"},
				"west": {"uv": [4.5, 0, 5, 3], "texture": "#0"},
				"up": {"uv": [7.5, 5.5, 7, 5], "texture": "#0"},
				"down": {"uv": [7.5, 5.5, 7, 6], "texture": "#0"}
			}
		},
		{
			"from": [8, 0.12892, 7.9],
			"to": [8.2, 6.12892, 8.1],
			"rotation": {"angle": -22.5, "axis": "x", "origin": [8, 0, 8]},
			"faces": {
				"north": {"uv": [5, 0, 5.5, 3], "texture": "#0"},
				"east": {"uv": [5.5, 0, 6, 3], "texture": "#0"},
				"south": {"uv": [1, 8, 1.5, 11], "texture": "#0"},
				"west": {"uv": [1.5, 8, 2, 11], "texture": "#0"},
				"up": {"uv": [8, 5.5, 7.5, 5], "texture": "#0"},
				"down": {"uv": [8, 5.5, 7.5, 6], "texture": "#0"}
			}
		}
	],
	"display": {
		"thirdperson_righthand": {
			"translation": [0, 9.5, 1],
			"scale": [1.58, 1.55, 1.53]
		},
		"thirdperson_lefthand": {
			"translation": [0, 9.5, 1],
			"scale": [1.58, 1.55, 1.53]
		},
		"firstperson_righthand": {
			"translation": [3.5, 10, -1.25],
			"scale": [1.41, 1.41, 1.41]
		},
		"firstperson_lefthand": {
			"translation": [3.5, 10, -1.25],
			"scale": [1.41, 1.41, 1.41]
		},
		"ground": {
			"translation": [0, 12, 0],
			"scale": [2.01, 1.98, 1.96]
		},
		"gui": {
			"translation": [0, 7.5, 0],
			"scale": [1.6875, 1.66406, 1]
		},
		"head": {
			"translation": [0, -24.5, -5],
			"scale": [2.58, 2.58, 2.58]
		},
		"fixed": {
			"rotation": [-90, 0, 0],
			"translation": [-0.5, 0, -32],
			"scale": [4, 4, 4]
		}
	}
}