{
	"__comment": "Designed by Sefreneth with Cubik Studio - https://cubik.studio",
	"textures": {
		"littlebee": "custom/elitecreatures/insect/littlebee"
	},
	"elements": [ 	 
		{
			"__comment": "Box1",
			"from": [ 7.325, 0.171, 12.6165 ],
			"to": [ 8.170518, 1.016518, 13.46202 ],
			"faces": {
				"down": { "uv": [ 8, 15, 9, 16 ], "texture": "#littlebee" },
				"up": { "uv": [ 9, 15, 10, 16 ], "texture": "#littlebee" },
				"north": { "uv": [ 10, 15, 11, 16 ], "texture": "#littlebee" },
				"south": { "uv": [ 11, 15, 12, 16 ], "texture": "#littlebee" },
				"west": { "uv": [ 12, 15, 13, 16 ], "texture": "#littlebee" },
				"east": { "uv": [ 13, 15, 14, 16 ], "texture": "#littlebee" }
			}
		},
		{
			"__comment": "Box1",
			"from": [ 7.125, -0.125, 13.375 ],
			"to": [ 8.34676, 1.035671, 14.18951 ],
			"faces": {
				"down": { "uv": [ 14, 7, 15, 8 ], "texture": "#littlebee" },
				"up": { "uv": [ 15, 7, 16, 8 ], "texture": "#littlebee" },
				"north": { "uv": [ 8, 7, 9, 8 ], "texture": "#littlebee" },
				"south": { "uv": [ 9, 7, 10, 8 ], "texture": "#littlebee" },
				"west": { "uv": [ 5, 7, 6, 8 ], "texture": "#littlebee" },
				"east": { "uv": [ 2, 7, 3, 8 ], "texture": "#littlebee" }
			}
		},
		{
			"__comment": "Box1",
			"from": [ 7.325, 0.546, 14.4397 ],
			"to": [ 8.170518, 1.391518, 15.28522 ],
			"rotation": { "origin": [ 7.25, 0, 13.625 ], "axis": "x", "angle": 22.5 },
			"faces": {
				"down": { "uv": [ 8, 10, 9, 11 ], "texture": "#littlebee" },
				"up": { "uv": [ 8, 9, 9, 10 ], "texture": "#littlebee" },
				"north": { "uv": [ 8, 8, 9, 9 ], "texture": "#littlebee" },
				"south": { "uv": [ 9, 14, 10, 15 ], "texture": "#littlebee" },
				"west": { "uv": [ 10, 14, 11, 15 ], "texture": "#littlebee" },
				"east": { "uv": [ 11, 14, 12, 15 ], "texture": "#littlebee" }
			}
		},
		{
			"__comment": "PlaneY4",
			"from": [ 7.375, -1.6816, 12.9622 ],
			"to": [ 7.376, 0.3184, 15.4622 ],
			"faces": {
				"west": { "uv": [ 6, 14, 8, 16 ], "texture": "#littlebee", "rotation": 90 },
				"east": { "uv": [ 6, 16, 8, 14 ], "texture": "#littlebee", "rotation": 90 }
			}
		},
		{
			"__comment": "PlaneY4",
			"from": [ 4.749, -1.5, 11.75 ],
			"to": [ 4.75, 2, 15.75 ],
			"rotation": { "origin": [ 4.75, -1.5, 11.75 ], "axis": "z", "angle": -45 },
			"faces": {
				"west": { "uv": [ 6, 12, 3, 8 ], "texture": "#littlebee", "rotation": 270 },
				"east": { "uv": [ 3, 12, 6, 8 ], "texture": "#littlebee", "rotation": 90 }
			}
		},
		{
			"__comment": "PlaneY4",
			"from": [ 8.25, 1, 11.75 ],
			"to": [ 11.75, 1.001, 15.75 ],
			"rotation": { "origin": [ 8.25, 1, 11.75 ], "axis": "z", "angle": -45 },
			"faces": {
				"down": { "uv": [ 3, 8, 6, 12 ], "texture": "#littlebee" },
				"up": { "uv": [ 3, 12, 6, 8 ], "texture": "#littlebee" }
			}
		},
		{
			"__comment": "PlaneY4",
			"from": [ 8.125, -1.6816, 12.9622 ],
			"to": [ 8.126, 0.3184, 15.4622 ],
			"faces": {
				"west": { "uv": [ 6, 14, 8, 16 ], "texture": "#littlebee", "rotation": 90 },
				"east": { "uv": [ 6, 16, 8, 14 ], "texture": "#littlebee", "rotation": 90 }
			}
		},
		{
			"__comment": "Box1",
			"from": [ 7.25, 0, 14 ],
			"to": [ 8.25, 1, 15 ],
			"faces": {
				"down": { "uv": [ 14, 15, 15, 16 ], "texture": "#littlebee" },
				"up": { "uv": [ 15, 15, 16, 16 ], "texture": "#littlebee" },
				"north": { "uv": [ 8, 14, 9, 15 ], "texture": "#littlebee" },
				"south": { "uv": [ 8, 13, 9, 14 ], "texture": "#littlebee" },
				"west": { "uv": [ 8, 12, 9, 13 ], "texture": "#littlebee" },
				"east": { "uv": [ 8, 11, 9, 12 ], "texture": "#littlebee" }
			}
		},
		{
			"__comment": "Box9",
			"from": [ 7.4, 1.335, 11.865 ],
			"to": [ 7.479216, 1.414217, 12.365 ],
			"faces": {
				"down": { "uv": [ 0, 7.5, 0.1086648, 8 ], "texture": "#littlebee" },
				"up": { "uv": [ 0, 7.5, 0.1086648, 8 ], "texture": "#littlebee" },
				"north": { "uv": [ 0, 7.5, 0.1086648, 8 ], "texture": "#littlebee" },
				"south": { "uv": [ 0, 7.5, 0.1086648, 8 ], "texture": "#littlebee" },
				"west": { "uv": [ 0, 7.5, 0.1086648, 8 ], "texture": "#littlebee" },
				"east": { "uv": [ 0, 7.5, 0.1086648, 8 ], "texture": "#littlebee" }
			}
		},
		{
			"__comment": "Box9",
			"from": [ 7.4, 0.98, 12.665 ],
			"to": [ 7.508664, 1.48, 12.77366 ],
			"rotation": { "origin": [ 7.4, 0.98, 12.665 ], "axis": "x", "angle": -45 },
			"faces": {
				"down": { "uv": [ 0, 7.5, 0.1086648, 8 ], "texture": "#littlebee" },
				"up": { "uv": [ 0, 7.5, 0.1086648, 8 ], "texture": "#littlebee" },
				"north": { "uv": [ 0, 7.5, 0.1086648, 8 ], "texture": "#littlebee" },
				"south": { "uv": [ 0, 7.5, 0.1086648, 8 ], "texture": "#littlebee" },
				"west": { "uv": [ 0, 7.5, 0.1086648, 8 ], "texture": "#littlebee" },
				"east": { "uv": [ 0, 7.5, 0.1086648, 8 ], "texture": "#littlebee" }
			}
		},
		{
			"__comment": "Box9",
			"from": [ 7.975, 0.97, 12.665 ],
			"to": [ 8.083665, 1.47, 12.77366 ],
			"rotation": { "origin": [ 7.975, 0.97, 12.665 ], "axis": "x", "angle": -45 },
			"faces": {
				"down": { "uv": [ 0, 7.5, 0.1086648, 8 ], "texture": "#littlebee" },
				"up": { "uv": [ 0, 7.5, 0.1086648, 8 ], "texture": "#littlebee" },
				"north": { "uv": [ 0, 7.5, 0.1086648, 8 ], "texture": "#littlebee" },
				"south": { "uv": [ 0, 7.5, 0.1086648, 8 ], "texture": "#littlebee" },
				"west": { "uv": [ 0, 7.5, 0.1086648, 8 ], "texture": "#littlebee" },
				"east": { "uv": [ 0, 7.5, 0.1086648, 8 ], "texture": "#littlebee" }
			}
		},
		{
			"__comment": "Box9",
			"from": [ 7.975, 1.325, 11.865 ],
			"to": [ 8.054216, 1.404217, 12.365 ],
			"faces": {
				"down": { "uv": [ 0, 7.5, 0.1086648, 8 ], "texture": "#littlebee" },
				"up": { "uv": [ 0, 7.5, 0.1086648, 8 ], "texture": "#littlebee" },
				"north": { "uv": [ 0, 7.5, 0.1086648, 8 ], "texture": "#littlebee" },
				"south": { "uv": [ 0, 7.5, 0.1086648, 8 ], "texture": "#littlebee" },
				"west": { "uv": [ 0, 7.5, 0.1086648, 8 ], "texture": "#littlebee" },
				"east": { "uv": [ 0, 7.5, 0.1086648, 8 ], "texture": "#littlebee" }
			}
		}
	],
	"display": {
		"thirdperson_righthand": {
			"rotation":  [ 72, -2, 0 ],
			"translation":  [ 0.0003, 7.6521, 5.5652 ]
		},
		"thirdperson_lefthand": {
			"rotation":  [ 72, -2, 0 ],
			"translation":  [ 0.0003, 7.6521, 5.5652 ]
		},
		"firstperson_righthand": {
			"rotation":  [ -2, 0, 0 ],
			"translation":  [ 13.913, 6.9565, -27.82 ],
			"scale":  [ 2, 2, 2 ]
		},
		"firstperson_lefthand": {
			"rotation":  [ -2, 0, 0 ],
			"translation":  [ 13.913, 6.9565, -27.82 ],
			"scale":  [ 2, 2, 2 ]
		},
		"gui": {
			"rotation":  [ 0, 90, 44 ],
			"translation":  [ -10.43, 11.13, -4.869 ],
			"scale":  [ 2, 2, 2 ]
		},
		"head": {
			"rotation":  [ 55, 0, 0 ],
			"translation":  [ 4.1739, 5.5661, -0.678 ],
			"scale":  [ 2, 2.1739, 2 ]
		},
		"ground": {
			"translation":  [ 0, 11.826, 0 ],
			"scale":  [ 2, 2, 2 ]
		},
		"fixed": {
			"rotation":  [ -69, -180, 0 ],
			"translation":  [ -1.391, 20.868, -13.9 ],
			"scale":  [ 2.5, 2.5, 2.5 ]
		}
	}
}