{
	"credit": "Made with Blockbench",
	"texture_size": [32, 32],
	"textures": {
		"0": "custom/elitecreatures/insect/mantis",
		"particle": "custom/elitecreatures/insect/mantis"
	},
	"elements": [
		{
			"from": [10.1, 3.2, 5.3],
			"to": [10.9, 6.4, 5.8],
			"rotation": {"angle": -22.5, "axis": "x", "origin": [18, 2, 5]},
			"faces": {
				"north": {"uv": [0, 2, 0.5, 3.5], "texture": "#0"},
				"east": {"uv": [0.5, 2, 1, 3.5], "texture": "#0"},
				"south": {"uv": [1, 2, 1.5, 3.5], "texture": "#0"},
				"west": {"uv": [1.5, 2.5, 2, 4], "texture": "#0"},
				"up": {"uv": [5, 7, 4.5, 6.5], "texture": "#0"},
				"down": {"uv": [6.5, 6.5, 6, 7], "texture": "#0"}
			}
		},
		{
			"from": [9.8, 2.2, 5.1],
			"to": [10.2, 2.9, 5.5],
			"rotation": {"angle": 0, "axis": "y", "origin": [18, 1, 4]},
			"faces": {
				"north": {"uv": [7, 1.5, 7.5, 2], "texture": "#0"},
				"east": {"uv": [7, 2, 7.5, 2.5], "texture": "#0"},
				"south": {"uv": [7, 2.5, 7.5, 3], "texture": "#0"},
				"west": {"uv": [7, 3, 7.5, 3.5], "texture": "#0"},
				"up": {"uv": [7.5, 4, 7, 3.5], "texture": "#0"},
				"down": {"uv": [7.5, 4, 7, 4.5], "texture": "#0"}
			}
		},
		{
			"from": [9.8, 3.5, 3.8],
			"to": [10.2, 5.5, 4.2],
			"rotation": {"angle": 0, "axis": "y", "origin": [18, 4, 3]},
			"faces": {
				"north": {"uv": [4, 5, 4.5, 6], "texture": "#0"},
				"east": {"uv": [5, 1, 5.5, 2], "texture": "#0"},
				"south": {"uv": [5, 2, 5.5, 3], "texture": "#0"},
				"west": {"uv": [0, 5.5, 0.5, 6.5], "texture": "#0"},
				"up": {"uv": [8.5, 2, 8, 1.5], "texture": "#0"},
				"down": {"uv": [8.5, 2, 8, 2.5], "texture": "#0"}
			}
		},
		{
			"from": [10.8, 3.5, 3.8],
			"to": [11.2, 5.5, 4.2],
			"rotation": {"angle": 0, "axis": "y", "origin": [3, 4, 3]},
			"faces": {
				"north": {"uv": [6, 4, 6.5, 5], "texture": "#0"},
				"east": {"uv": [6, 5, 6.5, 6], "texture": "#0"},
				"south": {"uv": [0, 6.5, 0.5, 7.5], "texture": "#0"},
				"west": {"uv": [0.5, 6.5, 1, 7.5], "texture": "#0"},
				"up": {"uv": [8.5, 7, 8, 6.5], "texture": "#0"},
				"down": {"uv": [8.5, 7, 8, 7.5], "texture": "#0"}
			}
		},
		{
			"from": [9.8, 2.2, 6.1],
			"to": [10.2, 2.9, 6.5],
			"rotation": {"angle": 0, "axis": "y", "origin": [18, 1, 5]},
			"faces": {
				"north": {"uv": [7.5, 2.5, 8, 3], "texture": "#0"},
				"east": {"uv": [7.5, 3, 8, 3.5], "texture": "#0"},
				"south": {"uv": [7.5, 3.5, 8, 4], "texture": "#0"},
				"west": {"uv": [7.5, 4, 8, 4.5], "texture": "#0"},
				"up": {"uv": [8, 5, 7.5, 4.5], "texture": "#0"},
				"down": {"uv": [8, 5, 7.5, 5.5], "texture": "#0"}
			}
		},
		{
			"from": [10.8, 2.2, 6.1],
			"to": [11.2, 2.9, 6.5],
			"rotation": {"angle": 0, "axis": "y", "origin": [3, 1, 5]},
			"faces": {
				"north": {"uv": [2, 8, 2.5, 8.5], "texture": "#0"},
				"east": {"uv": [2.5, 8, 3, 8.5], "texture": "#0"},
				"south": {"uv": [3, 8, 3.5, 8.5], "texture": "#0"},
				"west": {"uv": [3.5, 8, 4, 8.5], "texture": "#0"},
				"up": {"uv": [4.5, 8.5, 4, 8], "texture": "#0"},
				"down": {"uv": [5, 8, 4.5, 8.5], "texture": "#0"}
			}
		},
		{
			"from": [10.8, 2.2, 5.1],
			"to": [11.2, 2.9, 5.5],
			"rotation": {"angle": 0, "axis": "y", "origin": [3, 1, 4]},
			"faces": {
				"north": {"uv": [2.5, 7.5, 3, 8], "texture": "#0"},
				"east": {"uv": [3, 7.5, 3.5, 8], "texture": "#0"},
				"south": {"uv": [3.5, 7.5, 4, 8], "texture": "#0"},
				"west": {"uv": [4, 7.5, 4.5, 8], "texture": "#0"},
				"up": {"uv": [5, 8, 4.5, 7.5], "texture": "#0"},
				"down": {"uv": [5.5, 7.5, 5, 8], "texture": "#0"}
			}
		},
		{
			"from": [8, 2.1, 5.15],
			"to": [10, 2.4, 5.45],
			"rotation": {"angle": -45, "axis": "y", "origin": [10, 3, 5]},
			"faces": {
				"north": {"uv": [3.5, 4, 4.5, 4.5], "texture": "#0"},
				"east": {"uv": [7, 4.5, 7.5, 5], "texture": "#0"},
				"south": {"uv": [1, 4.5, 2, 5], "texture": "#0"},
				"west": {"uv": [7, 5, 7.5, 5.5], "texture": "#0"},
				"up": {"uv": [3.5, 5, 2.5, 4.5], "texture": "#0"},
				"down": {"uv": [4.5, 4.5, 3.5, 5], "texture": "#0"}
			}
		},
		{
			"from": [9.85, 3.5, 0.5],
			"to": [10.15, 3.8, 2.5],
			"rotation": {"angle": 45, "axis": "x", "origin": [10, 2, 3]},
			"faces": {
				"north": {"uv": [8, 2.5, 8.5, 3], "texture": "#0"},
				"east": {"uv": [5, 4.5, 6, 5], "texture": "#0"},
				"south": {"uv": [8, 3, 8.5, 3.5], "texture": "#0"},
				"west": {"uv": [3, 5.5, 4, 6], "texture": "#0"},
				"up": {"uv": [1, 6.5, 0.5, 5.5], "texture": "#0"},
				"down": {"uv": [5, 5.5, 4.5, 6.5], "texture": "#0"}
			}
		},
		{
			"from": [10.85, 3.5, 0.5],
			"to": [11.15, 3.8, 2.5],
			"rotation": {"angle": 45, "axis": "x", "origin": [11, 2, 3]},
			"faces": {
				"north": {"uv": [8, 5.5, 8.5, 6], "texture": "#0"},
				"east": {"uv": [6, 0.5, 7, 1], "texture": "#0"},
				"south": {"uv": [8, 6, 8.5, 6.5], "texture": "#0"},
				"west": {"uv": [6, 1.5, 7, 2], "texture": "#0"},
				"up": {"uv": [6.5, 3, 6, 2], "texture": "#0"},
				"down": {"uv": [6.5, 3, 6, 4], "texture": "#0"}
			}
		},
		{
			"from": [10, 3.2, 0.5],
			"to": [10, 3.5, 2.5],
			"rotation": {"angle": 45, "axis": "x", "origin": [10, 2, 3]},
			"faces": {
				"north": {"uv": [0, 0, 0, 0.5], "texture": "#0"},
				"east": {"uv": [1.5, 6.25, 3.5, 6.5], "texture": "#0"},
				"south": {"uv": [0, 0, 0, 0.5], "texture": "#0"},
				"west": {"uv": [1.5, 6.25, 3.5, 6.5], "texture": "#0"},
				"up": {"uv": [0, 1, 0, 0], "texture": "#0"},
				"down": {"uv": [0, 0, 0, 1], "texture": "#0"}
			}
		},
		{
			"from": [11, 3.2, 0.5],
			"to": [11, 3.5, 2.5],
			"rotation": {"angle": 45, "axis": "x", "origin": [11, 2, 3]},
			"faces": {
				"north": {"uv": [0, 0, 0, 0.5], "texture": "#0"},
				"east": {"uv": [1.5, 6.25, 3.5, 6.5], "texture": "#0"},
				"south": {"uv": [0, 0, 0, 0.5], "texture": "#0"},
				"west": {"uv": [3.5, 6.25, 1.5, 6.5], "texture": "#0"},
				"up": {"uv": [0, 1, 0, 0], "texture": "#0"},
				"down": {"uv": [0, 0, 0, 1], "texture": "#0"}
			}
		},
		{
			"from": [8, 2.1, 7.15],
			"to": [10, 2.4, 7.45],
			"rotation": {"angle": -22.5, "axis": "z", "origin": [10, 2.2, 7.3]},
			"faces": {
				"north": {"uv": [1.5, 1, 2.5, 1.5], "texture": "#0"},
				"east": {"uv": [1, 3.5, 1.5, 4], "texture": "#0"},
				"south": {"uv": [3.5, 3.5, 4.5, 4], "texture": "#0"},
				"west": {"uv": [2.5, 4, 3, 4.5], "texture": "#0"},
				"up": {"uv": [4.5, 0.5, 3.5, 0], "texture": "#0"},
				"down": {"uv": [4.5, 0.5, 3.5, 1], "texture": "#0"}
			}
		},
		{
			"from": [11, 2.1, 5.8],
			"to": [13, 2.4, 6.1],
			"rotation": {"angle": 22.5, "axis": "z", "origin": [11, 2.2, 6.3]},
			"faces": {
				"north": {"uv": [3, 5, 4, 5.5], "texture": "#0"},
				"east": {"uv": [5, 8, 5.5, 8.5], "texture": "#0"},
				"south": {"uv": [5, 5, 6, 5.5], "texture": "#0"},
				"west": {"uv": [5.5, 8, 6, 8.5], "texture": "#0"},
				"up": {"uv": [6, 0.5, 5, 0], "texture": "#0"},
				"down": {"uv": [6, 0.5, 5, 1], "texture": "#0"}
			}
		},
		{
			"from": [11, 2.1, 5.15],
			"to": [13, 2.4, 5.45],
			"rotation": {"angle": -22.5, "axis": "y", "origin": [11, 3, 5]},
			"faces": {
				"north": {"uv": [4.5, 3, 5.5, 3.5], "texture": "#0"},
				"east": {"uv": [5.5, 7.5, 6, 8], "texture": "#0"},
				"south": {"uv": [4.5, 3.5, 5.5, 4], "texture": "#0"},
				"west": {"uv": [6, 7.5, 6.5, 8], "texture": "#0"},
				"up": {"uv": [5.5, 4.5, 4.5, 4], "texture": "#0"},
				"down": {"uv": [1, 5, 0, 5.5], "texture": "#0"}
			}
		},
		{
			"from": [7.9, 0, 5.2],
			"to": [8.1, 2.3, 5.4],
			"rotation": {"angle": -45, "axis": "y", "origin": [10, 3, 5]},
			"faces": {
				"north": {"uv": [4.5, 4.5, 5, 5.5], "texture": "#0"},
				"east": {"uv": [4.5, 0, 5, 1], "texture": "#0"},
				"south": {"uv": [4.5, 1, 5, 2], "texture": "#0"},
				"west": {"uv": [4.5, 2, 5, 3], "texture": "#0"},
				"up": {"uv": [7.5, 6, 7, 5.5], "texture": "#0"},
				"down": {"uv": [7.5, 6, 7, 6.5], "texture": "#0"}
			}
		},
		{
			"from": [9.9, 2.4, 2.5],
			"to": [10.1, 4.7, 2.7],
			"rotation": {"angle": -22.5, "axis": "x", "origin": [11, 4, 2]},
			"faces": {
				"north": {"uv": [5.5, 1.5, 6, 2.5], "texture": "#0"},
				"east": {"uv": [5.5, 2.5, 6, 3.5], "texture": "#0"},
				"south": {"uv": [5.5, 3.5, 6, 4.5], "texture": "#0"},
				"west": {"uv": [1, 6, 1.5, 7], "texture": "#0"},
				"up": {"uv": [8.5, 4, 8, 3.5], "texture": "#0"},
				"down": {"uv": [8.5, 4, 8, 4.5], "texture": "#0"}
			}
		},
		{
			"from": [10.9, 2.4, 2.5],
			"to": [11.1, 4.7, 2.7],
			"rotation": {"angle": -22.5, "axis": "x", "origin": [10, 4, 2]},
			"faces": {
				"north": {"uv": [3.5, 6, 4, 7], "texture": "#0"},
				"east": {"uv": [4, 6, 4.5, 7], "texture": "#0"},
				"south": {"uv": [5, 6, 5.5, 7], "texture": "#0"},
				"west": {"uv": [5.5, 6, 6, 7], "texture": "#0"},
				"up": {"uv": [8.5, 5, 8, 4.5], "texture": "#0"},
				"down": {"uv": [8.5, 5, 8, 5.5], "texture": "#0"}
			}
		},
		{
			"from": [10.01, 2.4, 2.7],
			"to": [10.01, 4.7, 2.9],
			"rotation": {"angle": -22.5, "axis": "x", "origin": [11, 4, 2]},
			"faces": {
				"north": {"uv": [0, 0, 0, 1], "texture": "#0"},
				"east": {"uv": [8.75, 0.25, 8.5, 2.75], "texture": "#0"},
				"south": {"uv": [0, 0, 0, 1], "texture": "#0"},
				"west": {"uv": [8.5, 0.25, 8.75, 2.75], "texture": "#0"},
				"up": {"uv": [0, 0.5, 0, 0], "texture": "#0"},
				"down": {"uv": [0, 0, 0, 0.5], "texture": "#0"}
			}
		},
		{
			"from": [10.99, 2.4, 2.7],
			"to": [10.99, 4.7, 2.9],
			"rotation": {"angle": -22.5, "axis": "x", "origin": [10, 4, 2]},
			"faces": {
				"north": {"uv": [0, 0, 0, 1], "texture": "#0"},
				"east": {"uv": [8.5, 0.25, 8.75, 2.75], "texture": "#0"},
				"south": {"uv": [0, 0, 0, 1], "texture": "#0"},
				"west": {"uv": [8.75, 0.25, 8.5, 2.75], "texture": "#0"},
				"up": {"uv": [0, 0.5, 0, 0], "texture": "#0"},
				"down": {"uv": [0, 0, 0, 0.5], "texture": "#0"}
			}
		},
		{
			"from": [8.1, -0.4, 7.5],
			"to": [8.3, 2.9, 7.7],
			"rotation": {"angle": -22.5, "axis": "x", "origin": [9, 2, 7]},
			"faces": {
				"north": {"uv": [2, 2.5, 2.5, 4], "texture": "#0"},
				"east": {"uv": [2.5, 2.5, 3, 4], "texture": "#0"},
				"south": {"uv": [2.5, 0, 3, 1.5], "texture": "#0"},
				"west": {"uv": [3, 3, 3.5, 4.5], "texture": "#0"},
				"up": {"uv": [8, 6, 7.5, 5.5], "texture": "#0"},
				"down": {"uv": [8, 6, 7.5, 6.5], "texture": "#0"}
			}
		},
		{
			"from": [12.7, -0.4, 6.2],
			"to": [12.9, 2.9, 6.4],
			"rotation": {"angle": -22.5, "axis": "x", "origin": [12, 2, 6]},
			"faces": {
				"north": {"uv": [3, 0, 3.5, 1.5], "texture": "#0"},
				"east": {"uv": [3, 1.5, 3.5, 3], "texture": "#0"},
				"south": {"uv": [0, 3.5, 0.5, 5], "texture": "#0"},
				"west": {"uv": [0.5, 3.5, 1, 5], "texture": "#0"},
				"up": {"uv": [6.5, 8.5, 6, 8], "texture": "#0"},
				"down": {"uv": [7, 8, 6.5, 8.5], "texture": "#0"}
			}
		},
		{
			"from": [12.9, 0, 5.2],
			"to": [13.1, 2.3, 5.4],
			"rotation": {"angle": -22.5, "axis": "y", "origin": [11, 3, 5]},
			"faces": {
				"north": {"uv": [1, 5, 1.5, 6], "texture": "#0"},
				"east": {"uv": [1.5, 5, 2, 6], "texture": "#0"},
				"south": {"uv": [2, 5, 2.5, 6], "texture": "#0"},
				"west": {"uv": [2.5, 5, 3, 6], "texture": "#0"},
				"up": {"uv": [7, 8, 6.5, 7.5], "texture": "#0"},
				"down": {"uv": [7.5, 7.5, 7, 8], "texture": "#0"}
			}
		},
		{
			"from": [7.2, 0, 5.22],
			"to": [8, 0.15, 5.37],
			"rotation": {"angle": -45, "axis": "y", "origin": [10, 3, 5]},
			"faces": {
				"north": {"uv": [7, 6.5, 7.5, 7], "texture": "#0"},
				"east": {"uv": [0, 7.5, 0.5, 8], "texture": "#0"},
				"south": {"uv": [0.5, 7.5, 1, 8], "texture": "#0"},
				"west": {"uv": [1, 7.5, 1.5, 8], "texture": "#0"},
				"up": {"uv": [2, 8, 1.5, 7.5], "texture": "#0"},
				"down": {"uv": [2.5, 7.5, 2, 8], "texture": "#0"}
			}
		},
		{
			"from": [7.4, 0, 8.4],
			"to": [8.2, 0.15, 8.55],
			"rotation": {"angle": 0, "axis": "y", "origin": [8, 2, 8]},
			"faces": {
				"north": {"uv": [7.5, 6.5, 8, 7], "texture": "#0"},
				"east": {"uv": [7.5, 7, 8, 7.5], "texture": "#0"},
				"south": {"uv": [0, 8, 0.5, 8.5], "texture": "#0"},
				"west": {"uv": [0.5, 8, 1, 8.5], "texture": "#0"},
				"up": {"uv": [1.5, 8.5, 1, 8], "texture": "#0"},
				"down": {"uv": [2, 8, 1.5, 8.5], "texture": "#0"}
			}
		},
		{
			"from": [12.8, 0, 7.1],
			"to": [13.6, 0.15, 7.25],
			"rotation": {"angle": 0, "axis": "y", "origin": [13, 2, 7]},
			"faces": {
				"north": {"uv": [7, 8, 7.5, 8.5], "texture": "#0"},
				"east": {"uv": [7.5, 8, 8, 8.5], "texture": "#0"},
				"south": {"uv": [8, 8, 8.5, 8.5], "texture": "#0"},
				"west": {"uv": [8, 0, 8.5, 0.5], "texture": "#0"},
				"up": {"uv": [8.5, 1, 8, 0.5], "texture": "#0"},
				"down": {"uv": [8.5, 1, 8, 1.5], "texture": "#0"}
			}
		},
		{
			"from": [13, 0, 5.22],
			"to": [13.8, 0.15, 5.37],
			"rotation": {"angle": -22.5, "axis": "y", "origin": [11, 3, 5]},
			"faces": {
				"north": {"uv": [7.5, 7.5, 8, 8], "texture": "#0"},
				"east": {"uv": [7.5, 0, 8, 0.5], "texture": "#0"},
				"south": {"uv": [7.5, 0.5, 8, 1], "texture": "#0"},
				"west": {"uv": [7.5, 1, 8, 1.5], "texture": "#0"},
				"up": {"uv": [8, 2, 7.5, 1.5], "texture": "#0"},
				"down": {"uv": [8, 2, 7.5, 2.5], "texture": "#0"}
			}
		},
		{
			"from": [10.05, 6, 3.5],
			"to": [10.95, 6.4, 4.3],
			"rotation": {"angle": -22.5, "axis": "x", "origin": [18, 5, 4]},
			"faces": {
				"north": {"uv": [6.5, 2, 7, 2.5], "texture": "#0"},
				"east": {"uv": [6.5, 2.5, 7, 3], "texture": "#0"},
				"south": {"uv": [6.5, 3, 7, 3.5], "texture": "#0"},
				"west": {"uv": [6.5, 3.5, 7, 4], "texture": "#0"},
				"up": {"uv": [7, 4.5, 6.5, 4], "texture": "#0"},
				"down": {"uv": [7, 4.5, 6.5, 5], "texture": "#0"}
			}
		},
		{
			"from": [9.8, 5.95, 3.81],
			"to": [10.1, 6.45, 4.31],
			"rotation": {"angle": -22.5, "axis": "x", "origin": [18, 5, 4]},
			"faces": {
				"north": {"uv": [3, 7, 3.5, 7.5], "texture": "#0"},
				"east": {"uv": [3.5, 7, 4, 7.5], "texture": "#0"},
				"south": {"uv": [4, 7, 4.5, 7.5], "texture": "#0"},
				"west": {"uv": [4.5, 7, 5, 7.5], "texture": "#0"},
				"up": {"uv": [5.5, 7.5, 5, 7], "texture": "#0"},
				"down": {"uv": [6, 7, 5.5, 7.5], "texture": "#0"}
			}
		},
		{
			"from": [10.9, 5.95, 3.81],
			"to": [11.2, 6.45, 4.31],
			"rotation": {"angle": -22.5, "axis": "x", "origin": [19, 5, 4]},
			"faces": {
				"north": {"uv": [3, 7, 3.5, 7.5], "texture": "#0"},
				"east": {"uv": [5, 7, 4.5, 7.5], "texture": "#0"},
				"south": {"uv": [3, 7, 3.5, 7.5], "texture": "#0"},
				"west": {"uv": [7, 0, 7.5, 0.5], "texture": "#0"},
				"up": {"uv": [5, 7.5, 5.5, 7], "texture": "#0"},
				"down": {"uv": [3, 7, 3.5, 7.5], "texture": "#0"}
			}
		},
		{
			"from": [10.25, 5.96, 3.2],
			"to": [10.75, 6.41, 3.6],
			"rotation": {"angle": -22.5, "axis": "x", "origin": [18, 5, 4]},
			"faces": {
				"north": {"uv": [6.5, 5, 7, 6], "rotation": 90, "texture": "#0"},
				"east": {"uv": [1.5, 7, 2, 7.5], "texture": "#0"},
				"south": {"uv": [1, 7, 1.5, 7.5], "texture": "#0"},
				"west": {"uv": [1.5, 7, 2, 7.5], "texture": "#0"},
				"up": {"uv": [3, 7.5, 2, 7], "texture": "#0"},
				"down": {"uv": [2, 7, 3, 7.5], "texture": "#0"}
			}
		},
		{
			"from": [9.75, 2.8, 4.8],
			"to": [11.25, 4, 6.8],
			"rotation": {"angle": 22.5, "axis": "x", "origin": [11, 3, 5]},
			"faces": {
				"north": {"uv": [3.5, 1, 4.5, 1.5], "texture": "#0"},
				"east": {"uv": [3.5, 1.5, 4.5, 2], "texture": "#0"},
				"south": {"uv": [3.5, 2, 4.5, 2.5], "texture": "#0"},
				"west": {"uv": [3.5, 2.5, 4.5, 3], "texture": "#0"},
				"up": {"uv": [2.5, 2.5, 1.5, 1.5], "texture": "#0"},
				"down": {"uv": [2.5, 0, 1.5, 1], "texture": "#0"}
			}
		},
		{
			"from": [9.85, 2.11732, 6.6],
			"to": [11.15, 3.11732, 8.4],
			"rotation": {"angle": 0, "axis": "y", "origin": [11, 3, 5]},
			"faces": {
				"north": {"uv": [6.5, 6.5, 7, 7], "texture": "#0"},
				"east": {"uv": [3.5, 3, 4.5, 3.5], "texture": "#0"},
				"south": {"uv": [6.5, 1, 7, 1.5], "texture": "#0"},
				"west": {"uv": [1, 4, 2, 4.5], "texture": "#0"},
				"up": {"uv": [3, 2.5, 2.5, 1.5], "texture": "#0"},
				"down": {"uv": [2.5, 4, 2, 5], "texture": "#0"}
			}
		},
		{
			"from": [9, 6, 3.5],
			"to": [12, 8, 3.5],
			"rotation": {"angle": -22.5, "axis": "x", "origin": [12, 7, 4]},
			"faces": {
				"north": {"uv": [0, 0, 1.5, 2], "rotation": 90, "texture": "#0"},
				"east": {"uv": [0, 0, 0, 1], "texture": "#0"},
				"south": {"uv": [0, 2, 1.5, 0], "rotation": 90, "texture": "#0"},
				"west": {"uv": [0, 0, 0, 1], "texture": "#0"},
				"up": {"uv": [1.5, 0, 0, 0], "texture": "#0"},
				"down": {"uv": [1.5, 0, 0, 0], "texture": "#0"}
			}
		}
	],
	"display": {
		"thirdperson_righthand": {
			"translation": [-2.25, 4.75, 2.75]
		},
		"thirdperson_lefthand": {
			"translation": [2.75, 4.75, 2.75]
		},
		"firstperson_righthand": {
			"translation": [2.25, 4.25, 0]
		},
		"firstperson_lefthand": {
			"translation": [9, 4.25, 0]
		},
		"ground": {
			"translation": [-1, 6.75, 4.25],
			"scale": [1.29, 1.31, 1.34]
		},
		"gui": {
			"rotation": [0, 128.75, 0],
			"translation": [6, 7.75, 1],
			"scale": [1.58, 1.7375, 1.93039]
		},
		"head": {
			"translation": [-4, -33, -3.75],
			"scale": [1.5, 1.5, 1.5]
		},
		"fixed": {
			"rotation": [-90, 0, 0],
			"translation": [-10, 7.5, -33],
			"scale": [4, 4, 4]
		}
	}
}