{
	"__comment": "Designed by Sefreneth with Cubik Studio - https://cubik.studio",
	"textures": {
		"smallspider": "custom/elitecreatures/insect/smallspider"
	},
	"elements": [ 	 
		{
			"__comment": "Box1",
			"from": [ 6.5, 3.5625, 7.5 ],
			"to": [ 8, 5.0625, 9 ],
			"rotation": { "origin": [ 6.5, 3.5625, 7.5 ], "axis": "z", "angle": 22.5 },
			"faces": {
				"down": { "uv": [ 3, 2, 4, 3 ], "texture": "#smallspider" },
				"up": { "uv": [ 8, 10, 9, 11 ], "texture": "#smallspider" },
				"north": { "uv": [ 9, 10, 10, 11 ], "texture": "#smallspider" },
				"south": { "uv": [ 12, 10, 13, 11 ], "texture": "#smallspider" },
				"west": { "uv": [ 0, 3, 1, 4 ], "texture": "#smallspider" },
				"east": { "uv": [ 0, 2, 1, 3 ], "texture": "#smallspider" }
			}
		},
		{
			"__comment": "Box2",
			"from": [ 4.9375, 4.3125, 7.75 ],
			"to": [ 6.1875, 5.3125, 8.75 ],
			"faces": {
				"down": { "uv": [ 0, 1, 1, 2 ], "texture": "#smallspider" },
				"up": { "uv": [ 0, 0, 1, 1 ], "texture": "#smallspider" },
				"north": { "uv": [ 5, 15, 6, 16 ], "texture": "#smallspider" },
				"south": { "uv": [ 6, 15, 7, 16 ], "texture": "#smallspider" },
				"west": { "uv": [ 7, 15, 8, 16 ], "texture": "#smallspider" },
				"east": { "uv": [ 8, 15, 9, 16 ], "texture": "#smallspider" }
			}
		},
		{
			"__comment": "Box3",
			"from": [ 4.1875, 4.125, 7.875 ],
			"to": [ 4.9375, 4.875, 8.625 ],
			"faces": {
				"down": { "uv": [ 9, 15, 10, 16 ], "texture": "#smallspider" },
				"up": { "uv": [ 10, 15, 11, 16 ], "texture": "#smallspider" },
				"north": { "uv": [ 11, 15, 12, 16 ], "texture": "#smallspider" },
				"south": { "uv": [ 12, 15, 13, 16 ], "texture": "#smallspider" },
				"west": { "uv": [ 13, 15, 14, 16 ], "texture": "#smallspider" },
				"east": { "uv": [ 14, 15, 15, 16 ], "texture": "#smallspider" }
			}
		},
		{
			"__comment": "Box4",
			"from": [ 5.6876, 4.375, 6.5 ],
			"to": [ 5.9376, 4.625, 7.75 ],
			"rotation": { "origin": [ 5.6875, 4.625, 7.75 ], "axis": "y", "angle": -22.5 },
			"faces": {
				"down": { "uv": [ 12, 14, 13, 15 ], "texture": "#smallspider", "rotation": 90 },
				"up": { "uv": [ 12, 14, 13, 15 ], "texture": "#smallspider", "rotation": 270 },
				"north": { "uv": [ 2, 14, 3, 15 ], "texture": "#smallspider" },
				"west": { "uv": [ 12, 14, 13, 15 ], "texture": "#smallspider", "rotation": 180 },
				"east": { "uv": [ 12, 14, 13, 15 ], "texture": "#smallspider" }
			}
		},
		{
			"__comment": "Box4",
			"from": [ 6.125, 2.1375, 5.425 ],
			"to": [ 6.375, 4.1375, 5.675 ],
			"rotation": { "origin": [ 6.125, 2.9375, 6.625 ], "axis": "x", "angle": 45 },
			"faces": {
				"down": { "uv": [ 14, 3, 15, 4 ], "texture": "#smallspider" },
				"up": { "uv": [ 14, 14, 15, 15 ], "texture": "#smallspider" },
				"north": { "uv": [ 14, 14, 15, 15 ], "texture": "#smallspider" },
				"south": { "uv": [ 14, 14, 15, 15 ], "texture": "#smallspider" },
				"west": { "uv": [ 14, 14, 15, 15 ], "texture": "#smallspider" },
				"east": { "uv": [ 14, 14, 15, 15 ], "texture": "#smallspider" }
			}
		},
		{
			"__comment": "Box4",
			"from": [ 4.9375, 4, 9.5 ],
			"to": [ 5.1875, 5.25, 9.75 ],
			"rotation": { "origin": [ 4.9375, 5.25, 9.5 ], "axis": "x", "angle": 45 },
			"faces": {
				"down": { "uv": [ 7, 14, 8, 15 ], "texture": "#smallspider" },
				"up": { "uv": [ 8, 14, 9, 15 ], "texture": "#smallspider" },
				"north": { "uv": [ 9, 14, 10, 15 ], "texture": "#smallspider" },
				"south": { "uv": [ 10, 14, 11, 15 ], "texture": "#smallspider" },
				"west": { "uv": [ 11, 14, 12, 15 ], "texture": "#smallspider", "rotation": 90 },
				"east": { "uv": [ 12, 14, 13, 15 ], "texture": "#smallspider", "rotation": 270 }
			}
		},
		{
			"__comment": "Box4",
			"from": [ 4.9375, 4.5, 9.4375 ],
			"to": [ 5.1875, 4.75, 10.6875 ],
			"rotation": { "origin": [ 4.9375, 4.75, 10.6875 ], "axis": "x", "angle": 22.5 },
			"faces": {
				"down": { "uv": [ 13, 14, 14, 15 ], "texture": "#smallspider" },
				"up": { "uv": [ 14, 14, 15, 15 ], "texture": "#smallspider" },
				"north": { "uv": [ 15, 14, 16, 15 ], "texture": "#smallspider" },
				"south": { "uv": [ 1, 13, 2, 14 ], "texture": "#smallspider" },
				"west": { "uv": [ 1, 12, 2, 13 ], "texture": "#smallspider", "rotation": 180 },
				"east": { "uv": [ 1, 11, 2, 12 ], "texture": "#smallspider", "rotation": 180 }
			}
		},
		{
			"__comment": "Box4",
			"from": [ 4.9395, 3.1674, 10.5255 ],
			"to": [ 5.188501, 4.661406, 10.7745 ],
			"rotation": { "origin": [ 4.9395, 4.625, 10.4375 ], "axis": "x", "angle": -22.5 },
			"faces": {
				"down": { "uv": [ 1, 10, 2, 11 ], "texture": "#smallspider" },
				"up": { "uv": [ 1, 9, 2, 10 ], "texture": "#smallspider" },
				"north": { "uv": [ 1, 8, 2, 9 ], "texture": "#smallspider" },
				"south": { "uv": [ 1, 7, 2, 8 ], "texture": "#smallspider" },
				"west": { "uv": [ 1, 6, 2, 7 ], "texture": "#smallspider", "rotation": 90 },
				"east": { "uv": [ 1, 5, 2, 6 ], "texture": "#smallspider", "rotation": 270 }
			}
		},
		{
			"__comment": "Box4",
			"from": [ 4.9375, 5.125, 6.8125 ],
			"to": [ 5.1875, 5.375, 8.0625 ],
			"rotation": { "origin": [ 4.9375, 5.125, 6.8125 ], "axis": "x", "angle": 45 },
			"faces": {
				"down": { "uv": [ 12, 14, 13, 15 ], "texture": "#smallspider", "rotation": 90 },
				"up": { "uv": [ 12, 14, 13, 15 ], "texture": "#smallspider", "rotation": 270 },
				"north": { "uv": [ 1, 2, 2, 3 ], "texture": "#smallspider" },
				"south": { "uv": [ 12, 14, 13, 15 ], "texture": "#smallspider", "rotation": 270 },
				"west": { "uv": [ 12, 14, 13, 15 ], "texture": "#smallspider", "rotation": 180 },
				"east": { "uv": [ 12, 14, 13, 15 ], "texture": "#smallspider" }
			}
		},
		{
			"__comment": "Box4",
			"from": [ 4.9375, 5.0625, 5.6875 ],
			"to": [ 5.1875, 5.3125, 6.9375 ],
			"rotation": { "origin": [ 4.9375, 5.3125, 6.9375 ], "axis": "x", "angle": -22.5 },
			"faces": {
				"down": { "uv": [ 14, 14, 15, 15 ], "texture": "#smallspider" },
				"up": { "uv": [ 14, 15, 15, 14 ], "texture": "#smallspider" },
				"north": { "uv": [ 5, 13, 6, 14 ], "texture": "#smallspider" },
				"south": { "uv": [ 6, 13, 7, 14 ], "texture": "#smallspider" },
				"west": { "uv": [ 14, 14, 15, 15 ], "texture": "#smallspider", "rotation": 90 },
				"east": { "uv": [ 14, 14, 15, 15 ], "texture": "#smallspider", "rotation": 270 }
			}
		},
		{
			"__comment": "Box4",
			"from": [ 4.9375, 3.3491, 5.7134 ],
			"to": [ 5.1875, 4.8491, 5.9634 ],
			"rotation": { "origin": [ 4.9375, 4.8125, 5.625 ], "axis": "x", "angle": 22.5 },
			"faces": {
				"down": { "uv": [ 9, 13, 10, 14 ], "texture": "#smallspider" },
				"up": { "uv": [ 1, 12, 2, 13 ], "texture": "#smallspider", "rotation": 180 },
				"north": { "uv": [ 1, 12, 2, 13 ], "texture": "#smallspider", "rotation": 270 },
				"south": { "uv": [ 1, 12, 2, 13 ], "texture": "#smallspider", "rotation": 270 },
				"west": { "uv": [ 1, 12, 2, 13 ], "texture": "#smallspider", "rotation": 270 },
				"east": { "uv": [ 1, 12, 2, 13 ], "texture": "#smallspider", "rotation": 270 }
			}
		},
		{
			"__comment": "Box4",
			"from": [ 5.375, 4, 9.5 ],
			"to": [ 5.625, 5.25, 9.75 ],
			"rotation": { "origin": [ 5.375, 5.25, 9.5 ], "axis": "x", "angle": 45 },
			"faces": {
				"down": { "uv": [ 15, 13, 16, 14 ], "texture": "#smallspider" },
				"up": { "uv": [ 12, 14, 13, 15 ], "texture": "#smallspider", "rotation": 90 },
				"north": { "uv": [ 12, 14, 13, 15 ], "texture": "#smallspider", "rotation": 270 },
				"south": { "uv": [ 12, 14, 13, 15 ], "texture": "#smallspider", "rotation": 270 },
				"west": { "uv": [ 12, 14, 13, 15 ], "texture": "#smallspider", "rotation": 270 },
				"east": { "uv": [ 12, 14, 13, 15 ], "texture": "#smallspider", "rotation": 270 }
			}
		},
		{
			"__comment": "Box4",
			"from": [ 5.375, 4.5, 9.4375 ],
			"to": [ 5.625, 4.75, 10.6875 ],
			"rotation": { "origin": [ 5.375, 4.75, 10.6875 ], "axis": "x", "angle": 22.5 },
			"faces": {
				"down": { "uv": [ 14, 14, 15, 15 ], "texture": "#smallspider", "rotation": 180 },
				"up": { "uv": [ 14, 14, 15, 15 ], "texture": "#smallspider" },
				"north": { "uv": [ 2, 5, 3, 6 ], "texture": "#smallspider" },
				"south": { "uv": [ 2, 4, 3, 5 ], "texture": "#smallspider" },
				"west": { "uv": [ 14, 14, 15, 15 ], "texture": "#smallspider", "rotation": 270 },
				"east": { "uv": [ 14, 14, 15, 15 ], "texture": "#smallspider", "rotation": 90 }
			}
		},
		{
			"__comment": "Box4",
			"from": [ 5.377, 3.1704, 10.5254 ],
			"to": [ 5.6255, 4.6614, 10.7739 ],
			"rotation": { "origin": [ 5.377, 4.625, 10.4375 ], "axis": "x", "angle": -22.5 },
			"faces": {
				"down": { "uv": [ 2, 1, 3, 2 ], "texture": "#smallspider" },
				"up": { "uv": [ 2, 0, 3, 1 ], "texture": "#smallspider" },
				"north": { "uv": [ 14, 14, 15, 15 ], "texture": "#smallspider" },
				"south": { "uv": [ 14, 14, 15, 15 ], "texture": "#smallspider" },
				"west": { "uv": [ 14, 14, 15, 15 ], "texture": "#smallspider" },
				"east": { "uv": [ 14, 14, 15, 15 ], "texture": "#smallspider" }
			}
		},
		{
			"__comment": "Box4",
			"from": [ 5.3125, 5.125, 6.8125 ],
			"to": [ 5.5625, 5.375, 8.0625 ],
			"rotation": { "origin": [ 5.3125, 5.125, 6.8125 ], "axis": "x", "angle": 45 },
			"faces": {
				"down": { "uv": [ 12, 14, 13, 15 ], "texture": "#smallspider", "rotation": 90 },
				"up": { "uv": [ 12, 14, 13, 15 ], "texture": "#smallspider", "rotation": 270 },
				"north": { "uv": [ 9, 12, 10, 13 ], "texture": "#smallspider" },
				"south": { "uv": [ 10, 12, 11, 13 ], "texture": "#smallspider" },
				"west": { "uv": [ 12, 14, 13, 15 ], "texture": "#smallspider", "rotation": 180 },
				"east": { "uv": [ 12, 14, 13, 15 ], "texture": "#smallspider" }
			}
		},
		{
			"__comment": "Box4",
			"from": [ 5.3125, 5.0625, 5.6875 ],
			"to": [ 5.5625, 5.3125, 6.9375 ],
			"rotation": { "origin": [ 5.3125, 5.3125, 6.9375 ], "axis": "x", "angle": -22.5 },
			"faces": {
				"down": { "uv": [ 14, 14, 15, 15 ], "texture": "#smallspider" },
				"up": { "uv": [ 14, 15, 15, 14 ], "texture": "#smallspider" },
				"north": { "uv": [ 15, 12, 16, 13 ], "texture": "#smallspider" },
				"south": { "uv": [ 3, 11, 4, 12 ], "texture": "#smallspider" },
				"west": { "uv": [ 14, 14, 15, 15 ], "texture": "#smallspider", "rotation": 90 },
				"east": { "uv": [ 14, 14, 15, 15 ], "texture": "#smallspider", "rotation": 270 }
			}
		},
		{
			"__comment": "Box4",
			"from": [ 5.3125, 3.3491, 5.7134 ],
			"to": [ 5.5625, 4.8491, 5.9634 ],
			"rotation": { "origin": [ 5.3125, 4.8125, 5.625 ], "axis": "x", "angle": 22.5 },
			"faces": {
				"down": { "uv": [ 3, 8, 4, 9 ], "texture": "#smallspider" },
				"up": { "uv": [ 3, 7, 4, 8 ], "texture": "#smallspider" },
				"north": { "uv": [ 1, 12, 2, 13 ], "texture": "#smallspider", "rotation": 270 },
				"south": { "uv": [ 1, 12, 2, 13 ], "texture": "#smallspider", "rotation": 270 },
				"west": { "uv": [ 1, 12, 2, 13 ], "texture": "#smallspider", "rotation": 270 },
				"east": { "uv": [ 1, 12, 2, 13 ], "texture": "#smallspider", "rotation": 270 }
			}
		},
		{
			"__comment": "Box22",
			"from": [ 3.125, 3.3125, 6.75 ],
			"to": [ 4.375, 3.5625, 7 ],
			"rotation": { "origin": [ 3.125, 3.3125, 6.75 ], "axis": "z", "angle": 45 },
			"faces": {
				"down": { "uv": [ 14, 14, 15, 15 ], "texture": "#smallspider", "rotation": 270 },
				"up": { "uv": [ 14, 14, 15, 15 ], "texture": "#smallspider", "rotation": 270 },
				"north": { "uv": [ 14, 14, 15, 15 ], "texture": "#smallspider", "rotation": 90 },
				"south": { "uv": [ 14, 14, 15, 15 ], "texture": "#smallspider", "rotation": 270 },
				"west": { "uv": [ 5, 11, 6, 12 ], "texture": "#smallspider" },
				"east": { "uv": [ 6, 11, 7, 12 ], "texture": "#smallspider" }
			}
		},
		{
			"__comment": "Box22",
			"from": [ 4.0625, 4.0625, 6.75 ],
			"to": [ 5.5625, 4.3125, 7 ],
			"rotation": { "origin": [ 4.0625, 4.0625, 6.75 ], "axis": "y", "angle": -45 },
			"faces": {
				"down": { "uv": [ 12, 14, 13, 15 ], "texture": "#smallspider" },
				"up": { "uv": [ 12, 14, 13, 15 ], "texture": "#smallspider" },
				"north": { "uv": [ 12, 14, 13, 15 ], "texture": "#smallspider", "rotation": 180 },
				"south": { "uv": [ 12, 14, 13, 15 ], "texture": "#smallspider" },
				"west": { "uv": [ 11, 11, 12, 12 ], "texture": "#smallspider" },
				"east": { "uv": [ 12, 11, 13, 12 ], "texture": "#smallspider" }
			}
		},
		{
			"__comment": "Box22",
			"from": [ 3.5726, 4.0625, 9.4506 ],
			"to": [ 5.0726, 4.3125, 9.7006 ],
			"rotation": { "origin": [ 2.9375, 3.3125, 9.1875 ], "axis": "y", "angle": 22.5 },
			"faces": {
				"down": { "uv": [ 12, 14, 13, 15 ], "texture": "#smallspider" },
				"up": { "uv": [ 12, 14, 13, 15 ], "texture": "#smallspider" },
				"north": { "uv": [ 12, 14, 13, 15 ], "texture": "#smallspider", "rotation": 180 },
				"south": { "uv": [ 12, 14, 13, 15 ], "texture": "#smallspider" },
				"west": { "uv": [ 12, 14, 13, 15 ], "texture": "#smallspider", "rotation": 270 },
				"east": { "uv": [ 13, 10, 14, 11 ], "texture": "#smallspider" }
			}
		},
		{
			"__comment": "Box22",
			"from": [ 2.9375, 3.3125, 9.1875 ],
			"to": [ 4.1875, 3.5625, 9.4375 ],
			"rotation": { "origin": [ 2.9375, 3.3125, 9.1875 ], "axis": "z", "angle": 45 },
			"faces": {
				"down": { "uv": [ 14, 14, 15, 15 ], "texture": "#smallspider", "rotation": 270 },
				"up": { "uv": [ 14, 14, 15, 15 ], "texture": "#smallspider", "rotation": 270 },
				"north": { "uv": [ 14, 15, 15, 14 ], "texture": "#smallspider", "rotation": 270 },
				"south": { "uv": [ 14, 14, 15, 15 ], "texture": "#smallspider", "rotation": 270 },
				"west": { "uv": [ 5, 11, 6, 12 ], "texture": "#smallspider" },
				"east": { "uv": [ 4, 2, 5, 3 ], "texture": "#smallspider" }
			}
		},
		{
			"__comment": "Box4",
			"from": [ 6.1875, 4.375, 8.625 ],
			"to": [ 6.4375, 4.625, 9.875 ],
			"rotation": { "origin": [ 6.1875, 4.625, 9.875 ], "axis": "y", "angle": 22.5 },
			"faces": {
				"down": { "uv": [ 12, 14, 13, 15 ], "texture": "#smallspider", "rotation": 90 },
				"up": { "uv": [ 12, 14, 13, 15 ], "texture": "#smallspider", "rotation": 270 },
				"south": { "uv": [ 5, 10, 6, 11 ], "texture": "#smallspider" },
				"west": { "uv": [ 12, 14, 13, 15 ], "texture": "#smallspider", "rotation": 180 },
				"east": { "uv": [ 12, 14, 13, 15 ], "texture": "#smallspider" }
			}
		},
		{
			"__comment": "Box4",
			"from": [ 6.1875, 3.2375, 10.2375 ],
			"to": [ 6.4375, 3.4875, 12.2375 ],
			"rotation": { "origin": [ 6.1875, 4.4375, 11.4375 ], "axis": "x", "angle": 45 },
			"faces": {
				"down": { "uv": [ 14, 14, 15, 15 ], "texture": "#smallspider", "rotation": 180 },
				"up": { "uv": [ 14, 14, 15, 15 ], "texture": "#smallspider" },
				"north": { "uv": [ 10, 10, 11, 11 ], "texture": "#smallspider" },
				"south": { "uv": [ 11, 10, 12, 11 ], "texture": "#smallspider" },
				"west": { "uv": [ 14, 14, 15, 15 ], "texture": "#smallspider", "rotation": 270 },
				"east": { "uv": [ 14, 14, 15, 15 ], "texture": "#smallspider", "rotation": 90 }
			}
		}
	],
	"display": {
		"thirdperson_righthand": {
			"rotation":  [ 80, -91, 0 ],
			"translation":  [ 0.6956, -0.694, 4.8694 ]
		},
		"thirdperson_lefthand": {
			"rotation":  [ 80, 90, 0 ],
			"translation":  [ 0.6956, -0.694, 4.8694 ]
		},
		"firstperson_righthand": {
			"rotation":  [ 0, -90, 0 ],
			"translation":  [ 0, 4.1739, 0 ]
		},
		"firstperson_lefthand": {
			"rotation":  [ 0, 90, 0 ],
			"translation":  [ 0, 4.1739, 0 ]
		},
		"gui": {
			"rotation":  [ 7, 32, 31 ],
			"translation":  [ -0.695, 6.2621, 7.6524 ],
			"scale":  [ 1.5, 1.5, 1.5 ]
		},
		"head": {
			"rotation":  [ 0, -90, 0 ],
			"translation":  [ 0, -29.88, 6.2608 ],
			"scale":  [ 3, 3, 3 ]
		},
		"ground": {
			"translation":  [ 0, 0.6956, 0 ],
			"scale":  [ 2, 2, 2 ]
		},
		"fixed": {
			"rotation":  [ -90, 90, 0 ],
			"translation":  [ -1.391, -4.172, -10.43 ],
			"scale":  [ 2, 2, 2 ]
		}
	}
}