{
	"credit": "Made with Blockbench",
	"textures": {
		"0": "custom/elitecreatures/insect/snail",
		"particle": "custom/elitecreatures/insect/snail"
	},
	"elements": [
		{
			"from": [7.5055, 0, 6.16],
			"to": [8.6325, 0.92, 9.84],
			"rotation": {"angle": 0, "axis": "y", "origin": [11.22, 3.68, 12.6]},
			"faces": {
				"north": {"uv": [2, 12, 3, 13], "texture": "#0"},
				"east": {"uv": [4, 6, 0, 7], "texture": "#0"},
				"south": {"uv": [5, 12, 6, 13], "texture": "#0"},
				"west": {"uv": [0, 6, 4, 7], "texture": "#0"},
				"up": {"uv": [5, 10, 4, 6], "texture": "#0"},
				"down": {"uv": [1, 7, 0, 11], "texture": "#0"}
			}
		},
		{
			"from": [7.54, -4.462, 5.93],
			"to": [8.598, -3.22, 6.758],
			"rotation": {"angle": 45, "axis": "x", "origin": [11.22, -0.46, 12.14]},
			"faces": {
				"north": {"uv": [12, 7, 13, 8], "texture": "#0"},
				"east": {"uv": [13, 10, 12, 11], "texture": "#0"},
				"south": {"uv": [12, 9, 13, 10], "texture": "#0"},
				"west": {"uv": [12, 10, 13, 11], "texture": "#0"},
				"up": {"uv": [13, 12, 12, 11], "texture": "#0"},
				"down": {"uv": [1, 13, 0, 14], "texture": "#0"}
			}
		},
		{
			"from": [7.517, 1.242, 4.596],
			"to": [8.621, 2.3, 5.792],
			"rotation": {"angle": 0, "axis": "y", "origin": [11.22, -4.14, 8.46]},
			"faces": {
				"north": {"uv": [7, 13, 8, 14], "texture": "#0"},
				"east": {"uv": [11, 13, 10, 14], "texture": "#0"},
				"south": {"uv": [9, 13, 10, 14], "texture": "#0"},
				"west": {"uv": [10, 13, 11, 14], "texture": "#0"},
				"up": {"uv": [12, 14, 11, 13], "texture": "#0"},
				"down": {"uv": [13, 13, 12, 14], "texture": "#0"}
			}
		},
		{
			"from": [7.54, 2.162, 5.056],
			"to": [7.678, 3.68, 5.194],
			"rotation": {"angle": -22.5, "axis": "x", "origin": [11.22, 2.3, 5.24]},
			"faces": {
				"north": {"uv": [10, 5, 11, 7], "texture": "#0"},
				"east": {"uv": [0, 11, 1, 13], "texture": "#0"},
				"south": {"uv": [3, 11, 4, 13], "texture": "#0"},
				"west": {"uv": [4, 11, 5, 13], "texture": "#0"},
				"up": {"uv": [14, 14, 13, 13], "texture": "#0"},
				"down": {"uv": [14, 0, 13, 1], "texture": "#0"}
			}
		},
		{
			"from": [8.46, 2.162, 5.056],
			"to": [8.598, 3.68, 5.194],
			"rotation": {"angle": -22.5, "axis": "x", "origin": [4.78, 2.3, 5.24]},
			"faces": {
				"north": {"uv": [10, 11, 11, 13], "texture": "#0"},
				"east": {"uv": [11, 11, 12, 13], "texture": "#0"},
				"south": {"uv": [11, 3, 12, 5], "texture": "#0"},
				"west": {"uv": [11, 5, 12, 7], "texture": "#0"},
				"up": {"uv": [1, 15, 0, 14], "texture": "#0"},
				"down": {"uv": [2, 14, 1, 15], "texture": "#0"}
			}
		},
		{
			"from": [7.54, 1.656, 4.182],
			"to": [7.632, 1.748, 4.642],
			"rotation": {"angle": 22.5, "axis": "y", "origin": [7.54, 1.84, 4.78]},
			"faces": {
				"north": {"uv": [13, 7, 14, 8], "texture": "#0"},
				"east": {"uv": [13, 8, 14, 9], "texture": "#0"},
				"south": {"uv": [13, 9, 14, 10], "texture": "#0"},
				"west": {"uv": [13, 10, 14, 11], "texture": "#0"},
				"up": {"uv": [14, 12, 13, 11], "texture": "#0"},
				"down": {"uv": [14, 12, 13, 13], "texture": "#0"}
			}
		},
		{
			"from": [8.483, 1.656, 4.136],
			"to": [8.575, 1.748, 4.596],
			"rotation": {"angle": -22.5, "axis": "y", "origin": [8.46, 1.84, 4.78]},
			"faces": {
				"north": {"uv": [8, 14, 9, 15], "texture": "#0"},
				"east": {"uv": [9, 14, 10, 15], "texture": "#0"},
				"south": {"uv": [10, 14, 11, 15], "texture": "#0"},
				"west": {"uv": [11, 14, 12, 15], "texture": "#0"},
				"up": {"uv": [13, 15, 12, 14], "texture": "#0"},
				"down": {"uv": [14, 14, 13, 15], "texture": "#0"}
			}
		},
		{
			"from": [7.517, 1.633, 4.044],
			"to": [7.655, 1.771, 4.182],
			"rotation": {"angle": 22.5, "axis": "y", "origin": [7.54, 1.84, 4.78]},
			"faces": {
				"north": {"uv": [10, 3, 11, 4], "texture": "#0"},
				"east": {"uv": [10, 9, 11, 10], "texture": "#0"},
				"south": {"uv": [11, 7, 12, 8], "texture": "#0"},
				"west": {"uv": [11, 8, 12, 9], "texture": "#0"},
				"up": {"uv": [12, 10, 11, 9], "texture": "#0"},
				"down": {"uv": [2, 12, 1, 13], "texture": "#0"}
			}
		},
		{
			"from": [8.46, 1.633, 4.044],
			"to": [8.598, 1.771, 4.182],
			"rotation": {"angle": -22.5, "axis": "y", "origin": [8.46, 1.84, 4.78]},
			"faces": {
				"north": {"uv": [10, 3, 11, 4], "texture": "#0"},
				"east": {"uv": [14, 0, 15, 1], "texture": "#0"},
				"south": {"uv": [14, 1, 15, 2], "texture": "#0"},
				"west": {"uv": [14, 2, 15, 3], "texture": "#0"},
				"up": {"uv": [15, 4, 14, 3], "texture": "#0"},
				"down": {"uv": [15, 4, 14, 5], "texture": "#0"}
			}
		},
		{
			"from": [7.517, 3.68, 5.033],
			"to": [7.701, 3.864, 5.217],
			"rotation": {"angle": -22.5, "axis": "x", "origin": [11.22, 2.3, 5.24]},
			"faces": {
				"north": {"uv": [13, 5, 14, 6], "texture": "#0"},
				"east": {"uv": [13, 4, 14, 5], "texture": "#0"},
				"south": {"uv": [13, 4, 14, 5], "texture": "#0"},
				"west": {"uv": [13, 4, 14, 5], "texture": "#0"},
				"up": {"uv": [13, 4, 14, 5], "texture": "#0"},
				"down": {"uv": [13, 4, 14, 5], "texture": "#0"}
			}
		},
		{
			"from": [8.437, 3.68, 5.033],
			"to": [8.621, 3.864, 5.217],
			"rotation": {"angle": -22.5, "axis": "x", "origin": [4.78, 2.3, 5.24]},
			"faces": {
				"north": {"uv": [14, 5, 13, 6], "texture": "#0"},
				"east": {"uv": [13, 4, 14, 5], "texture": "#0"},
				"south": {"uv": [13, 4, 14, 5], "texture": "#0"},
				"west": {"uv": [13, 4, 14, 5], "texture": "#0"},
				"up": {"uv": [13, 4, 14, 5], "texture": "#0"},
				"down": {"uv": [13, 4, 14, 5], "texture": "#0"}
			}
		},
		{
			"from": [7.517, -2.254, 6.528],
			"to": [8.621, -0.828, 7.356],
			"rotation": {"angle": 22.5, "axis": "x", "origin": [11.22, 1.84, 12.6]},
			"faces": {
				"north": {"uv": [1, 13, 2, 14], "texture": "#0"},
				"east": {"uv": [5, 13, 4, 14], "texture": "#0"},
				"south": {"uv": [3, 13, 4, 14], "texture": "#0"},
				"west": {"uv": [4, 13, 5, 14], "texture": "#0"},
				"up": {"uv": [6, 14, 5, 13], "texture": "#0"},
				"down": {"uv": [7, 13, 6, 14], "texture": "#0"}
			}
		},
		{
			"from": [7.724, 0, 9.84],
			"to": [8.414, 0.506, 10.76],
			"rotation": {"angle": 0, "axis": "y", "origin": [11.22, 3.68, 13.52]},
			"faces": {
				"north": {"uv": [12, 1, 13, 2], "texture": "#0"},
				"east": {"uv": [13, 4, 12, 5], "texture": "#0"},
				"south": {"uv": [12, 3, 13, 4], "texture": "#0"},
				"west": {"uv": [12, 4, 13, 5], "texture": "#0"},
				"up": {"uv": [13, 6, 12, 5], "texture": "#0"},
				"down": {"uv": [13, 6, 12, 7], "texture": "#0"}
			}
		},
		{
			"from": [7.034, 0.46, 6.61],
			"to": [9.15, 2.76, 9.83],
			"rotation": {"angle": 0, "axis": "y", "origin": [10.76, 4.14, 13.06]},
			"faces": {
				"north": {"uv": [8, 2, 10, 4], "texture": "#0"},
				"east": {"uv": [0, 0, 3, 2], "texture": "#0"},
				"south": {"uv": [0.625, 3.875, 2.5, 5.875], "texture": "#0"},
				"west": {"uv": [3, 0, 0, 2], "texture": "#0"},
				"up": {"uv": [5, 6, 3, 3], "texture": "#0"},
				"down": {"uv": [5, 0, 3, 3], "texture": "#0"}
			}
		},
		{
			"from": [6.804, 0.69, 6.85],
			"to": [7.034, 2.53, 9.61],
			"rotation": {"angle": 0, "axis": "y", "origin": [10.3, 4.14, 13.06]},
			"faces": {
				"north": {"uv": [9, 11, 8, 13], "texture": "#0"},
				"east": {"uv": [0, 4, 3, 6], "texture": "#0"},
				"south": {"uv": [7, 11, 8, 13], "texture": "#0"},
				"west": {"uv": [8, 0, 5, 2], "texture": "#0"},
				"up": {"uv": [2.5, 12, 2.125, 9], "texture": "#0"},
				"down": {"uv": [2, 9, 1, 12], "texture": "#0"}
			}
		},
		{
			"from": [9.15, 0.69, 6.85],
			"to": [9.38, 2.53, 9.61],
			"rotation": {"angle": 0, "axis": "y", "origin": [6.16, 4.14, 13.06]},
			"faces": {
				"north": {"uv": [8, 11, 9, 13], "texture": "#0"},
				"east": {"uv": [5, 0, 8, 2], "texture": "#0"},
				"south": {"uv": [9, 11, 8, 13], "texture": "#0"},
				"west": {"uv": [5, 2, 8, 4], "texture": "#0"},
				"up": {"uv": [3, 12, 2.625, 9], "texture": "#0"},
				"down": {"uv": [6, 9, 5, 12], "texture": "#0"}
			}
		},
		{
			"from": [7.172, 2.76, 7.08],
			"to": [9.012, 3.22, 9.38],
			"rotation": {"angle": 0, "axis": "y", "origin": [11.22, 4.6, 12.6]},
			"faces": {
				"north": {"uv": [9, 7.5, 11, 8], "texture": "#0"},
				"east": {"uv": [8.5, 8, 10.75, 8.5], "texture": "#0"},
				"south": {"uv": [3, 10.125, 4.875, 10.625], "texture": "#0"},
				"west": {"uv": [10.75, 8, 8.5, 8.5], "texture": "#0"},
				"up": {"uv": [8.875, 7.5, 7, 5.25], "texture": "#0"},
				"down": {"uv": [10, 0, 8, 2], "texture": "#0"}
			}
		},
		{
			"from": [7.172, 0.92, 6.16],
			"to": [9.012, 2.3, 6.62],
			"rotation": {"angle": 0, "axis": "y", "origin": [10.76, 3.22, 11.68]},
			"faces": {
				"north": {"uv": [10, 10, 12, 11], "texture": "#0"},
				"east": {"uv": [8.875, 9.25, 9.375, 10.625], "texture": "#0"},
				"south": {"uv": [10, 0, 12, 1], "texture": "#0"},
				"west": {"uv": [9.375, 9.25, 8.875, 10.625], "texture": "#0"},
				"up": {"uv": [12, 1.375, 10, 1], "texture": "#0"},
				"down": {"uv": [12, 2, 10, 3], "texture": "#0"}
			}
		},
		{
			"from": [7.195, 0.552, 9.84],
			"to": [9.035, 2.392, 10.07],
			"rotation": {"angle": 0, "axis": "y", "origin": [11.22, 4.14, 13.52]},
			"faces": {
				"north": {"uv": [1, 7, 3, 9], "texture": "#0"},
				"east": {"uv": [6, 9, 6.23, 10.84], "texture": "#0"},
				"south": {"uv": [5, 7, 7, 9], "texture": "#0"},
				"west": {"uv": [6.23, 9, 6, 10.84], "texture": "#0"},
				"up": {"uv": [9.84, 9.23, 8, 9], "texture": "#0"},
				"down": {"uv": [11, 4, 9, 5], "texture": "#0"}
			}
		}
	],
	"display": {
		"thirdperson_righthand": {
			"rotation": [108.75, 0, 0],
			"translation": [0, -3.25, 5.75]
		},
		"thirdperson_lefthand": {
			"rotation": [108.75, 0, 0],
			"translation": [0, -3.25, 5.75]
		},
		"firstperson_righthand": {
			"translation": [0, 9.5, 2.25]
		},
		"firstperson_lefthand": {
			"translation": [0, 9.5, 2.25]
		},
		"ground": {
			"translation": [0, 11, 0],
			"scale": [2.03, 2.03, 2.03]
		},
		"gui": {
			"rotation": [0, 78.25, 0],
			"translation": [0.5, 14, 0],
			"scale": [1, 2.04688, 1.93359]
		},
		"head": {
			"translation": [0, -32.25, -3.5],
			"scale": [1.55422, 1.60891, 1.68703]
		},
		"fixed": {
			"rotation": [-90, 179.5, 1.5],
			"translation": [1.5, -2, -32.5],
			"scale": [4, 4, 4]
		}
	}
}