{
	"credit": "Made with Blockbench",
	"texture_size": [32, 32],
	"textures": {
		"0": "custom/elitecreatures/insect/stagbeetle",
		"particle": "custom/elitecreatures/insect/stagbeetle"
	},
	"elements": [
		{
			"from": [3.1, 3.5, 9.4],
			"to": [12.9, 6.685, 22.35],
			"rotation": {"angle": 0, "axis": "y", "origin": [32.5, 31.5, 39.5]},
			"faces": {
				"north": {"uv": [1.5, 1, 3, 1.5], "texture": "#0"},
				"east": {"uv": [5.5, 3, 4.75, 3.5], "texture": "#0"},
				"south": {"uv": [5, 0.5, 6.5, 1], "texture": "#0"},
				"west": {"uv": [4.75, 3, 5.5, 3.5], "texture": "#0"},
				"up": {"uv": [3, 1.5, 1.5, 3.5], "texture": "#0"},
				"down": {"uv": [3, 1.5, 1.5, 3.5], "texture": "#0"}
			}
		},
		{
			"from": [2.4, 7, 8.35],
			"to": [2.4, 20.3, 12.9],
			"rotation": {"angle": 45, "axis": "z", "origin": [7.3, 7, 9.4]},
			"faces": {
				"north": {"uv": [0, 2, 0, 0], "rotation": 180, "texture": "#0"},
				"east": {"uv": [6.5, 2.5, 4.5, 3], "rotation": 90, "texture": "#0"},
				"south": {"uv": [0, 0, 0, 2], "texture": "#0"},
				"west": {"uv": [4.5, 2.5, 6.5, 3], "rotation": 270, "texture": "#0"},
				"up": {"uv": [0, 0, 0, 0.5], "texture": "#0"},
				"down": {"uv": [0, 0, 0, 0.5], "rotation": 180, "texture": "#0"}
			}
		},
		{
			"from": [13.6, 7, 8.35],
			"to": [13.6, 20.3, 12.9],
			"rotation": {"angle": -45, "axis": "z", "origin": [8.7, 7, 9.4]},
			"faces": {
				"north": {"uv": [0, 2, 0, 0], "rotation": 180, "texture": "#0"},
				"east": {"uv": [6.5, 2.5, 4.5, 3], "rotation": 90, "texture": "#0"},
				"south": {"uv": [0, 0, 0, 2], "texture": "#0"},
				"west": {"uv": [4.5, 2.5, 6.5, 3], "rotation": 270, "texture": "#0"},
				"up": {"uv": [0, 0, 0, 0.5], "texture": "#0"},
				"down": {"uv": [0, 0, 0, 0.5], "rotation": 180, "texture": "#0"}
			}
		},
		{
			"from": [2.4, 7, 8.3535],
			"to": [8, 20.3035, 8.35],
			"rotation": {"angle": 45, "axis": "z", "origin": [7.3, 7, 9.4]},
			"faces": {
				"north": {"uv": [3, 5.5, 2, 3.5], "rotation": 180, "texture": "#0"},
				"east": {"uv": [0, 0, 2, 0], "rotation": 90, "texture": "#0"},
				"south": {"uv": [2, 5.5, 3, 3.5], "texture": "#0"},
				"west": {"uv": [0, 0, 2, 0], "rotation": 270, "texture": "#0"},
				"up": {"uv": [0, 0, 1, 0], "texture": "#0"},
				"down": {"uv": [0, 0, 1, 0], "rotation": 180, "texture": "#0"}
			}
		},
		{
			"from": [8, 7, 8.3535],
			"to": [13.6, 20.3035, 8.35],
			"rotation": {"angle": -45, "axis": "z", "origin": [8.7, 7, 9.4]},
			"faces": {
				"north": {"uv": [2, 5.5, 3, 3.5], "rotation": 180, "texture": "#0"},
				"east": {"uv": [0, 0, 2, 0], "rotation": 90, "texture": "#0"},
				"south": {"uv": [2, 5.5, 3, 3.5], "texture": "#0"},
				"west": {"uv": [0, 0, 2, 0], "rotation": 270, "texture": "#0"},
				"up": {"uv": [0, 0, 1, 0], "texture": "#0"},
				"down": {"uv": [0, 0, 1, 0], "rotation": 180, "texture": "#0"}
			}
		},
		{
			"from": [2.4, 20.3, 8.35],
			"to": [8, 20.3, 12.9],
			"rotation": {"angle": 45, "axis": "z", "origin": [7.3, 7, 9.4]},
			"faces": {
				"north": {"uv": [1, 0, 0, 0], "rotation": 180, "texture": "#0"},
				"east": {"uv": [0, 0, 0, 0.5], "rotation": 90, "texture": "#0"},
				"south": {"uv": [1, 0, 0, 0], "texture": "#0"},
				"west": {"uv": [0, 0, 0, 0.5], "rotation": 270, "texture": "#0"},
				"up": {"uv": [8, 2, 9, 2.5], "texture": "#0"},
				"down": {"uv": [9, 2, 8, 2.5], "rotation": 180, "texture": "#0"}
			}
		},
		{
			"from": [8, 20.3, 8.35],
			"to": [13.6, 20.3, 12.9],
			"rotation": {"angle": -45, "axis": "z", "origin": [8.7, 7, 9.4]},
			"faces": {
				"north": {"uv": [1, 0, 0, 0], "rotation": 180, "texture": "#0"},
				"east": {"uv": [0, 0, 0, 0.5], "rotation": 90, "texture": "#0"},
				"south": {"uv": [1, 0, 0, 0], "texture": "#0"},
				"west": {"uv": [0, 0, 0, 0.5], "rotation": 270, "texture": "#0"},
				"up": {"uv": [9, 2, 8, 2.5], "texture": "#0"},
				"down": {"uv": [8, 2, 9, 2.5], "rotation": 180, "texture": "#0"}
			}
		},
		{
			"from": [2.4, 6.9965, 8.35],
			"to": [8, 6.9965, 12.9],
			"rotation": {"angle": 45, "axis": "z", "origin": [7.3, 7, 9.4]},
			"faces": {
				"north": {"uv": [1, 0, 0, 0], "rotation": 180, "texture": "#0"},
				"east": {"uv": [0, 0, 0, 0.5], "rotation": 90, "texture": "#0"},
				"south": {"uv": [1, 0, 0, 0], "texture": "#0"},
				"west": {"uv": [0, 0, 0, 0.5], "rotation": 270, "texture": "#0"},
				"up": {"uv": [8, 2, 9, 2.5], "texture": "#0"},
				"down": {"uv": [8, 2, 9, 2.5], "rotation": 180, "texture": "#0"}
			}
		},
		{
			"from": [8, 6.9965, 8.35],
			"to": [13.6, 6.9965, 12.9],
			"rotation": {"angle": -45, "axis": "z", "origin": [8.7, 7, 9.4]},
			"faces": {
				"north": {"uv": [1, 0, 0, 0], "rotation": 180, "texture": "#0"},
				"east": {"uv": [0, 0, 0, 0.5], "rotation": 90, "texture": "#0"},
				"south": {"uv": [1, 0, 0, 0], "texture": "#0"},
				"west": {"uv": [0, 0, 0, 0.5], "rotation": 270, "texture": "#0"},
				"up": {"uv": [8, 2, 9, 2.5], "texture": "#0"},
				"down": {"uv": [8, 2, 9, 2.5], "rotation": 180, "texture": "#0"}
			}
		},
		{
			"from": [-7.925, 7, 13.775],
			"to": [5.375, 7, 19.025],
			"rotation": {"angle": -45, "axis": "z", "origin": [5.375, 7, 16.4]},
			"faces": {
				"north": {"uv": [0, 0, 2, 0], "texture": "#0"},
				"east": {"uv": [0, 0, 1, 0], "texture": "#0"},
				"south": {"uv": [0, 0, 2, 0], "texture": "#0"},
				"west": {"uv": [0, 0, 1, 0], "texture": "#0"},
				"up": {"uv": [4.5, 3.75, 3.25, 0], "rotation": 90, "texture": "#0"},
				"down": {"uv": [4.5, 3.75, 3.25, 0], "rotation": 270, "texture": "#0"}
			}
		},
		{
			"from": [10.8, 7, 13.95],
			"to": [10.8, 20.3, 19.2],
			"rotation": {"angle": -45, "axis": "z", "origin": [10.8, 7, 16.4]},
			"faces": {
				"north": {"uv": [0, 0, 2, 0], "rotation": 90, "texture": "#0"},
				"east": {"uv": [3.25, 3.75, 4.5, 0], "texture": "#0"},
				"south": {"uv": [0, 0, 2, 0], "rotation": 270, "texture": "#0"},
				"west": {"uv": [3.25, 3.75, 4.5, 0], "rotation": 180, "texture": "#0"},
				"up": {"uv": [0, 0, 1, 0], "rotation": 270, "texture": "#0"},
				"down": {"uv": [0, 0, 1, 0], "rotation": 270, "texture": "#0"}
			}
		},
		{
			"from": [3.975, 4.2, 6.25],
			"to": [12.025, 7.7, 9.4],
			"rotation": {"angle": 0, "axis": "y", "origin": [32.5, 31.5, 32.5]},
			"faces": {
				"north": {"uv": [5, 4.5, 6, 5], "texture": "#0"},
				"east": {"uv": [1, 3, 1.5, 3.5], "texture": "#0"},
				"south": {"uv": [1, 5.5, 2, 6], "texture": "#0"},
				"west": {"uv": [1, 3, 1.5, 3.5], "texture": "#0"},
				"up": {"uv": [3, 6, 2, 5.5], "texture": "#0"},
				"down": {"uv": [2, 6, 3, 5.5], "texture": "#0"}
			}
		},
		{
			"from": [10.975, 4.9, 4.85],
			"to": [18.325, 6.65, 6.6],
			"rotation": {"angle": 22.5, "axis": "z", "origin": [11.5, 7, 4.5]},
			"faces": {
				"north": {"uv": [3.5, 6.5, 4.5, 7], "texture": "#0"},
				"east": {"uv": [2, 8.5, 2.5, 9], "texture": "#0"},
				"south": {"uv": [4.5, 6.5, 5.5, 7], "texture": "#0"},
				"west": {"uv": [2.5, 8.5, 3, 9], "texture": "#0"},
				"up": {"uv": [7.5, 7, 6.5, 6.5], "texture": "#0"},
				"down": {"uv": [7.5, 0.5, 6.5, 1], "texture": "#0"}
			}
		},
		{
			"from": [-2.325, 4.9, 4.85],
			"to": [5.025, 6.65, 6.6],
			"rotation": {"angle": -22.5, "axis": "z", "origin": [4.5, 7, 4.5]},
			"faces": {
				"north": {"uv": [0, 7.5, 1, 8], "texture": "#0"},
				"east": {"uv": [4, 9, 4.5, 9.5], "texture": "#0"},
				"south": {"uv": [1, 7.5, 2, 8], "texture": "#0"},
				"west": {"uv": [4.5, 9, 5, 9.5], "texture": "#0"},
				"up": {"uv": [3, 8, 2, 7.5], "texture": "#0"},
				"down": {"uv": [4, 7.5, 3, 8], "texture": "#0"}
			}
		},
		{
			"from": [10.975, 4.9, 9.75],
			"to": [18.325, 6.65, 11.5],
			"rotation": {"angle": -22.5, "axis": "z", "origin": [11.5, 7, 11.5]},
			"faces": {
				"north": {"uv": [6.5, 6, 7.5, 6.5], "texture": "#0"},
				"east": {"uv": [8.5, 8.5, 9, 9], "texture": "#0"},
				"south": {"uv": [0.5, 7, 1.5, 7.5], "texture": "#0"},
				"west": {"uv": [8.5, 0.5, 9, 1], "texture": "#0"},
				"up": {"uv": [4, 7.5, 3, 7], "texture": "#0"},
				"down": {"uv": [5, 7, 4, 7.5], "texture": "#0"}
			}
		},
		{
			"from": [-2.325, 4.9, 9.75],
			"to": [5.025, 6.65, 11.5],
			"rotation": {"angle": 22.5, "axis": "z", "origin": [4.5, 7, 11.5]},
			"faces": {
				"north": {"uv": [7.5, 0.5, 8.5, 1], "texture": "#0"},
				"east": {"uv": [9, 3.5, 9.5, 4], "texture": "#0"},
				"south": {"uv": [7.5, 6, 8.5, 6.5], "texture": "#0"},
				"west": {"uv": [9, 4, 9.5, 4.5], "texture": "#0"},
				"up": {"uv": [8.5, 7, 7.5, 6.5], "texture": "#0"},
				"down": {"uv": [1, 8, 0, 8.5], "texture": "#0"}
			}
		},
		{
			"from": [10.975, 4.9, 15.35],
			"to": [18.325, 6.65, 17.1],
			"rotation": {"angle": -45, "axis": "z", "origin": [11.5, 7, 15]},
			"faces": {
				"north": {"uv": [7, 7, 8, 7.5], "texture": "#0"},
				"east": {"uv": [8.5, 7.5, 9, 8], "texture": "#0"},
				"south": {"uv": [7, 0, 8, 0.5], "texture": "#0"},
				"west": {"uv": [8.5, 8, 9, 8.5], "texture": "#0"},
				"up": {"uv": [8, 1.5, 7, 1], "texture": "#0"},
				"down": {"uv": [8, 1.5, 7, 2], "texture": "#0"}
			}
		},
		{
			"from": [-2.325, 4.9, 15.35],
			"to": [5.025, 6.65, 17.1],
			"rotation": {"angle": 45, "axis": "z", "origin": [4.5, 7, 15]},
			"faces": {
				"north": {"uv": [1, 8, 2, 8.5], "texture": "#0"},
				"east": {"uv": [9, 4.5, 9.5, 5], "texture": "#0"},
				"south": {"uv": [2, 8, 3, 8.5], "texture": "#0"},
				"west": {"uv": [9, 5, 9.5, 5.5], "texture": "#0"},
				"up": {"uv": [4, 8.5, 3, 8], "texture": "#0"},
				"down": {"uv": [6, 8, 5, 8.5], "texture": "#0"}
			}
		},
		{
			"from": [16.27472, 9.84972, 5.025],
			"to": [24.67473, 11.24973, 6.425],
			"rotation": {"angle": -22.5, "axis": "z", "origin": [11.5, 7, 4.5]},
			"faces": {
				"north": {"uv": [2.5, 6.5, 3, 7.5], "rotation": 90, "texture": "#0"},
				"east": {"uv": [4, 8.5, 3.5, 9], "rotation": 270, "texture": "#0"},
				"south": {"uv": [6.5, 2, 7, 3], "rotation": 270, "texture": "#0"},
				"west": {"uv": [3.5, 9, 3, 8.5], "rotation": 270, "texture": "#0"},
				"up": {"uv": [6.5, 1, 7, 2], "rotation": 270, "texture": "#0"},
				"down": {"uv": [6.5, 4, 7, 5], "rotation": 270, "texture": "#0"}
			}
		},
		{
			"from": [-8.67473, 9.84972, 5.025],
			"to": [-0.27473, 11.24973, 6.425],
			"rotation": {"angle": 22.5, "axis": "z", "origin": [4.5, 7, 4.5]},
			"faces": {
				"north": {"uv": [4, 7.5, 4.5, 8.5], "rotation": 270, "texture": "#0"},
				"east": {"uv": [5.5, 9.5, 5, 9], "rotation": 90, "texture": "#0"},
				"south": {"uv": [7, 7.5, 7.5, 8.5], "rotation": 90, "texture": "#0"},
				"west": {"uv": [6, 9, 5.5, 9.5], "rotation": 90, "texture": "#0"},
				"up": {"uv": [7.5, 7.5, 8, 8.5], "rotation": 90, "texture": "#0"},
				"down": {"uv": [4.5, 7.5, 5, 8.5], "rotation": 90, "texture": "#0"}
			}
		},
		{
			"from": [14.34973, -6.17472, 9.925],
			"to": [15.74973, 2.22528, 11.325],
			"rotation": {"angle": 22.5, "axis": "z", "origin": [11.5, 7, 11.5]},
			"faces": {
				"north": {"uv": [5, 7, 5.5, 8], "texture": "#0"},
				"east": {"uv": [5.5, 7, 6, 8], "texture": "#0"},
				"south": {"uv": [6, 7, 6.5, 8], "texture": "#0"},
				"west": {"uv": [6.5, 7, 7, 8], "texture": "#0"},
				"up": {"uv": [9, 1.5, 8.5, 1], "texture": "#0"},
				"down": {"uv": [9, 1.5, 8.5, 2], "texture": "#0"}
			}
		},
		{
			"from": [0.25027, -6.17472, 9.925],
			"to": [1.65028, 2.22528, 11.325],
			"rotation": {"angle": -22.5, "axis": "z", "origin": [4.5, 7, 11.5]},
			"faces": {
				"north": {"uv": [7.5, 2, 8, 3], "texture": "#0"},
				"east": {"uv": [7.5, 3, 8, 4], "texture": "#0"},
				"south": {"uv": [7.5, 4, 8, 5], "texture": "#0"},
				"west": {"uv": [7.5, 5, 8, 6], "texture": "#0"},
				"up": {"uv": [9.5, 3, 9, 2.5], "texture": "#0"},
				"down": {"uv": [9.5, 3, 9, 3.5], "texture": "#0"}
			}
		},
		{
			"from": [14.34973, -6.17472, 15.525],
			"to": [15.74973, 2.22528, 16.925],
			"rotation": {"angle": 0, "axis": "z", "origin": [11.5, 7, 15]},
			"faces": {
				"north": {"uv": [7, 2, 7.5, 3], "texture": "#0"},
				"east": {"uv": [7, 3, 7.5, 4], "texture": "#0"},
				"south": {"uv": [7, 4, 7.5, 5], "texture": "#0"},
				"west": {"uv": [7, 5, 7.5, 6], "texture": "#0"},
				"up": {"uv": [0.5, 9.5, 0, 9], "texture": "#0"},
				"down": {"uv": [1, 9, 0.5, 9.5], "texture": "#0"}
			}
		},
		{
			"from": [0.25027, -6.17472, 15.525],
			"to": [1.65028, 2.22528, 16.925],
			"rotation": {"angle": 0, "axis": "z", "origin": [4.5, 7, 15]},
			"faces": {
				"north": {"uv": [6, 8, 6.5, 9], "texture": "#0"},
				"east": {"uv": [6.5, 8, 7, 9], "texture": "#0"},
				"south": {"uv": [8, 8, 8.5, 9], "texture": "#0"},
				"west": {"uv": [8, 1, 8.5, 2], "texture": "#0"},
				"up": {"uv": [9.5, 6, 9, 5.5], "texture": "#0"},
				"down": {"uv": [9.5, 6, 9, 6.5], "texture": "#0"}
			}
		},
		{
			"from": [22.7, 0, 5.2],
			"to": [26.9, 1.05, 6.25],
			"rotation": {"angle": 22.5, "axis": "z", "origin": [11.5, 7, 4.5]},
			"faces": {
				"north": {"uv": [4, 8.5, 4.5, 9], "texture": "#0"},
				"east": {"uv": [4.5, 8.5, 5, 9], "texture": "#0"},
				"south": {"uv": [5, 8.5, 5.5, 9], "texture": "#0"},
				"west": {"uv": [5.5, 8.5, 6, 9], "texture": "#0"},
				"up": {"uv": [7.5, 9, 7, 8.5], "texture": "#0"},
				"down": {"uv": [8, 8.5, 7.5, 9], "texture": "#0"}
			}
		},
		{
			"from": [-10.9, 0, 5.2],
			"to": [-6.7, 1.05, 6.25],
			"rotation": {"angle": -22.5, "axis": "z", "origin": [4.5, 7, 4.5]},
			"faces": {
				"north": {"uv": [6, 9, 6.5, 9.5], "texture": "#0"},
				"east": {"uv": [6.5, 9, 7, 9.5], "texture": "#0"},
				"south": {"uv": [7, 9, 7.5, 9.5], "texture": "#0"},
				"west": {"uv": [7.5, 9, 8, 9.5], "texture": "#0"},
				"up": {"uv": [8.5, 9.5, 8, 9], "texture": "#0"},
				"down": {"uv": [9, 9, 8.5, 9.5], "texture": "#0"}
			}
		},
		{
			"from": [22.7, 0, 10.1],
			"to": [26.9, 1.05, 11.15],
			"rotation": {"angle": -22.5, "axis": "z", "origin": [11.5, 7, 11.5]},
			"faces": {
				"north": {"uv": [8.5, 4.5, 9, 5], "texture": "#0"},
				"east": {"uv": [8.5, 5, 9, 5.5], "texture": "#0"},
				"south": {"uv": [8.5, 5.5, 9, 6], "texture": "#0"},
				"west": {"uv": [8.5, 6, 9, 6.5], "texture": "#0"},
				"up": {"uv": [9, 7, 8.5, 6.5], "texture": "#0"},
				"down": {"uv": [9, 7, 8.5, 7.5], "texture": "#0"}
			}
		},
		{
			"from": [-10.9, 0, 10.1],
			"to": [-6.7, 1.05, 11.15],
			"rotation": {"angle": 22.5, "axis": "z", "origin": [4.5, 7, 11.5]},
			"faces": {
				"north": {"uv": [9, 9, 9.5, 9.5], "texture": "#0"},
				"east": {"uv": [9, 0, 9.5, 0.5], "texture": "#0"},
				"south": {"uv": [9, 0.5, 9.5, 1], "texture": "#0"},
				"west": {"uv": [9, 1, 9.5, 1.5], "texture": "#0"},
				"up": {"uv": [9.5, 2, 9, 1.5], "texture": "#0"},
				"down": {"uv": [9.5, 2, 9, 2.5], "texture": "#0"}
			}
		},
		{
			"from": [22.7, 0, 15.7],
			"to": [26.9, 1.05, 16.75],
			"rotation": {"angle": -45, "axis": "z", "origin": [11.5, 7, 15]},
			"faces": {
				"north": {"uv": [1, 9, 1.5, 9.5], "texture": "#0"},
				"east": {"uv": [1.5, 9, 2, 9.5], "texture": "#0"},
				"south": {"uv": [2, 9, 2.5, 9.5], "texture": "#0"},
				"west": {"uv": [2.5, 9, 3, 9.5], "texture": "#0"},
				"up": {"uv": [3.5, 9.5, 3, 9], "texture": "#0"},
				"down": {"uv": [4, 9, 3.5, 9.5], "texture": "#0"}
			}
		},
		{
			"from": [-10.9, 0, 15.7],
			"to": [-6.7, 1.05, 16.75],
			"rotation": {"angle": 45, "axis": "z", "origin": [4.5, 7, 15]},
			"faces": {
				"north": {"uv": [9, 6.5, 9.5, 7], "texture": "#0"},
				"east": {"uv": [9, 7, 9.5, 7.5], "texture": "#0"},
				"south": {"uv": [9, 7.5, 9.5, 8], "texture": "#0"},
				"west": {"uv": [9, 8, 9.5, 8.5], "texture": "#0"},
				"up": {"uv": [9.5, 9, 9, 8.5], "texture": "#0"},
				"down": {"uv": [0.5, 9.5, 0, 10], "texture": "#0"}
			}
		},
		{
			"from": [2.75, 4.55, -0.4],
			"to": [13.25, 8.05, 6.25],
			"rotation": {"angle": 0, "axis": "y", "origin": [32.5, 31.5, 25.5]},
			"faces": {
				"north": {"uv": [5, 1, 6.5, 1.5], "texture": "#0"},
				"east": {"uv": [5, 5.5, 6, 6], "texture": "#0"},
				"south": {"uv": [5, 1.5, 6.5, 2], "texture": "#0"},
				"west": {"uv": [5, 5.5, 6, 6], "texture": "#0"},
				"up": {"uv": [3, 1, 1.5, 0], "texture": "#0"},
				"down": {"uv": [1.5, 1, 3, 0], "texture": "#0"}
			}
		},
		{
			"from": [3.1, 5.985, 0.65],
			"to": [5.9, 8.085, 7.3],
			"rotation": {"angle": -22.5, "axis": "y", "origin": [25.5, 31.5, 25.5]},
			"faces": {
				"north": {"uv": [8, 5, 8.5, 5.5], "texture": "#0"},
				"east": {"uv": [1, 6, 2, 6.5], "texture": "#0"},
				"south": {"uv": [8, 5.5, 8.5, 6], "texture": "#0"},
				"west": {"uv": [7, 3, 6, 3.5], "texture": "#0"},
				"up": {"uv": [6, 5, 6.5, 4], "texture": "#0"},
				"down": {"uv": [3.5, 6, 3, 7], "texture": "#0"}
			}
		},
		{
			"from": [10.45, 5.985, 0.65],
			"to": [13.25, 8.085, 7.3],
			"rotation": {"angle": 22.5, "axis": "y", "origin": [-9.5, 31.5, 25.5]},
			"faces": {
				"north": {"uv": [0, 8.5, 0.5, 9], "texture": "#0"},
				"east": {"uv": [6, 3, 7, 3.5], "texture": "#0"},
				"south": {"uv": [0.5, 8.5, 1, 9], "texture": "#0"},
				"west": {"uv": [6, 3.5, 7, 4], "texture": "#0"},
				"up": {"uv": [6.5, 5, 6, 4], "texture": "#0"},
				"down": {"uv": [0.5, 6.5, 0, 7.5], "texture": "#0"}
			}
		},
		{
			"from": [14.65, 6.02, -10.55],
			"to": [16.75, 7.42, -5.3],
			"rotation": {"angle": 0, "axis": "y", "origin": [36, 31.5, 11.5]},
			"faces": {
				"north": {"uv": [8, 7, 8.5, 7.5], "texture": "#0"},
				"east": {"uv": [3.5, 6, 4.5, 6.5], "texture": "#0"},
				"south": {"uv": [8, 7.5, 8.5, 8], "texture": "#0"},
				"west": {"uv": [7, 5.5, 6, 6], "texture": "#0"},
				"up": {"uv": [1.5, 7.5, 2, 6.5], "texture": "#0"},
				"down": {"uv": [6.5, 6, 6, 7], "texture": "#0"}
			}
		},
		{
			"from": [-0.4, 6.02, -10.55],
			"to": [1.7, 7.42, -5.3],
			"rotation": {"angle": 0, "axis": "y", "origin": [-20, 31.5, 11.5]},
			"faces": {
				"north": {"uv": [1, 8.5, 1.5, 9], "texture": "#0"},
				"east": {"uv": [6, 5.5, 7, 6], "texture": "#0"},
				"south": {"uv": [1.5, 8.5, 2, 9], "texture": "#0"},
				"west": {"uv": [0.5, 6.5, 1.5, 7], "texture": "#0"},
				"up": {"uv": [2, 7.5, 1.5, 6.5], "texture": "#0"},
				"down": {"uv": [2.5, 6.5, 2, 7.5], "texture": "#0"}
			}
		}
	],
	"display": {
		"thirdperson_righthand": {
			"translation": [0, 5.75, 0]
		},
		"thirdperson_lefthand": {
			"translation": [0, 5.75, 0]
		},
		"firstperson_righthand": {
			"translation": [0, 7.75, 0]
		},
		"firstperson_lefthand": {
			"translation": [0, 7.75, 0]
		},
		"ground": {
			"translation": [0, 5.75, 0]
		},
		"gui": {
			"rotation": [78.75, 66, 0],
			"translation": [0.5, 2.75, 0],
			"scale": [1.20313, 1, 1.38477]
		},
		"head": {
			"translation": [0, -33, -3.75],
			"scale": [1.5, 1.5, 1.5]
		},
		"fixed": {
			"rotation": [-90, -180, 0],
			"translation": [0, 1.75, -31.75],
			"scale": [4, 4, 4]
		}
	}
}