{
	"credit": "Made with Blockbench",
	"texture_size": [32, 32],
	"textures": {
		"0": "custom/elitecreatures/insect/stagbeetle",
		"particle": "custom/elitecreatures/insect/stagbeetle"
	},
	"elements": [
		{
			"from": [6.04, 1.4, 8.56],
			"to": [9.96, 2.674, 13.74],
			"rotation": {"angle": 0, "axis": "y", "origin": [17.8, 12.6, 20.6]},
			"faces": {
				"north": {"uv": [1.5, 1, 3, 1.5], "texture": "#0"},
				"east": {"uv": [5.5, 3, 4.75, 3.5], "texture": "#0"},
				"south": {"uv": [5, 0.5, 6.5, 1], "texture": "#0"},
				"west": {"uv": [4.75, 3, 5.5, 3.5], "texture": "#0"},
				"up": {"uv": [3, 1.5, 1.5, 3.5], "texture": "#0"},
				"down": {"uv": [3, 1.5, 1.5, 3.5], "texture": "#0"}
			}
		},
		{
			"from": [5.76, 1.4, 8.56],
			"to": [5.76, 3.22, 13.88],
			"rotation": {"angle": 0, "axis": "y", "origin": [17.8, 12.6, 20.6]},
			"faces": {
				"north": {"uv": [0, 0, 0, 0.5], "texture": "#0"},
				"east": {"uv": [6.5, 2.5, 4.5, 3], "texture": "#0"},
				"south": {"uv": [0, 0, 0, 0.5], "texture": "#0"},
				"west": {"uv": [4.5, 2.5, 6.5, 3], "texture": "#0"},
				"up": {"uv": [0, 2, 0, 0], "texture": "#0"},
				"down": {"uv": [0, 0, 0, 2], "texture": "#0"}
			}
		},
		{
			"from": [10.24, 1.4, 8.56],
			"to": [10.24, 3.22, 13.88],
			"rotation": {"angle": 0, "axis": "y", "origin": [-1.8, 12.6, 20.6]},
			"faces": {
				"north": {"uv": [0, 0, 0, 0.5], "texture": "#0"},
				"east": {"uv": [6.5, 2.5, 4.5, 3], "texture": "#0"},
				"south": {"uv": [0, 0, 0, 0.5], "texture": "#0"},
				"west": {"uv": [4.5, 2.5, 6.5, 3], "texture": "#0"},
				"up": {"uv": [0, 2, 0, 0], "texture": "#0"},
				"down": {"uv": [0, 0, 0, 2], "texture": "#0"}
			}
		},
		{
			"from": [5.76, 3.22, 8.56],
			"to": [8, 3.2186, 13.8814],
			"rotation": {"angle": 0, "axis": "y", "origin": [17.8, 12.6, 20.6]},
			"faces": {
				"north": {"uv": [0, 0, 1, 0], "texture": "#0"},
				"east": {"uv": [0, 0, 2, 0], "texture": "#0"},
				"south": {"uv": [0, 0, 1, 0], "texture": "#0"},
				"west": {"uv": [0, 0, 2, 0], "texture": "#0"},
				"up": {"uv": [3, 5.5, 2, 3.5], "texture": "#0"},
				"down": {"uv": [2, 5.5, 3, 3.5], "texture": "#0"}
			}
		},
		{
			"from": [8, 3.22, 8.56],
			"to": [10.24, 3.2186, 13.8814],
			"rotation": {"angle": 0, "axis": "y", "origin": [-1.8, 12.6, 20.6]},
			"faces": {
				"north": {"uv": [0, 0, 1, 0], "texture": "#0"},
				"east": {"uv": [0, 0, 2, 0], "texture": "#0"},
				"south": {"uv": [0, 0, 1, 0], "texture": "#0"},
				"west": {"uv": [0, 0, 2, 0], "texture": "#0"},
				"up": {"uv": [2, 5.5, 3, 3.5], "texture": "#0"},
				"down": {"uv": [2, 5.5, 3, 3.5], "texture": "#0"}
			}
		},
		{
			"from": [5.76, 1.4, 13.88],
			"to": [8, 3.22, 13.88],
			"rotation": {"angle": 0, "axis": "y", "origin": [17.8, 12.6, 20.6]},
			"faces": {
				"north": {"uv": [9, 2, 8, 2.5], "texture": "#0"},
				"east": {"uv": [0, 0, 0, 0.5], "texture": "#0"},
				"south": {"uv": [8, 2, 9, 2.5], "texture": "#0"},
				"west": {"uv": [0, 0, 0, 0.5], "texture": "#0"},
				"up": {"uv": [1, 0, 0, 0], "texture": "#0"},
				"down": {"uv": [1, 0, 0, 0], "texture": "#0"}
			}
		},
		{
			"from": [8, 1.4, 13.88],
			"to": [10.24, 3.22, 13.88],
			"rotation": {"angle": 0, "axis": "y", "origin": [-1.8, 12.6, 20.6]},
			"faces": {
				"north": {"uv": [8, 2, 9, 2.5], "texture": "#0"},
				"east": {"uv": [0, 0, 0, 0.5], "texture": "#0"},
				"south": {"uv": [9, 2, 8, 2.5], "texture": "#0"},
				"west": {"uv": [0, 0, 0, 0.5], "texture": "#0"},
				"up": {"uv": [1, 0, 0, 0], "texture": "#0"},
				"down": {"uv": [1, 0, 0, 0], "texture": "#0"}
			}
		},
		{
			"from": [5.76, 1.4, 8.5586],
			"to": [8, 3.22, 8.5586],
			"rotation": {"angle": 0, "axis": "y", "origin": [17.8, 12.6, 15.2786]},
			"faces": {
				"north": {"uv": [8, 2, 9, 2.5], "texture": "#0"},
				"east": {"uv": [0, 0, 0, 0.5], "texture": "#0"},
				"south": {"uv": [8, 2, 9, 2.5], "texture": "#0"},
				"west": {"uv": [0, 0, 0, 0.5], "texture": "#0"},
				"up": {"uv": [1, 0, 0, 0], "texture": "#0"},
				"down": {"uv": [1, 0, 0, 0], "texture": "#0"}
			}
		},
		{
			"from": [8, 1.4, 8.5586],
			"to": [10.24, 3.22, 8.5586],
			"rotation": {"angle": 0, "axis": "y", "origin": [-1.8, 12.6, 15.2786]},
			"faces": {
				"north": {"uv": [8, 2, 9, 2.5], "texture": "#0"},
				"east": {"uv": [0, 0, 0, 0.5], "texture": "#0"},
				"south": {"uv": [8, 2, 9, 2.5], "texture": "#0"},
				"west": {"uv": [0, 0, 0, 0.5], "texture": "#0"},
				"up": {"uv": [1, 0, 0, 0], "texture": "#0"},
				"down": {"uv": [1, 0, 0, 0], "texture": "#0"}
			}
		},
		{
			"from": [5.9, 2.8, 8.56],
			"to": [8, 2.8, 13.88],
			"rotation": {"angle": 0, "axis": "y", "origin": [17.8, 14, 20.6]},
			"faces": {
				"north": {"uv": [0, 0, 1, 0], "texture": "#0"},
				"east": {"uv": [0, 0, 2, 0], "texture": "#0"},
				"south": {"uv": [0, 0, 1, 0], "texture": "#0"},
				"west": {"uv": [0, 0, 2, 0], "texture": "#0"},
				"up": {"uv": [4.5, 3.75, 3.25, 0], "texture": "#0"},
				"down": {"uv": [4.5, 3.75, 3.25, 0], "texture": "#0"}
			}
		},
		{
			"from": [8, 2.8, 8.56],
			"to": [10.1, 2.8, 13.88],
			"rotation": {"angle": 0, "axis": "y", "origin": [-1.8, 14, 20.6]},
			"faces": {
				"north": {"uv": [0, 0, 1, 0], "texture": "#0"},
				"east": {"uv": [0, 0, 2, 0], "texture": "#0"},
				"south": {"uv": [0, 0, 1, 0], "texture": "#0"},
				"west": {"uv": [0, 0, 2, 0], "texture": "#0"},
				"up": {"uv": [3.25, 3.75, 4.5, 0], "texture": "#0"},
				"down": {"uv": [3.25, 3.75, 4.5, 0], "texture": "#0"}
			}
		},
		{
			"from": [6.39, 1.68, 7.3],
			"to": [9.61, 3.08, 8.56],
			"rotation": {"angle": 0, "axis": "y", "origin": [17.8, 12.6, 17.8]},
			"faces": {
				"north": {"uv": [5, 4.5, 6, 5], "texture": "#0"},
				"east": {"uv": [1, 3, 1.5, 3.5], "texture": "#0"},
				"south": {"uv": [1, 5.5, 2, 6], "texture": "#0"},
				"west": {"uv": [1, 3, 1.5, 3.5], "texture": "#0"},
				"up": {"uv": [3, 6, 2, 5.5], "texture": "#0"},
				"down": {"uv": [2, 6, 3, 5.5], "texture": "#0"}
			}
		},
		{
			"from": [9.19, 1.96, 7.16],
			"to": [12.13, 2.66, 7.86],
			"rotation": {"angle": 0, "axis": "y", "origin": [20.6, 12.6, 17.8]},
			"faces": {
				"north": {"uv": [3.5, 6.5, 4.5, 7], "texture": "#0"},
				"east": {"uv": [2, 8.5, 2.5, 9], "texture": "#0"},
				"south": {"uv": [4.5, 6.5, 5.5, 7], "texture": "#0"},
				"west": {"uv": [2.5, 8.5, 3, 9], "texture": "#0"},
				"up": {"uv": [7.5, 7, 6.5, 6.5], "texture": "#0"},
				"down": {"uv": [7.5, 0.5, 6.5, 1], "texture": "#0"}
			}
		},
		{
			"from": [3.87, 1.96, 6.32],
			"to": [6.81, 2.66, 7.02],
			"rotation": {"angle": 0, "axis": "y", "origin": [-4.6, 12.6, 17.8]},
			"faces": {
				"north": {"uv": [0, 7.5, 1, 8], "texture": "#0"},
				"east": {"uv": [4, 9, 4.5, 9.5], "texture": "#0"},
				"south": {"uv": [1, 7.5, 2, 8], "texture": "#0"},
				"west": {"uv": [4.5, 9, 5, 9.5], "texture": "#0"},
				"up": {"uv": [3, 8, 2, 7.5], "texture": "#0"},
				"down": {"uv": [4, 7.5, 3, 8], "texture": "#0"}
			}
		},
		{
			"from": [9.19, 1.96, 8.28],
			"to": [12.13, 2.66, 8.98],
			"rotation": {"angle": 0, "axis": "y", "origin": [20.6, 12.6, 20.6]},
			"faces": {
				"north": {"uv": [6.5, 6, 7.5, 6.5], "texture": "#0"},
				"east": {"uv": [8.5, 8.5, 9, 9], "texture": "#0"},
				"south": {"uv": [0.5, 7, 1.5, 7.5], "texture": "#0"},
				"west": {"uv": [8.5, 0.5, 9, 1], "texture": "#0"},
				"up": {"uv": [4, 7.5, 3, 7], "texture": "#0"},
				"down": {"uv": [5, 7, 4, 7.5], "texture": "#0"}
			}
		},
		{
			"from": [3.87, 1.96, 9.12],
			"to": [6.81, 2.66, 9.82],
			"rotation": {"angle": 0, "axis": "y", "origin": [-4.6, 12.6, 20.6]},
			"faces": {
				"north": {"uv": [7.5, 0.5, 8.5, 1], "texture": "#0"},
				"east": {"uv": [9, 3.5, 9.5, 4], "texture": "#0"},
				"south": {"uv": [7.5, 6, 8.5, 6.5], "texture": "#0"},
				"west": {"uv": [9, 4, 9.5, 4.5], "texture": "#0"},
				"up": {"uv": [8.5, 7, 7.5, 6.5], "texture": "#0"},
				"down": {"uv": [1, 8, 0, 8.5], "texture": "#0"}
			}
		},
		{
			"from": [9.19, 1.96, 11.36],
			"to": [12.13, 2.66, 12.06],
			"rotation": {"angle": 0, "axis": "y", "origin": [20.6, 12.6, 22]},
			"faces": {
				"north": {"uv": [7, 7, 8, 7.5], "texture": "#0"},
				"east": {"uv": [8.5, 7.5, 9, 8], "texture": "#0"},
				"south": {"uv": [7, 0, 8, 0.5], "texture": "#0"},
				"west": {"uv": [8.5, 8, 9, 8.5], "texture": "#0"},
				"up": {"uv": [8, 1.5, 7, 1], "texture": "#0"},
				"down": {"uv": [8, 1.5, 7, 2], "texture": "#0"}
			}
		},
		{
			"from": [3.87, 1.96, 10.52],
			"to": [6.81, 2.66, 11.22],
			"rotation": {"angle": 0, "axis": "y", "origin": [-4.6, 12.6, 22]},
			"faces": {
				"north": {"uv": [1, 8, 2, 8.5], "texture": "#0"},
				"east": {"uv": [9, 4.5, 9.5, 5], "texture": "#0"},
				"south": {"uv": [2, 8, 3, 8.5], "texture": "#0"},
				"west": {"uv": [9, 5, 9.5, 5.5], "texture": "#0"},
				"up": {"uv": [4, 8.5, 3, 8], "texture": "#0"},
				"down": {"uv": [6, 8, 5, 8.5], "texture": "#0"}
			}
		},
		{
			"from": [11.36, -0.49, 7.23],
			"to": [11.92, 2.87, 7.79],
			"rotation": {"angle": 45, "axis": "z", "origin": [12.2, 2.8, 6.6]},
			"faces": {
				"north": {"uv": [2.5, 6.5, 3, 7.5], "texture": "#0"},
				"east": {"uv": [6.5, 1, 7, 2], "texture": "#0"},
				"south": {"uv": [6.5, 2, 7, 3], "texture": "#0"},
				"west": {"uv": [6.5, 4, 7, 5], "texture": "#0"},
				"up": {"uv": [3.5, 9, 3, 8.5], "texture": "#0"},
				"down": {"uv": [4, 8.5, 3.5, 9], "texture": "#0"}
			}
		},
		{
			"from": [4.08, -0.49, 6.39],
			"to": [4.64, 2.87, 6.95],
			"rotation": {"angle": -45, "axis": "z", "origin": [3.8, 2.8, 6.6]},
			"faces": {
				"north": {"uv": [4, 7.5, 4.5, 8.5], "texture": "#0"},
				"east": {"uv": [4.5, 7.5, 5, 8.5], "texture": "#0"},
				"south": {"uv": [7, 7.5, 7.5, 8.5], "texture": "#0"},
				"west": {"uv": [7.5, 7.5, 8, 8.5], "texture": "#0"},
				"up": {"uv": [5.5, 9.5, 5, 9], "texture": "#0"},
				"down": {"uv": [6, 9, 5.5, 9.5], "texture": "#0"}
			}
		},
		{
			"from": [11.36, -0.49, 8.35],
			"to": [11.92, 2.87, 8.91],
			"rotation": {"angle": 45, "axis": "z", "origin": [12.2, 2.8, 9.4]},
			"faces": {
				"north": {"uv": [5, 7, 5.5, 8], "texture": "#0"},
				"east": {"uv": [5.5, 7, 6, 8], "texture": "#0"},
				"south": {"uv": [6, 7, 6.5, 8], "texture": "#0"},
				"west": {"uv": [6.5, 7, 7, 8], "texture": "#0"},
				"up": {"uv": [9, 1.5, 8.5, 1], "texture": "#0"},
				"down": {"uv": [9, 1.5, 8.5, 2], "texture": "#0"}
			}
		},
		{
			"from": [4.08, -0.49, 9.19],
			"to": [4.64, 2.87, 9.75],
			"rotation": {"angle": -45, "axis": "z", "origin": [3.8, 2.8, 9.4]},
			"faces": {
				"north": {"uv": [7.5, 2, 8, 3], "texture": "#0"},
				"east": {"uv": [7.5, 3, 8, 4], "texture": "#0"},
				"south": {"uv": [7.5, 4, 8, 5], "texture": "#0"},
				"west": {"uv": [7.5, 5, 8, 6], "texture": "#0"},
				"up": {"uv": [9.5, 3, 9, 2.5], "texture": "#0"},
				"down": {"uv": [9.5, 3, 9, 3.5], "texture": "#0"}
			}
		},
		{
			"from": [11.36, -0.49, 11.43],
			"to": [11.92, 2.87, 11.99],
			"rotation": {"angle": 45, "axis": "z", "origin": [12.2, 2.8, 10.8]},
			"faces": {
				"north": {"uv": [7, 2, 7.5, 3], "texture": "#0"},
				"east": {"uv": [7, 3, 7.5, 4], "texture": "#0"},
				"south": {"uv": [7, 4, 7.5, 5], "texture": "#0"},
				"west": {"uv": [7, 5, 7.5, 6], "texture": "#0"},
				"up": {"uv": [0.5, 9.5, 0, 9], "texture": "#0"},
				"down": {"uv": [1, 9, 0.5, 9.5], "texture": "#0"}
			}
		},
		{
			"from": [4.08, -0.49, 10.59],
			"to": [4.64, 2.87, 11.15],
			"rotation": {"angle": -45, "axis": "z", "origin": [3.8, 2.8, 10.8]},
			"faces": {
				"north": {"uv": [6, 8, 6.5, 9], "texture": "#0"},
				"east": {"uv": [6.5, 8, 7, 9], "texture": "#0"},
				"south": {"uv": [8, 8, 8.5, 9], "texture": "#0"},
				"west": {"uv": [8, 1, 8.5, 2], "texture": "#0"},
				"up": {"uv": [9.5, 6, 9, 5.5], "texture": "#0"},
				"down": {"uv": [9.5, 6, 9, 6.5], "texture": "#0"}
			}
		},
		{
			"from": [13.88, 0, 7.3],
			"to": [15.56, 0.42, 7.72],
			"rotation": {"angle": 0, "axis": "z", "origin": [12.2, 0, 6.6]},
			"faces": {
				"north": {"uv": [4, 8.5, 4.5, 9], "texture": "#0"},
				"east": {"uv": [4.5, 8.5, 5, 9], "texture": "#0"},
				"south": {"uv": [5, 8.5, 5.5, 9], "texture": "#0"},
				"west": {"uv": [5.5, 8.5, 6, 9], "texture": "#0"},
				"up": {"uv": [7.5, 9, 7, 8.5], "texture": "#0"},
				"down": {"uv": [8, 8.5, 7.5, 9], "texture": "#0"}
			}
		},
		{
			"from": [0.44, 0, 6.46],
			"to": [2.12, 0.42, 6.88],
			"rotation": {"angle": 0, "axis": "z", "origin": [3.8, 0, 6.6]},
			"faces": {
				"north": {"uv": [6, 9, 6.5, 9.5], "texture": "#0"},
				"east": {"uv": [6.5, 9, 7, 9.5], "texture": "#0"},
				"south": {"uv": [7, 9, 7.5, 9.5], "texture": "#0"},
				"west": {"uv": [7.5, 9, 8, 9.5], "texture": "#0"},
				"up": {"uv": [8.5, 9.5, 8, 9], "texture": "#0"},
				"down": {"uv": [9, 9, 8.5, 9.5], "texture": "#0"}
			}
		},
		{
			"from": [13.88, 0, 8.42],
			"to": [15.56, 0.42, 8.84],
			"rotation": {"angle": 0, "axis": "z", "origin": [12.2, 0, 9.4]},
			"faces": {
				"north": {"uv": [8.5, 4.5, 9, 5], "texture": "#0"},
				"east": {"uv": [8.5, 5, 9, 5.5], "texture": "#0"},
				"south": {"uv": [8.5, 5.5, 9, 6], "texture": "#0"},
				"west": {"uv": [8.5, 6, 9, 6.5], "texture": "#0"},
				"up": {"uv": [9, 7, 8.5, 6.5], "texture": "#0"},
				"down": {"uv": [9, 7, 8.5, 7.5], "texture": "#0"}
			}
		},
		{
			"from": [0.44, 0, 9.26],
			"to": [2.12, 0.42, 9.68],
			"rotation": {"angle": 0, "axis": "z", "origin": [3.8, 0, 9.4]},
			"faces": {
				"north": {"uv": [9, 9, 9.5, 9.5], "texture": "#0"},
				"east": {"uv": [9, 0, 9.5, 0.5], "texture": "#0"},
				"south": {"uv": [9, 0.5, 9.5, 1], "texture": "#0"},
				"west": {"uv": [9, 1, 9.5, 1.5], "texture": "#0"},
				"up": {"uv": [9.5, 2, 9, 1.5], "texture": "#0"},
				"down": {"uv": [9.5, 2, 9, 2.5], "texture": "#0"}
			}
		},
		{
			"from": [13.88, 0, 11.5],
			"to": [15.56, 0.42, 11.92],
			"rotation": {"angle": 0, "axis": "z", "origin": [12.2, 0, 10.8]},
			"faces": {
				"north": {"uv": [1, 9, 1.5, 9.5], "texture": "#0"},
				"east": {"uv": [1.5, 9, 2, 9.5], "texture": "#0"},
				"south": {"uv": [2, 9, 2.5, 9.5], "texture": "#0"},
				"west": {"uv": [2.5, 9, 3, 9.5], "texture": "#0"},
				"up": {"uv": [3.5, 9.5, 3, 9], "texture": "#0"},
				"down": {"uv": [4, 9, 3.5, 9.5], "texture": "#0"}
			}
		},
		{
			"from": [0.44, 0, 10.66],
			"to": [2.12, 0.42, 11.08],
			"rotation": {"angle": 0, "axis": "z", "origin": [3.8, 0, 10.8]},
			"faces": {
				"north": {"uv": [9, 6.5, 9.5, 7], "texture": "#0"},
				"east": {"uv": [9, 7, 9.5, 7.5], "texture": "#0"},
				"south": {"uv": [9, 7.5, 9.5, 8], "texture": "#0"},
				"west": {"uv": [9, 8, 9.5, 8.5], "texture": "#0"},
				"up": {"uv": [9.5, 9, 9, 8.5], "texture": "#0"},
				"down": {"uv": [0.5, 9.5, 0, 10], "texture": "#0"}
			}
		},
		{
			"from": [5.9, 1.82, 4.64],
			"to": [10.1, 3.22, 7.3],
			"rotation": {"angle": 0, "axis": "y", "origin": [17.8, 12.6, 15]},
			"faces": {
				"north": {"uv": [5, 1, 6.5, 1.5], "texture": "#0"},
				"east": {"uv": [5, 5.5, 6, 6], "texture": "#0"},
				"south": {"uv": [5, 1.5, 6.5, 2], "texture": "#0"},
				"west": {"uv": [5, 5.5, 6, 6], "texture": "#0"},
				"up": {"uv": [3, 1, 1.5, 0], "texture": "#0"},
				"down": {"uv": [1.5, 1, 3, 0], "texture": "#0"}
			}
		},
		{
			"from": [6.04, 2.394, 5.06],
			"to": [7.16, 3.234, 7.72],
			"rotation": {"angle": -22.5, "axis": "y", "origin": [15, 12.6, 15]},
			"faces": {
				"north": {"uv": [8, 5, 8.5, 5.5], "texture": "#0"},
				"east": {"uv": [1, 6, 2, 6.5], "texture": "#0"},
				"south": {"uv": [8, 5.5, 8.5, 6], "texture": "#0"},
				"west": {"uv": [7, 3, 6, 3.5], "texture": "#0"},
				"up": {"uv": [6, 5, 6.5, 4], "texture": "#0"},
				"down": {"uv": [3.5, 6, 3, 7], "texture": "#0"}
			}
		},
		{
			"from": [8.98, 2.394, 5.06],
			"to": [10.1, 3.234, 7.72],
			"rotation": {"angle": 22.5, "axis": "y", "origin": [1, 12.6, 15]},
			"faces": {
				"north": {"uv": [0, 8.5, 0.5, 9], "texture": "#0"},
				"east": {"uv": [6, 3, 7, 3.5], "texture": "#0"},
				"south": {"uv": [0.5, 8.5, 1, 9], "texture": "#0"},
				"west": {"uv": [6, 3.5, 7, 4], "texture": "#0"},
				"up": {"uv": [6.5, 5, 6, 4], "texture": "#0"},
				"down": {"uv": [0.5, 6.5, 0, 7.5], "texture": "#0"}
			}
		},
		{
			"from": [10.66, 2.408, 0.58],
			"to": [11.5, 2.968, 2.68],
			"rotation": {"angle": 0, "axis": "y", "origin": [19.2, 12.6, 9.4]},
			"faces": {
				"north": {"uv": [8, 7, 8.5, 7.5], "texture": "#0"},
				"east": {"uv": [3.5, 6, 4.5, 6.5], "texture": "#0"},
				"south": {"uv": [8, 7.5, 8.5, 8], "texture": "#0"},
				"west": {"uv": [7, 5.5, 6, 6], "texture": "#0"},
				"up": {"uv": [1.5, 7.5, 2, 6.5], "texture": "#0"},
				"down": {"uv": [6.5, 6, 6, 7], "texture": "#0"}
			}
		},
		{
			"from": [4.64, 2.408, 0.58],
			"to": [5.48, 2.968, 2.68],
			"rotation": {"angle": 0, "axis": "y", "origin": [-3.2, 12.6, 9.4]},
			"faces": {
				"north": {"uv": [1, 8.5, 1.5, 9], "texture": "#0"},
				"east": {"uv": [6, 5.5, 7, 6], "texture": "#0"},
				"south": {"uv": [1.5, 8.5, 2, 9], "texture": "#0"},
				"west": {"uv": [0.5, 6.5, 1.5, 7], "texture": "#0"},
				"up": {"uv": [2, 7.5, 1.5, 6.5], "texture": "#0"},
				"down": {"uv": [2.5, 6.5, 2, 7.5], "texture": "#0"}
			}
		}
	],
	"display": {
		"thirdperson_righthand": {
			"translation": [0, 5.75, 0]
		},
		"thirdperson_lefthand": {
			"translation": [0, 5.75, 0]
		},
		"firstperson_righthand": {
			"translation": [0, 7.75, 0]
		},
		"firstperson_lefthand": {
			"translation": [0, 7.75, 0]
		},
		"ground": {
			"translation": [0, 5.75, 0]
		},
		"gui": {
			"rotation": [78.75, 66, 0],
			"translation": [0.5, 2.75, 0],
			"scale": [1.20313, 1, 1.38477]
		},
		"head": {
			"translation": [0, -33, -3.75],
			"scale": [1.5, 1.5, 1.5]
		},
		"fixed": {
			"rotation": [-90, -180, 0],
			"translation": [0, 1.75, -31.75],
			"scale": [4, 4, 4]
		}
	}
}