{
	"credit": "Made with Blockbench",
	"textures": {
		"0": "custom/elitecreatures/insect/termiteworker",
		"particle": "custom/elitecreatures/insect/termiteworker"
	},
	"elements": [
		{
			"name": "Box1",
			"from": [8.4356, -0.22, 4.75],
			"to": [9.39788, 0.03982, 5.00982],
			"rotation": {"angle": 45, "axis": "z", "origin": [8.4356, -0.22, 4.7]},
			"faces": {
				"north": {"uv": [5, 5, 6, 6], "texture": "#0"},
				"east": {"uv": [5, 0, 6, 1], "texture": "#0"},
				"south": {"uv": [5, 1, 6, 2], "texture": "#0"},
				"west": {"uv": [5, 2, 6, 3], "texture": "#0"},
				"up": {"uv": [6, 4, 5, 3], "texture": "#0"},
				"down": {"uv": [6, 4, 5, 5], "texture": "#0"}
			}
		},
		{
			"name": "Box2",
			"from": [7.56, -0.05, 5.7],
			"to": [8.56, 0.95, 6.87128],
			"rotation": {"angle": 0, "axis": "x", "origin": [8.56, -0.33, 6.57]},
			"faces": {
				"north": {"uv": [0, 6, 1, 7], "texture": "#0"},
				"east": {"uv": [1, 6, 2, 7], "texture": "#0"},
				"south": {"uv": [2, 6, 3, 7], "texture": "#0"},
				"west": {"uv": [2, 6, 1, 7], "texture": "#0"},
				"up": {"uv": [5, 7, 4, 6], "texture": "#0"},
				"down": {"uv": [5, 6, 4, 7], "texture": "#0"}
			}
		},
		{
			"name": "Box2",
			"from": [7.6, 0.5, 3.2],
			"to": [8.6, 1.5, 4.7],
			"rotation": {"angle": -22.5, "axis": "x", "origin": [7.70124, 1.011, 4.831]},
			"faces": {
				"north": {"uv": [6, 6, 7, 7], "texture": "#0"},
				"east": {"uv": [0, 0, 2, 1], "texture": "#0"},
				"south": {"uv": [6, 0, 7, 1], "texture": "#0"},
				"west": {"uv": [2, 0, 0, 1], "texture": "#0"},
				"up": {"uv": [1, 4, 0, 2], "texture": "#0"},
				"down": {"uv": [1, 4, 0, 2], "texture": "#0"}
			}
		},
		{
			"name": "Box2",
			"from": [7.7, 0, 4.5],
			"to": [8.5, 0.9, 5.7],
			"rotation": {"angle": 0, "axis": "x", "origin": [7.78, -0.22, 4.7]},
			"faces": {
				"north": {"uv": [6, 1, 7, 2], "texture": "#0"},
				"east": {"uv": [6, 2, 7, 3], "texture": "#0"},
				"south": {"uv": [6, 3, 7, 4], "texture": "#0"},
				"west": {"uv": [7, 2, 6, 3], "texture": "#0"},
				"up": {"uv": [7, 6, 6, 5], "texture": "#0"},
				"down": {"uv": [6, 5, 7, 6], "texture": "#0"}
			}
		},
		{
			"name": "Box4",
			"from": [7.7, 0.2, 3.2],
			"to": [8.5, 0.6, 3.7],
			"rotation": {"angle": -22.5, "axis": "x", "origin": [7.78, -0.22, 3.7]},
			"faces": {
				"north": {"uv": [1, 7, 2, 8], "texture": "#0"},
				"east": {"uv": [2, 7, 3, 8], "texture": "#0"},
				"south": {"uv": [3, 7, 4, 8], "texture": "#0"},
				"west": {"uv": [2, 7, 3, 8], "texture": "#0"},
				"up": {"uv": [6, 8, 5, 7], "texture": "#0"},
				"down": {"uv": [6, 7, 5, 8], "texture": "#0"}
			}
		},
		{
			"name": "Box2",
			"from": [7.65, 0, 6.70711],
			"to": [8.511, 0.861, 7.48416],
			"rotation": {"angle": 0, "axis": "x", "origin": [8.56, -0.33, 6.57]},
			"faces": {
				"north": {"uv": [7, 7, 8, 8], "texture": "#0"},
				"east": {"uv": [7, 0, 8, 1], "texture": "#0"},
				"south": {"uv": [7, 1, 8, 2], "texture": "#0"},
				"west": {"uv": [7, 0, 8, 1], "texture": "#0"},
				"up": {"uv": [8, 4, 7, 3], "texture": "#0"},
				"down": {"uv": [8, 3, 7, 4], "texture": "#0"}
			}
		},
		{
			"name": "Box1",
			"from": [7.79804, 1.65, 3.4],
			"to": [7.86257, 1.71453, 4.10862],
			"rotation": {"angle": 0, "axis": "y", "origin": [8, 8.04, 8]},
			"faces": {
				"north": {"uv": [7, 5, 8, 6], "texture": "#0"},
				"east": {"uv": [11, 0, 12, 1], "texture": "#0"},
				"south": {"uv": [0, 8, 1, 9], "texture": "#0"},
				"west": {"uv": [11, 0, 12, 1], "texture": "#0"},
				"up": {"uv": [11, 0, 12, 1], "rotation": 90, "texture": "#0"},
				"down": {"uv": [11, 0, 12, 1], "rotation": 270, "texture": "#0"}
			}
		},
		{
			"name": "Box1",
			"from": [8.4356, -0.22, 6],
			"to": [9.39788, 0.03982, 6.25982],
			"rotation": {"angle": 45, "axis": "z", "origin": [8.4356, -0.22, 4.59]},
			"faces": {
				"north": {"uv": [4, 8, 5, 9], "texture": "#0"},
				"east": {"uv": [5, 8, 6, 9], "texture": "#0"},
				"south": {"uv": [6, 8, 7, 9], "texture": "#0"},
				"west": {"uv": [7, 8, 8, 9], "texture": "#0"},
				"up": {"uv": [9, 9, 8, 8], "texture": "#0"},
				"down": {"uv": [9, 0, 8, 1], "texture": "#0"}
			}
		},
		{
			"name": "Box1",
			"from": [8.4356, -0.22, 5],
			"to": [9.39788, 0.03982, 5.25982],
			"rotation": {"angle": 45, "axis": "z", "origin": [8.4356, -0.22, 4.59]},
			"faces": {
				"north": {"uv": [3, 2, 4, 3], "texture": "#0"},
				"east": {"uv": [4, 0, 5, 1], "texture": "#0"},
				"south": {"uv": [4, 1, 5, 2], "texture": "#0"},
				"west": {"uv": [4, 2, 5, 3], "texture": "#0"},
				"up": {"uv": [5, 4, 4, 3], "texture": "#0"},
				"down": {"uv": [4, 5, 3, 6], "texture": "#0"}
			}
		},
		{
			"name": "Box1",
			"from": [7.12, 0.44, 4.5],
			"to": [8.08228, 0.69982, 4.75982],
			"rotation": {"angle": -45, "axis": "z", "origin": [7.12, 0.44, 4.7]},
			"faces": {
				"north": {"uv": [8, 1, 9, 2], "texture": "#0"},
				"east": {"uv": [8, 2, 9, 3], "texture": "#0"},
				"south": {"uv": [8, 3, 9, 4], "texture": "#0"},
				"west": {"uv": [8, 4, 9, 5], "texture": "#0"},
				"up": {"uv": [9, 6, 8, 5], "texture": "#0"},
				"down": {"uv": [9, 6, 8, 7], "texture": "#0"}
			}
		},
		{
			"name": "Box1",
			"from": [7.12, 0.44, 5.2],
			"to": [8.08228, 0.69982, 5.45982],
			"rotation": {"angle": -45, "axis": "z", "origin": [7.12, 0.44, 5.14]},
			"faces": {
				"north": {"uv": [8, 7, 9, 8], "texture": "#0"},
				"east": {"uv": [0, 9, 1, 10], "texture": "#0"},
				"south": {"uv": [1, 9, 2, 10], "texture": "#0"},
				"west": {"uv": [2, 9, 3, 10], "texture": "#0"},
				"up": {"uv": [4, 10, 3, 9], "texture": "#0"},
				"down": {"uv": [5, 9, 4, 10], "texture": "#0"}
			}
		},
		{
			"name": "Box1",
			"from": [8.94345, -0.726, 4.78],
			"to": [9.13285, 0.49629, 4.9694],
			"rotation": {"angle": 22.5, "axis": "z", "origin": [8.88, 0.33, 5.36]},
			"faces": {
				"north": {"uv": [5, 9, 6, 10], "texture": "#0"},
				"east": {"uv": [6, 9, 7, 10], "texture": "#0"},
				"south": {"uv": [7, 9, 8, 10], "texture": "#0"},
				"west": {"uv": [8, 9, 9, 10], "texture": "#0"},
				"up": {"uv": [10, 10, 9, 9], "texture": "#0"},
				"down": {"uv": [10, 0, 9, 1], "texture": "#0"}
			}
		},
		{
			"name": "Box1",
			"from": [7.12, 0.44, 5.45],
			"to": [8.08228, 0.69982, 5.70982],
			"rotation": {"angle": -45, "axis": "z", "origin": [7.12, 0.44, 5.58]},
			"faces": {
				"north": {"uv": [9, 1, 10, 2], "texture": "#0"},
				"east": {"uv": [9, 2, 10, 3], "texture": "#0"},
				"south": {"uv": [9, 3, 10, 4], "texture": "#0"},
				"west": {"uv": [9, 4, 10, 5], "texture": "#0"},
				"up": {"uv": [10, 6, 9, 5], "texture": "#0"},
				"down": {"uv": [10, 6, 9, 7], "texture": "#0"}
			}
		},
		{
			"name": "Box1",
			"from": [8.81814, -1.2, 6],
			"to": [9.02859, 0.38843, 6.21045],
			"rotation": {"angle": -45, "axis": "x", "origin": [8.77, 0.44, 6.02]},
			"faces": {
				"north": {"uv": [2, 2, 3, 4], "texture": "#0"},
				"east": {"uv": [2, 0, 3, 2], "texture": "#0"},
				"south": {"uv": [3, 3, 4, 5], "texture": "#0"},
				"west": {"uv": [3, 0, 4, 2], "texture": "#0"},
				"up": {"uv": [10, 8, 9, 7], "texture": "#0"},
				"down": {"uv": [10, 8, 9, 9], "texture": "#0"}
			}
		},
		{
			"name": "Box1",
			"from": [8.94345, -0.726, 5.05],
			"to": [9.13285, 0.49629, 5.2394],
			"rotation": {"angle": 22.5, "axis": "z", "origin": [8.88, 0.33, 5.25]},
			"faces": {
				"north": {"uv": [0, 10, 1, 11], "texture": "#0"},
				"east": {"uv": [1, 10, 2, 11], "texture": "#0"},
				"south": {"uv": [2, 10, 3, 11], "texture": "#0"},
				"west": {"uv": [3, 10, 4, 11], "texture": "#0"},
				"up": {"uv": [5, 11, 4, 10], "texture": "#0"},
				"down": {"uv": [6, 10, 5, 11], "texture": "#0"}
			}
		},
		{
			"name": "Box1",
			"from": [7.07345, -0.506, 5.23],
			"to": [7.26285, 0.71629, 5.4194],
			"rotation": {"angle": -22.5, "axis": "z", "origin": [7.01, 0.55, 5.25]},
			"faces": {
				"north": {"uv": [6, 10, 7, 11], "texture": "#0"},
				"east": {"uv": [7, 10, 8, 11], "texture": "#0"},
				"south": {"uv": [8, 10, 9, 11], "texture": "#0"},
				"west": {"uv": [9, 10, 10, 11], "texture": "#0"},
				"up": {"uv": [11, 11, 10, 10], "texture": "#0"},
				"down": {"uv": [11, 0, 10, 1], "texture": "#0"}
			}
		},
		{
			"name": "Box1",
			"from": [7.07345, -0.506, 4.53],
			"to": [7.26285, 0.71629, 4.7194],
			"rotation": {"angle": -22.5, "axis": "z", "origin": [7.01, 0.55, 4.81]},
			"faces": {
				"north": {"uv": [10, 1, 11, 2], "texture": "#0"},
				"east": {"uv": [10, 2, 11, 3], "texture": "#0"},
				"south": {"uv": [10, 3, 11, 4], "texture": "#0"},
				"west": {"uv": [10, 4, 11, 5], "texture": "#0"},
				"up": {"uv": [11, 6, 10, 5], "texture": "#0"},
				"down": {"uv": [11, 6, 10, 7], "texture": "#0"}
			}
		},
		{
			"name": "Box1",
			"from": [7.05814, -0.7, 5.6],
			"to": [7.26859, 0.88843, 5.81045],
			"rotation": {"angle": -45, "axis": "x", "origin": [7.01, 0.44, 6.02]},
			"faces": {
				"north": {"uv": [0, 4, 1, 6], "texture": "#0"},
				"east": {"uv": [1, 4, 2, 6], "texture": "#0"},
				"south": {"uv": [2, 4, 3, 6], "texture": "#0"},
				"west": {"uv": [4, 4, 5, 6], "texture": "#0"},
				"up": {"uv": [11, 8, 10, 7], "texture": "#0"},
				"down": {"uv": [11, 8, 10, 9], "texture": "#0"}
			}
		},
		{
			"name": "Box1",
			"from": [7.769, 1.3, 4],
			"to": [7.89504, 1.784, 4.12604],
			"rotation": {"angle": -45, "axis": "x", "origin": [7.769, 1.737, 4.194]},
			"faces": {
				"north": {"uv": [6, 11, 7, 12], "texture": "#0"},
				"east": {"uv": [6, 11, 7, 12], "texture": "#0"},
				"south": {"uv": [6, 11, 7, 12], "texture": "#0"},
				"west": {"uv": [6, 11, 7, 12], "texture": "#0"},
				"up": {"uv": [4, 12, 3, 11], "texture": "#0"},
				"down": {"uv": [5, 11, 4, 12], "texture": "#0"}
			}
		},
		{
			"name": "Box1",
			"from": [8.374, 1.3, 4],
			"to": [8.50004, 1.784, 4.12604],
			"rotation": {"angle": -45, "axis": "x", "origin": [8.374, 1.737, 4.194]},
			"faces": {
				"north": {"uv": [6, 11, 7, 12], "texture": "#0"},
				"east": {"uv": [6, 11, 7, 12], "texture": "#0"},
				"south": {"uv": [6, 11, 7, 12], "texture": "#0"},
				"west": {"uv": [6, 11, 7, 12], "texture": "#0"},
				"up": {"uv": [10, 12, 9, 11], "texture": "#0"},
				"down": {"uv": [11, 11, 10, 12], "texture": "#0"}
			}
		},
		{
			"name": "Box1",
			"from": [8.41272, 1.65, 3.4],
			"to": [8.47725, 1.71453, 4.10862],
			"rotation": {"angle": 0, "axis": "y", "origin": [8, 8.04, 8]},
			"faces": {
				"north": {"uv": [11, 11, 12, 12], "texture": "#0"},
				"east": {"uv": [11, 0, 12, 1], "texture": "#0"},
				"south": {"uv": [11, 1, 12, 2], "texture": "#0"},
				"west": {"uv": [11, 0, 12, 1], "texture": "#0"},
				"up": {"uv": [11, 0, 12, 1], "rotation": 90, "texture": "#0"},
				"down": {"uv": [11, 0, 12, 1], "rotation": 270, "texture": "#0"}
			}
		}
	],
	"display": {
		"thirdperson_righthand": {
			"rotation": [72, -2, 0],
			"translation": [0.6956, -0.695, 9.0434]
		},
		"thirdperson_lefthand": {
			"rotation": [72, -2, 0],
			"translation": [0.6956, -0.695, 9.0434]
		},
		"firstperson_righthand": {
			"translation": [13.217, 11.826, -6.26],
			"scale": [2, 2, 2]
		},
		"firstperson_lefthand": {
			"translation": [13.217, 11.826, -6.26],
			"scale": [2, 2, 2]
		},
		"ground": {
			"translation": [0, 14.2934, 5],
			"scale": [2, 2, 2]
		},
		"gui": {
			"rotation": [92, 53, -53],
			"translation": [12.521, 6.2611, 0],
			"scale": [2, 2, 2]
		},
		"head": {
			"translation": [0, -30.59, 0.5],
			"scale": [1.67, 1.72, 1.67]
		},
		"fixed": {
			"rotation": [-90, 0, 0],
			"translation": [-0.4997, 11.1521, -34.92],
			"scale": [4, 4, 4]
		}
	}
}