{
	"credit": "Made with Blockbench",
	"texture_size": [32, 32],
	"textures": {
		"0": "custom/elitecreatures/insect/termitemound",
		"particle": "custom/elitecreatures/insect/termitemound"
	},
	"elements": [
		{
			"from": [7, 0, 5],
			"to": [14, 6, 12],
			"rotation": {"angle": 0, "axis": "y", "origin": [15, 8, 15]},
			"faces": {
				"north": {"uv": [3.5, 6.5, 7, 9.5], "texture": "#0"},
				"east": {"uv": [3.5, 6.5, 7, 9.5], "texture": "#0"},
				"south": {"uv": [3.5, 6.5, 7, 9.5], "texture": "#0"},
				"west": {"uv": [3.5, 6.5, 7, 9.5], "texture": "#0"},
				"up": {"uv": [3.5, 6.5, 7, 9.5], "texture": "#0"},
				"down": {"uv": [3.5, 6.5, 7, 9.5], "texture": "#0"}
			}
		},
		{
			"from": [8, 6, 6],
			"to": [13, 14, 11],
			"rotation": {"angle": 0, "axis": "y", "origin": [15, 12, 15]},
			"faces": {
				"north": {"uv": [3.5, 9.5, 6, 13.5], "texture": "#0"},
				"east": {"uv": [3.5, 9.5, 6, 13.5], "texture": "#0"},
				"south": {"uv": [3.5, 9.5, 6, 13.5], "texture": "#0"},
				"west": {"uv": [3.5, 9.5, 6, 13.5], "texture": "#0"},
				"up": {"uv": [3.5, 9.5, 6, 13.5], "texture": "#0"},
				"down": {"uv": [8.5, 11, 6, 13.5], "texture": "#0"}
			}
		},
		{
			"from": [9, 14, 7],
			"to": [12, 22, 10],
			"rotation": {"angle": 0, "axis": "y", "origin": [15, 22, 15]},
			"faces": {
				"north": {"uv": [0, 10, 1.5, 14.5], "texture": "#0"},
				"east": {"uv": [0, 10, 1.5, 14.5], "texture": "#0"},
				"south": {"uv": [0, 10, 1.5, 14.5], "texture": "#0"},
				"west": {"uv": [0, 10, 1.5, 14.5], "texture": "#0"},
				"up": {"uv": [12.5, 1.5, 11, 0], "texture": "#0"},
				"down": {"uv": [12.5, 1.5, 11, 3], "texture": "#0"}
			}
		}
	],
	"display": {
		"thirdperson_righthand": {
			"rotation": [56, 0, 0],
			"translation": [-2.25, 2.305, 2.3695]
		},
		"thirdperson_lefthand": {
			"rotation": [56, 0, 0],
			"translation": [2, 2.305, 2.3695]
		},
		"firstperson_righthand": {
			"translation": [8.3478, 11.9891, 0],
			"scale": [2, 2, 2]
		},
		"firstperson_lefthand": {
			"translation": [12.9782, 9.7391, 0],
			"scale": [2, 2, 2]
		},
		"ground": {
			"translation": [0, 4.8695, 0]
		},
		"gui": {
			"translation": [-3.1087, -1.5979, 2.7826],
			"scale": [1.08398, 0.70313, 1.5]
		},
		"head": {
			"translation": [-9.2389, -12.75, 0],
			"scale": [4, 4, 4]
		},
		"fixed": {
			"rotation": [-90, 0, 0],
			"translation": [-9.4674, -2.5109, -31.141],
			"scale": [4, 4, 4]
		}
	}
}