{
	"credit": "Made with Blockbench",
	"textures": {
		"0": "custom/elitecreatures/insect/thistlenormal",
		"particle": "custom/elitecreatures/insect/thistlenormal"
	},
	"elements": [
		{
			"from": [8, 0, 6.62],
			"to": [8.276, 6.9, 6.896],
			"rotation": {"angle": 0, "axis": "y", "origin": [19.04, 11.04, 17.66]},
			"faces": {
				"north": {"uv": [6, 9, 7, 14], "texture": "#0"},
				"east": {"uv": [6, 9, 7, 14], "texture": "#0"},
				"south": {"uv": [6, 9, 7, 14], "texture": "#0"},
				"west": {"uv": [6, 9, 7, 14], "texture": "#0"},
				"up": {"uv": [9, 6, 8, 5], "texture": "#0"},
				"down": {"uv": [9, 6, 8, 7], "texture": "#0"}
			}
		},
		{
			"from": [8.0345, 6.9, 6.6545],
			"to": [8.2415, 8.28, 6.8615],
			"rotation": {"angle": 0, "axis": "z", "origin": [8, 6.9, 6.62]},
			"faces": {
				"north": {"uv": [9, 0, 10, 1], "texture": "#0"},
				"east": {"uv": [9, 0, 10, 1], "texture": "#0"},
				"south": {"uv": [9, 0, 10, 1], "texture": "#0"},
				"west": {"uv": [9, 0, 10, 1], "texture": "#0"},
				"up": {"uv": [10, 3, 9, 2], "texture": "#0"},
				"down": {"uv": [10, 3, 9, 4], "texture": "#0"}
			}
		},
		{
			"from": [7.724, 8.28, 6.344],
			"to": [8.552, 9.108, 7.172],
			"rotation": {"angle": 0, "axis": "z", "origin": [8, 8.28, 6.62]},
			"faces": {
				"north": {"uv": [9, 6, 10, 7], "texture": "#0"},
				"east": {"uv": [9, 6, 10, 7], "texture": "#0"},
				"south": {"uv": [9, 6, 10, 7], "texture": "#0"},
				"west": {"uv": [9, 6, 10, 7], "texture": "#0"},
				"up": {"uv": [10, 9, 9, 8], "texture": "#0"},
				"down": {"uv": [9, 6, 10, 7], "texture": "#0"}
			}
		},
		{
			"from": [7.655, 9.108, 6.275],
			"to": [8.621, 9.66, 7.241],
			"rotation": {"angle": 0, "axis": "z", "origin": [8, 9.66, 6.62]},
			"faces": {
				"north": {"uv": [2, 4, 3, 5], "texture": "#0"},
				"east": {"uv": [2, 4, 3, 5], "texture": "#0"},
				"south": {"uv": [3, 4, 2, 5], "texture": "#0"},
				"west": {"uv": [3, 4, 2, 5], "texture": "#0"},
				"up": {"uv": [8, 2, 7, 1], "texture": "#0"},
				"down": {"uv": [8, 2, 7, 3], "texture": "#0"}
			}
		},
		{
			"from": [6.758, 0, 2.48],
			"to": [9.518, 0, 6.62],
			"rotation": {"angle": 45, "axis": "x", "origin": [8.69, 0, 6.62]},
			"faces": {
				"north": {"uv": [0, 0, 2, 0], "texture": "#0"},
				"east": {"uv": [0, 0, 3, 0], "texture": "#0"},
				"south": {"uv": [0, 0, 2, 0], "texture": "#0"},
				"west": {"uv": [0, 0, 3, 0], "texture": "#0"},
				"up": {"uv": [7, 0, 5, 3], "texture": "#0"},
				"down": {"uv": [7, 3, 5, 0], "texture": "#0"}
			}
		},
		{
			"from": [6.758, -0.207, 6.827],
			"to": [9.518, -0.207, 10.967],
			"rotation": {"angle": -45, "axis": "x", "origin": [8.69, 0, 6.62]},
			"faces": {
				"north": {"uv": [0, 0, 2, 0], "texture": "#0"},
				"east": {"uv": [0, 0, 3, 0], "texture": "#0"},
				"south": {"uv": [0, 0, 2, 0], "texture": "#0"},
				"west": {"uv": [0, 0, 3, 0], "texture": "#0"},
				"up": {"uv": [7, 3, 5, 0], "texture": "#0"},
				"down": {"uv": [7, 0, 5, 3], "texture": "#0"}
			}
		},
		{
			"from": [6.068, 1.587, 6.758],
			"to": [10.208, 7.107, 6.758],
			"rotation": {"angle": 0, "axis": "x", "origin": [7.31, 1.38, 6.62]},
			"faces": {
				"north": {"uv": [6, 3, 3, 7], "texture": "#0"},
				"east": {"uv": [0, 0, 0, 4], "texture": "#0"},
				"south": {"uv": [3, 3, 6, 7], "texture": "#0"},
				"west": {"uv": [0, 0, 0, 4], "texture": "#0"},
				"up": {"uv": [3, 0, 0, 0], "texture": "#0"},
				"down": {"uv": [3, 0, 0, 0], "texture": "#0"}
			}
		},
		{
			"from": [8.138, 1.587, 4.688],
			"to": [8.138, 7.107, 8.828],
			"rotation": {"angle": 0, "axis": "y", "origin": [7.31, 1.38, 8]},
			"faces": {
				"north": {"uv": [0, 0, 0, 4], "texture": "#0"},
				"east": {"uv": [3, 3, 6, 7], "texture": "#0"},
				"south": {"uv": [0, 0, 0, 4], "texture": "#0"},
				"west": {"uv": [6, 3, 3, 7], "texture": "#0"},
				"up": {"uv": [3, 0, 0, 0], "rotation": 270, "texture": "#0"},
				"down": {"uv": [3, 0, 0, 0], "rotation": 90, "texture": "#0"}
			}
		},
		{
			"from": [8.276, 0.552, 5.378],
			"to": [8.276, 4.692, 8.138],
			"rotation": {"angle": 45, "axis": "z", "origin": [8.69, 0, 6.62]},
			"faces": {
				"north": {"uv": [0, 0, 0, 3], "texture": "#0"},
				"east": {"uv": [7, 0, 5, 3], "texture": "#0"},
				"south": {"uv": [0, 0, 0, 3], "texture": "#0"},
				"west": {"uv": [5, 0, 7, 3], "texture": "#0"},
				"up": {"uv": [0, 2, 0, 0], "texture": "#0"},
				"down": {"uv": [0, 0, 0, 2], "texture": "#0"}
			}
		},
		{
			"from": [7.724, 0.69, 5.378],
			"to": [7.724, 4.83, 8.138],
			"rotation": {"angle": -45, "axis": "z", "origin": [7.31, 0, 6.62]},
			"faces": {
				"north": {"uv": [0, 0, 0, 3], "texture": "#0"},
				"east": {"uv": [5, 0, 7, 3], "texture": "#0"},
				"south": {"uv": [0, 0, 0, 3], "texture": "#0"},
				"west": {"uv": [7, 0, 5, 3], "texture": "#0"},
				"up": {"uv": [0, 2, 0, 0], "texture": "#0"},
				"down": {"uv": [0, 0, 0, 2], "texture": "#0"}
			}
		}
	],
	"display": {
		"thirdperson_righthand": {
			"translation": [0, 8, 2],
			"scale": [1.48, 1.48, 1.46]
		},
		"thirdperson_lefthand": {
			"translation": [0, 8, 2],
			"scale": [1.48, 1.48, 1.46]
		},
		"firstperson_righthand": {
			"translation": [2.25, 10.5, 1],
			"scale": [1.44336, 1.32227, 1]
		},
		"firstperson_lefthand": {
			"translation": [2.75, 10.5, 1],
			"scale": [1.44336, 1.32227, 1]
		},
		"ground": {
			"translation": [0, 12, 3.25],
			"scale": [1.79, 1.79, 1.82]
		},
		"gui": {
			"rotation": [0, 0, 48.25],
			"translation": [-3.75, 3, 0],
			"scale": [1.53, 1.53, 1.5]
		},
		"head": {
			"translation": [0, -24.75, 0.25],
			"scale": [2.58, 2.58, 2.61]
		},
		"fixed": {
			"rotation": [-90, 0, 0],
			"translation": [-1, 3.75, -32.25],
			"scale": [4, 4, 4]
		}
	}
}