{
	"__comment": "Designed by Sefreneth with Cubik Studio - https://cubik.studio",
	"textures": {
		"bee": "custom/elitecreatures/insect/bee"
	},
	"elements": [ 	 
		{
			"__comment": "Box1",
			"from": [ 7.325, 0.171, 12.3665 ],
			"to": [ 8.170518, 1.016518, 13.21202 ],
			"rotation": { "origin": [ 3.875, 1, 11.125 ], "axis": "x", "angle": 45 },
			"faces": {
				"down": { "uv": [ 8, 15, 9, 16 ], "texture": "#bee" },
				"up": { "uv": [ 9, 15, 10, 16 ], "texture": "#bee" },
				"north": { "uv": [ 10, 15, 11, 16 ], "texture": "#bee" },
				"south": { "uv": [ 11, 15, 12, 16 ], "texture": "#bee" },
				"west": { "uv": [ 12, 15, 13, 16 ], "texture": "#bee" },
				"east": { "uv": [ 13, 15, 14, 16 ], "texture": "#bee" }
			}
		},
		{
			"__comment": "Box1",
			"from": [ 7.25, -2.3362, 10.9385 ],
			"to": [ 8.25, -0.8362, 11.9385 ],
			"rotation": { "origin": [ 3.875, 1, 11.125 ], "axis": "x", "angle": -22.5 },
			"faces": {
				"down": { "uv": [ 8, 13, 9, 14 ], "texture": "#bee" },
				"up": { "uv": [ 9, 15, 8, 14 ], "texture": "#bee" },
				"north": { "uv": [ 15, 16, 14, 15 ], "texture": "#bee" },
				"south": { "uv": [ 15, 15, 16, 16 ], "texture": "#bee" },
				"west": { "uv": [ 8, 12, 9, 13 ], "texture": "#bee", "rotation": 90 },
				"east": { "uv": [ 8, 11, 9, 12 ], "texture": "#bee", "rotation": 270 }
			}
		},
		{
			"__comment": "Box1",
			"from": [ 7.325, -2.428, 12.2014 ],
			"to": [ 8.170518, -1.58248, 13.04692 ],
			"faces": {
				"down": { "uv": [ 9, 14, 10, 15 ], "texture": "#bee" },
				"up": { "uv": [ 9, 9, 8, 8 ], "texture": "#bee" },
				"north": { "uv": [ 9, 11, 8, 10 ], "texture": "#bee" },
				"south": { "uv": [ 8, 9, 9, 10 ], "texture": "#bee" },
				"west": { "uv": [ 10, 14, 11, 15 ], "texture": "#bee", "rotation": 90 },
				"east": { "uv": [ 11, 14, 12, 15 ], "texture": "#bee", "rotation": 270 }
			}
		},
		{
			"__comment": "PlaneY4",
			"from": [ 7.375, -2.7984, 9.2569 ],
			"to": [ 7.376, -0.2983999, 11.2569 ],
			"rotation": { "origin": [ 3.875, 1, 11.125 ], "axis": "x", "angle": -22.5 },
			"faces": {
				"west": { "uv": [ 6, 14, 8, 16 ], "texture": "#bee", "rotation": 180 },
				"east": { "uv": [ 6, 16, 8, 14 ], "texture": "#bee" }
			}
		},
		{
			"__comment": "PlaneY4",
			"from": [ 3.875, 1, 11.125 ],
			"to": [ 7.375, 1.001, 15.125 ],
			"rotation": { "origin": [ 3.875, 1, 11.125 ], "axis": "x", "angle": 45 },
			"faces": {
				"down": { "uv": [ 6, 8, 3, 12 ], "texture": "#bee" },
				"up": { "uv": [ 6, 12, 3, 8 ], "texture": "#bee" }
			}
		},
		{
			"__comment": "PlaneY4",
			"from": [ 8.125, 1, 11.125 ],
			"to": [ 11.625, 1.001, 15.125 ],
			"rotation": { "origin": [ 3.875, 1, 11.125 ], "axis": "x", "angle": 45 },
			"faces": {
				"down": { "uv": [ 3, 8, 6, 12 ], "texture": "#bee" },
				"up": { "uv": [ 3, 12, 6, 8 ], "texture": "#bee" }
			}
		},
		{
			"__comment": "PlaneY4",
			"from": [ 8.125, -2.7984, 9.2569 ],
			"to": [ 8.126, -0.2983999, 11.2569 ],
			"rotation": { "origin": [ 3.875, 1, 11.125 ], "axis": "x", "angle": -22.5 },
			"faces": {
				"west": { "uv": [ 6, 14, 8, 16 ], "texture": "#bee", "rotation": 180 },
				"east": { "uv": [ 6, 16, 8, 14 ], "texture": "#bee" }
			}
		}
	],
	"display": {
		"thirdperson_righthand": {
			"rotation":  [ 72, -2, 0 ],
			"translation":  [ 0.0003, 7.6521, 5.5652 ]
		},
		"thirdperson_lefthand": {
			"rotation":  [ 72, -2, 0 ],
			"translation":  [ 0.0003, 7.6521, 5.5652 ]
		},
		"firstperson_righthand": {
			"rotation":  [ -2, 0, 0 ],
			"translation":  [ 13.913, 6.9565, -27.82 ],
			"scale":  [ 2, 2, 2 ]
		},
		"firstperson_lefthand": {
			"rotation":  [ -2, 0, 0 ],
			"translation":  [ 13.913, 6.9565, -27.82 ],
			"scale":  [ 2, 2, 2 ]
		},
		"gui": {
			"rotation":  [ 0, 90, 44 ],
			"translation":  [ -10.43, 11.13, -4.869 ],
			"scale":  [ 2, 2, 2 ]
		},
		"head": {
			"translation":  [ 0.6956, 2.7835, -18.07 ],
			"scale":  [ 2, 2, 2 ]
		},
		"ground": {
			"translation":  [ 0, 11.826, 0 ],
			"scale":  [ 2, 2, 2 ]
		},
		"fixed": {
			"rotation":  [ -69, -180, 0 ],
			"translation":  [ -1.391, 20.868, -13.9 ],
			"scale":  [ 2.5, 2.5, 2.5 ]
		}
	}
}