{
	"credit": "Made with Blockbench",
	"textures": {
		"0": "custom/elitecreatures/insect/waterstrider",
		"particle": "custom/elitecreatures/insect/waterstrider"
	},
	"elements": [
		{
			"from": [7.51, 0, 7],
			"to": [8.61, 1, 11],
			"rotation": {"angle": 0, "axis": "y", "origin": [15, 8, 15]},
			"faces": {
				"north": {"uv": [10, 13, 11, 14], "texture": "#0"},
				"east": {"uv": [8, 7, 4, 8], "texture": "#0"},
				"south": {"uv": [11, 13, 12, 14], "texture": "#0"},
				"west": {"uv": [4, 7, 8, 8], "texture": "#0"},
				"up": {"uv": [5, 12, 4, 8], "texture": "#0"},
				"down": {"uv": [6, 8, 5, 12], "texture": "#0"}
			}
		},
		{
			"from": [7.4, 0, 6],
			"to": [8.7, 1, 7],
			"rotation": {"angle": 0, "axis": "y", "origin": [15, 8, 12]},
			"faces": {
				"north": {"uv": [12, 13, 13, 14], "texture": "#0"},
				"east": {"uv": [4, 14, 3, 15], "texture": "#0"},
				"south": {"uv": [2, 14, 3, 15], "texture": "#0"},
				"west": {"uv": [3, 14, 4, 15], "texture": "#0"},
				"up": {"uv": [5, 15, 4, 14], "texture": "#0"},
				"down": {"uv": [6, 14, 5, 15], "texture": "#0"}
			}
		},
		{
			"from": [7.78, 0.3, 4.2],
			"to": [8.33, 1, 5],
			"rotation": {"angle": 0, "axis": "y", "origin": [15, 8, 10]},
			"faces": {
				"north": {"uv": [6, 14, 7, 15], "texture": "#0"},
				"east": {"uv": [7, 14, 8, 15], "texture": "#0"},
				"south": {"uv": [8, 14, 9, 15], "texture": "#0"},
				"west": {"uv": [9, 14, 10, 15], "texture": "#0"},
				"up": {"uv": [11, 15, 10, 14], "texture": "#0"},
				"down": {"uv": [12, 14, 11, 15], "texture": "#0"}
			}
		},
		{
			"from": [7.3, 0.3, 3.5],
			"to": [7.6, 0.6, 5.85],
			"rotation": {"angle": 22.5, "axis": "y", "origin": [7.5, 0, 6]},
			"faces": {
				"north": {"uv": [8, 13, 9, 14], "texture": "#0"},
				"east": {"uv": [10, 11, 12, 12], "texture": "#0"},
				"south": {"uv": [9, 13, 10, 14], "texture": "#0"},
				"west": {"uv": [0, 12, 2, 13], "texture": "#0"},
				"up": {"uv": [3, 14, 2, 12], "texture": "#0"},
				"down": {"uv": [4, 12, 3, 14], "texture": "#0"}
			}
		},
		{
			"from": [8.4, 0.3, 3.5],
			"to": [8.7, 0.6, 5.85],
			"rotation": {"angle": -22.5, "axis": "y", "origin": [9, 0, 6]},
			"faces": {
				"north": {"uv": [7, 15, 8, 16], "texture": "#0"},
				"east": {"uv": [12, 12, 14, 13], "texture": "#0"},
				"south": {"uv": [8, 15, 9, 16], "texture": "#0"},
				"west": {"uv": [12, 6, 14, 7], "texture": "#0"},
				"up": {"uv": [1, 15, 0, 13], "texture": "#0"},
				"down": {"uv": [2, 13, 1, 15], "texture": "#0"}
			}
		},
		{
			"from": [4.21075, 0.3, 3.7],
			"to": [6.56075, 0.5, 3.9],
			"rotation": {"angle": 0, "axis": "y", "origin": [7.5, 0, 6]},
			"faces": {
				"north": {"uv": [4, 12, 6, 13], "texture": "#0"},
				"east": {"uv": [5, 15, 6, 16], "texture": "#0"},
				"south": {"uv": [6, 12, 8, 13], "texture": "#0"},
				"west": {"uv": [6, 15, 7, 16], "texture": "#0"},
				"up": {"uv": [10, 13, 8, 12], "texture": "#0"},
				"down": {"uv": [12, 12, 10, 13], "texture": "#0"}
			}
		},
		{
			"from": [9.51537, 0.3, 3.55224],
			"to": [11.86537, 0.5, 3.75224],
			"rotation": {"angle": 0, "axis": "y", "origin": [9, 0, 6]},
			"faces": {
				"north": {"uv": [12, 7, 14, 8], "texture": "#0"},
				"east": {"uv": [9, 15, 10, 16], "texture": "#0"},
				"south": {"uv": [12, 11, 14, 12], "texture": "#0"},
				"west": {"uv": [10, 15, 11, 16], "texture": "#0"},
				"up": {"uv": [6, 14, 4, 13], "texture": "#0"},
				"down": {"uv": [8, 13, 6, 14], "texture": "#0"}
			}
		},
		{
			"from": [4, 0.01, 7.92],
			"to": [7.8, 0.31, 8.22],
			"rotation": {"angle": -22.5, "axis": "y", "origin": [8, 1, 8]},
			"faces": {
				"north": {"uv": [6, 8, 10, 9], "texture": "#0"},
				"east": {"uv": [14, 3, 15, 4], "texture": "#0"},
				"south": {"uv": [8, 6, 12, 7], "texture": "#0"},
				"west": {"uv": [14, 4, 15, 5], "texture": "#0"},
				"up": {"uv": [12, 8, 8, 7], "texture": "#0"},
				"down": {"uv": [10, 9, 6, 10], "texture": "#0"}
			}
		},
		{
			"from": [7.92, 0.01, 8.2],
			"to": [8.22, 0.31, 12],
			"rotation": {"angle": -22.5, "axis": "y", "origin": [8, 1, 8]},
			"faces": {
				"north": {"uv": [14, 11, 15, 12], "texture": "#0"},
				"east": {"uv": [10, 3, 14, 4], "texture": "#0"},
				"south": {"uv": [14, 12, 15, 13], "texture": "#0"},
				"west": {"uv": [10, 2, 14, 3], "texture": "#0"},
				"up": {"uv": [14, 5, 10, 4], "rotation": 270, "texture": "#0"},
				"down": {"uv": [14, 5, 10, 6], "rotation": 90, "texture": "#0"}
			}
		},
		{
			"from": [7.78, 0.01, 8.2],
			"to": [8.08, 0.31, 12],
			"rotation": {"angle": 22.5, "axis": "y", "origin": [8, 1, 8]},
			"faces": {
				"north": {"uv": [2, 15, 3, 16], "texture": "#0"},
				"east": {"uv": [10, 8, 14, 9], "texture": "#0"},
				"south": {"uv": [1, 15, 2, 16], "texture": "#0"},
				"west": {"uv": [10, 9, 14, 10], "texture": "#0"},
				"up": {"uv": [4, 12, 0, 11], "rotation": 90, "texture": "#0"},
				"down": {"uv": [10, 11, 6, 12], "rotation": 270, "texture": "#0"}
			}
		},
		{
			"from": [6.45029, 0, 11.53701],
			"to": [6.65029, 0.2, 16.33701],
			"rotation": {"angle": 0, "axis": "y", "origin": [8, 1, 8]},
			"faces": {
				"north": {"uv": [14, 13, 15, 14], "texture": "#0"},
				"east": {"uv": [5, 1, 10, 2], "texture": "#0"},
				"south": {"uv": [0, 15, 1, 16], "texture": "#0"},
				"west": {"uv": [5, 2, 10, 3], "texture": "#0"},
				"up": {"uv": [1, 11, 0, 6], "texture": "#0"},
				"down": {"uv": [2, 6, 1, 11], "texture": "#0"}
			}
		},
		{
			"from": [9.34971, 0, 11.53701],
			"to": [9.54971, 0.2, 16.33701],
			"rotation": {"angle": 0, "axis": "y", "origin": [8, 1, 8]},
			"faces": {
				"north": {"uv": [3, 15, 4, 16], "texture": "#0"},
				"east": {"uv": [5, 3, 10, 4], "texture": "#0"},
				"south": {"uv": [4, 15, 5, 16], "texture": "#0"},
				"west": {"uv": [5, 4, 10, 5], "texture": "#0"},
				"up": {"uv": [3, 11, 2, 6], "texture": "#0"},
				"down": {"uv": [4, 6, 3, 11], "texture": "#0"}
			}
		},
		{
			"from": [8.2, 0.01, 7.92],
			"to": [12, 0.31, 8.22],
			"rotation": {"angle": 22.5, "axis": "y", "origin": [8, 1, 8]},
			"faces": {
				"north": {"uv": [6, 10, 10, 11], "texture": "#0"},
				"east": {"uv": [14, 9, 15, 10], "texture": "#0"},
				"south": {"uv": [10, 10, 14, 11], "texture": "#0"},
				"west": {"uv": [14, 10, 15, 11], "texture": "#0"},
				"up": {"uv": [14, 1, 10, 0], "texture": "#0"},
				"down": {"uv": [14, 1, 10, 2], "texture": "#0"}
			}
		},
		{
			"from": [-0.51969, 0, 6.47641],
			"to": [4.28031, 0.2, 6.67641],
			"rotation": {"angle": 0, "axis": "y", "origin": [8, 1, 8]},
			"faces": {
				"north": {"uv": [0, 0, 5, 1], "texture": "#0"},
				"east": {"uv": [14, 5, 15, 6], "texture": "#0"},
				"south": {"uv": [0, 1, 5, 2], "texture": "#0"},
				"west": {"uv": [14, 6, 15, 7], "texture": "#0"},
				"up": {"uv": [5, 3, 0, 2], "texture": "#0"},
				"down": {"uv": [5, 3, 0, 4], "texture": "#0"}
			}
		},
		{
			"from": [11.71969, 0, 6.47641],
			"to": [16.51969, 0.2, 6.67641],
			"rotation": {"angle": 0, "axis": "y", "origin": [8, 1, 8]},
			"faces": {
				"north": {"uv": [0, 4, 5, 5], "texture": "#0"},
				"east": {"uv": [14, 7, 15, 8], "texture": "#0"},
				"south": {"uv": [0, 5, 5, 6], "texture": "#0"},
				"west": {"uv": [14, 8, 15, 9], "texture": "#0"},
				"up": {"uv": [10, 6, 5, 5], "texture": "#0"},
				"down": {"uv": [10, 0, 5, 1], "texture": "#0"}
			}
		},
		{
			"from": [7.55, 0.1, 5],
			"to": [8.55, 1, 6],
			"rotation": {"angle": 0, "axis": "y", "origin": [15, 8, 11]},
			"faces": {
				"north": {"uv": [12, 14, 13, 15], "texture": "#0"},
				"east": {"uv": [15, 0, 14, 1], "texture": "#0"},
				"south": {"uv": [14, 14, 15, 15], "texture": "#0"},
				"west": {"uv": [14, 0, 15, 1], "texture": "#0"},
				"up": {"uv": [15, 2, 14, 1], "texture": "#0"},
				"down": {"uv": [15, 2, 14, 3], "texture": "#0"}
			}
		}
	],
	"display": {
		"thirdperson_righthand": {
			"rotation": [88, 0, 0],
			"translation": [0, -2, 8.25]
		},
		"thirdperson_lefthand": {
			"rotation": [88, 0, 0],
			"translation": [0, -2, 8.25]
		},
		"firstperson_righthand": {
			"translation": [0, 6.5, 0]
		},
		"firstperson_lefthand": {
			"translation": [0, 6.5, 0]
		},
		"ground": {
			"translation": [0, 7, 0]
		},
		"gui": {
			"rotation": [96.75, 0, 0]
		},
		"head": {
			"translation": [0, -36.25, -6.25]
		},
		"fixed": {
			"rotation": [-90, -178.75, 0],
			"translation": [0, 0, -32.75],
			"scale": [4, 4, 4]
		}
	}
}