{
	"credit": "Made with Blockbench",
	"textures": {
		"butterfly": "custom/elitecreatures/insect/whitebuttefly"
	},
	"elements": [
		{
			"name": "Box1",
			"from": [8.597, 0.25, 1.875],
			"to": [9.122, 0.775, 2.4],
			"rotation": {"angle": 45, "axis": "x", "origin": [8.597, 0.25, 1.875]},
			"faces": {
				"north": {"uv": [15, 15, 16, 16], "texture": "#butterfly"},
				"east": {"uv": [16, 13, 15, 14], "texture": "#butterfly"},
				"south": {"uv": [15, 14, 16, 15], "texture": "#butterfly"},
				"west": {"uv": [15, 13, 16, 14], "texture": "#butterfly"},
				"up": {"uv": [4, 0, 5, 1], "texture": "#butterfly"},
				"down": {"uv": [3, 0, 4, 1], "texture": "#butterfly"}
			}
		},
		{
			"name": "Box1",
			"from": [8.625, 0, 2.375],
			"to": [9.125, 0.5, 5.375],
			"rotation": {"angle": 0, "axis": "y", "origin": [8, 8, 6]},
			"faces": {
				"north": {"uv": [15, 11, 16, 12], "texture": "#butterfly"},
				"east": {"uv": [3, 0, 0, 1], "texture": "#butterfly"},
				"south": {"uv": [15, 10, 16, 11], "texture": "#butterfly"},
				"west": {"uv": [0, 0, 3, 1], "texture": "#butterfly"},
				"up": {"uv": [4, 1, 5, 3.75], "texture": "#butterfly"},
				"down": {"uv": [4, 3.75, 5, 1], "texture": "#butterfly"}
			}
		},
		{
			"name": "PlaneY3",
			"from": [7.125, 1.625, -0.25],
			"to": [10.625, 1.626, 2.75],
			"rotation": {"angle": 22.5, "axis": "x", "origin": [10.625, 1.625, -0.25]},
			"faces": {
				"up": {"uv": [9.75, 1.5, 16, 7.25], "texture": "#butterfly"},
				"down": {"uv": [9.75, 7.25, 16, 1.5], "texture": "#butterfly"}
			}
		},
		{
			"name": "PlaneY3",
			"from": [3.625, 0.5, 1.375],
			"to": [8.625, 0.501, 7.875],
			"rotation": {"angle": 45, "axis": "z", "origin": [8.64, 0.5, 5]},
			"faces": {
				"up": {"uv": [9.5, 3.75, 0, 16], "texture": "#butterfly"},
				"down": {"uv": [9.5, 16, 0, 3.75], "texture": "#butterfly"}
			}
		},
		{
			"name": "PlaneY3",
			"from": [9.125, 0.5, 1.375],
			"to": [14.125, 0.501, 7.875],
			"rotation": {"angle": -45, "axis": "z", "origin": [9.1, 0.5, 5]},
			"faces": {
				"up": {"uv": [0, 3.75, 9.5, 16], "texture": "#butterfly"},
				"down": {"uv": [0, 16, 9.5, 3.75], "texture": "#butterfly"}
			}
		}
	],
	"display": {
		"thirdperson_righthand": {
			"rotation": [147, 0, 0],
			"translation": [-0.695, -7.651, 2.0869]
		},
		"thirdperson_lefthand": {
			"rotation": [147, 0, 0],
			"translation": [1.3919, -7.651, 2.0869]
		},
		"firstperson_righthand": {
			"rotation": [58, 0, 0],
			"translation": [2.0868, 6.2608, 7.6521]
		},
		"firstperson_lefthand": {
			"rotation": [58, 0, 0],
			"translation": [3.4782, 6.2608, 7.6521]
		},
		"ground": {
			"translation": [0, 6.2608, 0],
			"scale": [1.5, 1.5, 1.5]
		},
		"gui": {
			"rotation": [90, 0, 0],
			"translation": [-1.641, -5.782, -0.695],
			"scale": [1.98047, 1.5, 1.83984]
		},
		"head": {
			"rotation": [28, 0, 0],
			"translation": [-0.693, -10.42, 2.0879],
			"scale": [1.5, 1.5, 1.5]
		},
		"fixed": {
			"rotation": [90, 0, -180],
			"translation": [3.414, -11.032, -32.033],
			"scale": [4, 4, 4]
		}
	}
}