{"textures":{"0":"modelengine:entity/toro_wither"},"elements":[{"from":[12.059749,5.466812,7.124794],"to":[13.161829,7.6709723,8.226873],"rotation":{"angle":-22.5,"axis":"x","origin":[12.610788,9.2785635,11.814897]},"faces":{"east":{"uv":[4.21875,8.78125,4.3125,8.96875],"rotation":0,"texture":"#0","tintindex":0},"south":{"uv":[8.78125,5.9375,8.875,6.125],"rotation":0,"texture":"#0","tintindex":0},"north":{"uv":[3.125,8.75,3.21875,8.9375],"rotation":0,"texture":"#0","tintindex":0},"west":{"uv":[8.78125,6.875,8.875,7.0625],"rotation":0,"texture":"#0","tintindex":0},"up":{"uv":[7.34375,5.625,7.25,5.53125],"rotation":0,"texture":"#0","tintindex":0},"down":{"uv":[7.375,2.5,7.28125,2.59375],"rotation":0,"texture":"#0","tintindex":0}}},{"from":[10.131109,8.94256,13.086586],"to":[15.090469,13.350882,16.117306],"rotation":{"angle":0.0,"axis":"y","origin":[12.610788,9.2785635,11.814897]},"faces":{"east":{"uv":[4.34375,7.375,4.59375,7.71875],"rotation":0,"texture":"#0","tintindex":0},"south":{"uv":[5.78125,5.875,6.1875,6.21875],"rotation":0,"texture":"#0","tintindex":0},"north":{"uv":[4.75,5.8125,5.15625,6.15625],"rotation":0,"texture":"#0","tintindex":0},"west":{"uv":[4.59375,7.375,4.84375,7.71875],"rotation":0,"texture":"#0","tintindex":0},"up":{"uv":[2.40625,6.9375,2.0,6.6875],"rotation":0,"texture":"#0","tintindex":0},"down":{"uv":[7.125,1.28125,6.71875,1.53125],"rotation":0,"texture":"#0","tintindex":0}}},{"from":[9.855589,6.11252,7.61389],"to":[10.957668,8.45444,8.71597],"rotation":{"angle":-22.5,"axis":"x","origin":[12.610788,9.2785635,11.814897]},"faces":{"east":{"uv":[8.09375,8.65625,8.1875,8.84375],"rotation":0,"texture":"#0","tintindex":0},"south":{"uv":[4.84375,8.6875,4.9375,8.875],"rotation":0,"texture":"#0","tintindex":0},"north":{"uv":[8.1875,5.59375,8.28125,5.78125],"rotation":0,"texture":"#0","tintindex":0},"west":{"uv":[2.03125,8.75,2.125,8.9375],"rotation":0,"texture":"#0","tintindex":0},"up":{"uv":[7.34375,4.03125,7.25,3.9375],"rotation":0,"texture":"#0","tintindex":0},"down":{"uv":[5.59375,7.25,5.5,7.34375],"rotation":0,"texture":"#0","tintindex":0}}},{"from":[15.641508,7.904957,8.228232],"to":[17.570148,10.660156,12.085512],"rotation":{"angle":-22.5,"axis":"x","origin":[12.610788,9.2785635,11.814897]},"faces":{"east":{"uv":[0.59375,7.71875,0.90625,7.9375],"rotation":0,"texture":"#0","tintindex":0},"south":{"uv":[1.125,8.59375,1.28125,8.8125],"rotation":0,"texture":"#0","tintindex":0},"north":{"uv":[8.59375,0.96875,8.75,1.1875],"rotation":0,"texture":"#0","tintindex":0},"west":{"uv":[3.71875,7.71875,4.03125,7.9375],"rotation":0,"texture":"#0","tintindex":0},"up":{"uv":[4.3125,8.375,4.15625,8.0625],"rotation":0,"texture":"#0","tintindex":0},"down":{"uv":[4.46875,8.0625,4.3125,8.375],"rotation":0,"texture":"#0","tintindex":0}}},{"from":[14.263908,6.11252,7.61389],"to":[15.365989,8.45444,8.71597],"rotation":{"angle":-22.5,"axis":"x","origin":[12.610788,9.2785635,11.814897]},"faces":{"east":{"uv":[7.0625,8.03125,7.15625,8.21875],"rotation":0,"texture":"#0","tintindex":0},"south":{"uv":[4.6875,8.0625,4.78125,8.25],"rotation":0,"texture":"#0","tintindex":0},"north":{"uv":[0.59375,7.40625,0.6875,7.59375],"rotation":0,"texture":"#0","tintindex":0},"west":{"uv":[3.90625,8.1875,4.0,8.375],"rotation":0,"texture":"#0","tintindex":0},"up":{"uv":[6.6875,3.0625,6.59375,2.96875],"rotation":0,"texture":"#0","tintindex":0},"down":{"uv":[2.5,6.875,2.40625,6.96875],"rotation":0,"texture":"#0","tintindex":0}}},{"from":[10.682149,10.935677,7.401672],"to":[14.539429,13.139837,13.1875925],"rotation":{"angle":-22.5,"axis":"x","origin":[12.610788,9.2785635,11.814897]},"faces":{"east":{"uv":[7.34375,5.53125,7.8125,5.71875],"rotation":0,"texture":"#0","tintindex":0},"south":{"uv":[7.40625,7.84375,7.71875,8.03125],"rotation":0,"texture":"#0","tintindex":0},"north":{"uv":[6.84375,7.84375,7.15625,8.03125],"rotation":0,"texture":"#0","tintindex":0},"west":{"uv":[7.34375,5.71875,7.8125,5.90625],"rotation":0,"texture":"#0","tintindex":0},"up":{"uv":[0.3125,6.28125,0.0,5.8125],"rotation":0,"texture":"#0","tintindex":0},"down":{"uv":[0.625,5.8125,0.3125,6.28125],"rotation":0,"texture":"#0","tintindex":0}}},{"from":[11.784228,5.7751436,7.945876],"to":[13.437349,7.9793034,10.150036],"rotation":{"angle":0.0,"axis":"y","origin":[12.610788,9.2785635,11.814897]},"faces":{"east":{"uv":[1.9375,8.5625,2.125,8.75],"rotation":0,"texture":"#0","tintindex":0},"south":{"uv":[8.75,1.4375,8.875,1.625],"rotation":0,"texture":"#0","tintindex":0},"north":{"uv":[0.28125,8.71875,0.40625,8.90625],"rotation":0,"texture":"#0","tintindex":0},"west":{"uv":[8.5625,2.09375,8.75,2.28125],"rotation":0,"texture":"#0","tintindex":0},"up":{"uv":[1.59375,8.9375,1.46875,8.75],"rotation":0,"texture":"#0","tintindex":0},"down":{"uv":[1.71875,8.75,1.59375,8.9375],"rotation":0,"texture":"#0","tintindex":0}}},{"from":[9.580069,8.731517,7.677192],"to":[15.641508,10.935677,13.1875925],"rotation":{"angle":-22.5,"axis":"x","origin":[12.610788,9.2785635,11.814897]},"faces":{"east":{"uv":[3.84375,7.53125,4.28125,7.71875],"rotation":0,"texture":"#0","tintindex":0},"south":{"uv":[5.5,7.34375,5.96875,7.53125],"rotation":0,"texture":"#0","tintindex":0},"north":{"uv":[3.875,7.34375,4.34375,7.53125],"rotation":0,"texture":"#0","tintindex":0},"west":{"uv":[5.5,7.53125,5.9375,7.71875],"rotation":0,"texture":"#0","tintindex":0},"up":{"uv":[3.84375,5.5625,3.375,5.125],"rotation":0,"texture":"#0","tintindex":0},"down":{"uv":[4.3125,5.125,3.84375,5.5625],"rotation":0,"texture":"#0","tintindex":0}}},{"from":[7.6514287,7.904957,8.228232],"to":[9.580069,10.660156,12.085512],"rotation":{"angle":-22.5,"axis":"x","origin":[12.610788,9.2785635,11.814897]},"faces":{"east":{"uv":[3.40625,7.6875,3.71875,7.90625],"rotation":0,"texture":"#0","tintindex":0},"south":{"uv":[0.96875,8.59375,1.125,8.8125],"rotation":0,"texture":"#0","tintindex":0},"north":{"uv":[8.59375,0.15625,8.75,0.375],"rotation":0,"texture":"#0","tintindex":0},"west":{"uv":[5.9375,7.6875,6.25,7.90625],"rotation":0,"texture":"#0","tintindex":0},"up":{"uv":[8.09375,8.34375,7.9375,8.03125],"rotation":0,"texture":"#0","tintindex":0},"down":{"uv":[4.15625,8.0625,4.0,8.375],"rotation":0,"texture":"#0","tintindex":0}}},{"from":[7.9269485,10.384637,11.809992],"to":[17.294628,14.241917,15.667273],"rotation":{"angle":-22.5,"axis":"x","origin":[12.610788,9.2785635,11.814897]},"faces":{"east":{"uv":[4.75,7.0625,5.0625,7.375],"rotation":0,"texture":"#0","tintindex":0},"south":{"uv":[4.5625,1.9375,5.3125,2.25],"rotation":0,"texture":"#0","tintindex":0},"north":{"uv":[0.0,4.53125,0.75,4.84375],"rotation":0,"texture":"#0","tintindex":0},"west":{"uv":[0.375,7.09375,0.6875,7.40625],"rotation":0,"texture":"#0","tintindex":0},"up":{"uv":[5.3125,2.5625,4.5625,2.25],"rotation":0,"texture":"#0","tintindex":0},"down":{"uv":[5.375,0.375,4.625,0.6875],"rotation":0,"texture":"#0","tintindex":0}}},{"from":[6.8248687,9.833597,8.503752],"to":[8.477988,13.966397,13.1875925],"rotation":{"angle":-22.5,"axis":"x","origin":[12.610788,9.2785635,11.814897]},"faces":{"east":{"uv":[0.0,6.28125,0.375,6.625],"rotation":0,"texture":"#0","tintindex":0},"south":{"uv":[7.25,8.34375,7.375,8.6875],"rotation":0,"texture":"#0","tintindex":0},"north":{"uv":[8.34375,7.21875,8.46875,7.5625],"rotation":0,"texture":"#0","tintindex":0},"west":{"uv":[5.125,6.28125,5.5,6.625],"rotation":0,"texture":"#0","tintindex":0},"up":{"uv":[5.75,8.65625,5.625,8.28125],"rotation":0,"texture":"#0","tintindex":0},"down":{"uv":[5.875,8.28125,5.75,8.65625],"rotation":0,"texture":"#0","tintindex":0}}},{"from":[8.477988,13.139837,8.503752],"to":[16.74359,15.068477,13.1875925],"rotation":{"angle":-22.5,"axis":"x","origin":[12.610788,9.2785635,11.814897]},"faces":{"east":{"uv":[7.71875,7.875,8.09375,8.03125],"rotation":0,"texture":"#0","tintindex":0},"south":{"uv":[6.71875,1.125,7.375,1.28125],"rotation":0,"texture":"#0","tintindex":0},"north":{"uv":[6.71875,0.96875,7.375,1.125],"rotation":0,"texture":"#0","tintindex":0},"west":{"uv":[7.90625,0.0,8.28125,0.15625],"rotation":0,"texture":"#0","tintindex":0},"up":{"uv":[4.5,4.34375,3.84375,3.96875],"rotation":0,"texture":"#0","tintindex":0},"down":{"uv":[4.65625,0.0,4.0,0.375],"rotation":0,"texture":"#0","tintindex":0}}},{"from":[16.74359,9.833597,8.503752],"to":[18.39671,13.966397,13.1875925],"rotation":{"angle":-22.5,"axis":"x","origin":[12.610788,9.2785635,11.814897]},"faces":{"east":{"uv":[0.84375,6.3125,1.21875,6.65625],"rotation":0,"texture":"#0","tintindex":0},"south":{"uv":[7.5,8.34375,7.625,8.6875],"rotation":0,"texture":"#0","tintindex":0},"north":{"uv":[7.375,8.34375,7.5,8.6875],"rotation":0,"texture":"#0","tintindex":0},"west":{"uv":[2.125,6.34375,2.5,6.6875],"rotation":0,"texture":"#0","tintindex":0},"up":{"uv":[8.40625,8.59375,8.28125,8.21875],"rotation":0,"texture":"#0","tintindex":0},"down":{"uv":[8.4375,0.65625,8.3125,1.03125],"rotation":0,"texture":"#0","tintindex":0}}}],"display":{"head":{"translation":[0.0,-6.4,0.0],"scale":[4.0,4.0,4.0]}}}