{"textures":{"1":"modelengine:entity/dung_beetle"},"elements":[{"from":[6.2308064,6.253396,6.446663],"to":[6.2308064,7.1676817,6.9038057],"rotation":{"angle":-22.5,"axis":"z","origin":[6.398244,7.1321673,6.675235]},"faces":{"east":{"uv":[5.0,10.0,6.0,9.5],"rotation":90,"texture":"#1","tintindex":0},"south":{"uv":[0.0,0.0,0.0,1.0],"rotation":0,"texture":"#1","tintindex":0},"north":{"uv":[0.0,1.0,0.0,0.0],"rotation":180,"texture":"#1","tintindex":0},"west":{"uv":[6.0,10.0,7.0,9.5],"rotation":270,"texture":"#1","tintindex":0},"up":{"uv":[0.0,0.5,0.0,0.0],"rotation":0,"texture":"#1","tintindex":0},"down":{"uv":[0.0,0.5,0.0,0.0],"rotation":180,"texture":"#1","tintindex":0}}},{"from":[7.1714287,7.4576254,6.2180915],"to":[9.0,9.74334,7.5895205],"rotation":{"angle":0.0,"axis":"y","origin":[7.857143,5.171911,4.846663]},"faces":{"east":{"uv":[0.0,8.5,1.5,11.0],"rotation":180,"texture":"#1","tintindex":0},"south":{"uv":[7.5,2.5,9.5,5.0],"rotation":180,"texture":"#1","tintindex":0},"north":{"uv":[7.5,0.0,9.5,2.5],"rotation":180,"texture":"#1","tintindex":0},"west":{"uv":[8.0,7.5,9.5,10.0],"rotation":180,"texture":"#1","tintindex":0},"up":{"uv":[11.0,5.0,9.0,6.5],"rotation":180,"texture":"#1","tintindex":0},"down":{"uv":[3.5,10.0,1.5,8.5],"rotation":180,"texture":"#1","tintindex":0}}},{"from":[7.4,6.246583,7.757904],"to":[7.857143,7.1608686,7.757904],"rotation":{"angle":-45.0,"axis":"x","origin":[7.6285715,6.58944,7.55219]},"faces":{"east":{"uv":[0.0,1.0,0.0,0.0],"rotation":0,"texture":"#1","tintindex":0},"south":{"uv":[3.5,10.5,4.0,9.5],"rotation":0,"texture":"#1","tintindex":0},"north":{"uv":[3.5,9.5,4.0,8.5],"rotation":0,"texture":"#1","tintindex":0},"west":{"uv":[0.0,1.0,0.0,0.0],"rotation":0,"texture":"#1","tintindex":0},"up":{"uv":[0.5,0.0,0.0,0.0],"rotation":0,"texture":"#1","tintindex":0},"down":{"uv":[0.5,0.0,0.0,0.0],"rotation":0,"texture":"#1","tintindex":0}}},{"from":[9.645652,8.371911,4.724087],"to":[9.645652,8.829054,5.638373],"rotation":{"angle":22.5,"axis":"y","origin":[9.478215,8.600483,5.602858]},"faces":{"east":{"uv":[6.0,9.5,7.0,10.0],"rotation":180,"texture":"#1","tintindex":0},"south":{"uv":[0.0,0.5,0.0,0.0],"rotation":0,"texture":"#1","tintindex":0},"north":{"uv":[0.0,0.5,0.0,0.0],"rotation":0,"texture":"#1","tintindex":0},"west":{"uv":[5.0,9.5,6.0,10.0],"rotation":180,"texture":"#1","tintindex":0},"up":{"uv":[0.0,1.0,0.0,0.0],"rotation":0,"texture":"#1","tintindex":0},"down":{"uv":[0.0,0.0,0.0,1.0],"rotation":0,"texture":"#1","tintindex":0}}},{"from":[8.314285,6.246583,7.757904],"to":[8.771429,7.1608686,7.757904],"rotation":{"angle":-45.0,"axis":"x","origin":[8.085714,6.58944,7.55219]},"faces":{"east":{"uv":[0.0,1.0,0.0,0.0],"rotation":0,"texture":"#1","tintindex":0},"south":{"uv":[4.0,10.5,3.5,9.5],"rotation":0,"texture":"#1","tintindex":0},"north":{"uv":[4.0,9.5,3.5,8.5],"rotation":0,"texture":"#1","tintindex":0},"west":{"uv":[0.0,1.0,0.0,0.0],"rotation":0,"texture":"#1","tintindex":0},"up":{"uv":[0.0,0.0,0.5,0.0],"rotation":0,"texture":"#1","tintindex":0},"down":{"uv":[0.0,0.0,0.5,0.0],"rotation":0,"texture":"#1","tintindex":0}}},{"from":[8.70503,8.371911,5.6997447],"to":[9.619316,8.829054,6.156888],"rotation":{"angle":45.0,"axis":"y","origin":[9.478215,8.600483,5.602858]},"faces":{"east":{"uv":[7.5,9.5,8.0,10.0],"rotation":180,"texture":"#1","tintindex":0},"south":{"uv":[5.0,10.0,4.0,9.5],"rotation":0,"texture":"#1","tintindex":0},"north":{"uv":[5.0,7.5,4.0,7.0],"rotation":0,"texture":"#1","tintindex":0},"west":{"uv":[7.0,9.5,7.5,10.0],"rotation":180,"texture":"#1","tintindex":0},"up":{"uv":[9.5,5.0,10.5,4.5],"rotation":0,"texture":"#1","tintindex":0},"down":{"uv":[9.5,4.0,10.5,4.5],"rotation":0,"texture":"#1","tintindex":0}}},{"from":[8.231094,9.286197,7.104647],"to":[9.14538,9.74334,7.56179],"rotation":{"angle":45.0,"axis":"y","origin":[7.54538,8.371911,5.733218]},"faces":{"east":{"uv":[8.0,9.5,7.5,10.0],"rotation":0,"texture":"#1","tintindex":0},"south":{"uv":[5.0,9.5,4.0,10.0],"rotation":0,"texture":"#1","tintindex":0},"north":{"uv":[5.0,7.0,4.0,7.5],"rotation":0,"texture":"#1","tintindex":0},"west":{"uv":[7.5,9.5,7.0,10.0],"rotation":0,"texture":"#1","tintindex":0},"up":{"uv":[9.5,4.5,10.5,4.0],"rotation":0,"texture":"#1","tintindex":0},"down":{"uv":[9.5,4.5,10.5,5.0],"rotation":0,"texture":"#1","tintindex":0}}},{"from":[7.026048,9.286197,7.104647],"to":[7.940334,9.74334,7.56179],"rotation":{"angle":-45.0,"axis":"y","origin":[8.626048,8.371911,5.733218]},"faces":{"east":{"uv":[7.0,9.5,7.5,10.0],"rotation":0,"texture":"#1","tintindex":0},"south":{"uv":[4.0,9.5,5.0,10.0],"rotation":0,"texture":"#1","tintindex":0},"north":{"uv":[4.0,7.0,5.0,7.5],"rotation":0,"texture":"#1","tintindex":0},"west":{"uv":[7.5,9.5,8.0,10.0],"rotation":0,"texture":"#1","tintindex":0},"up":{"uv":[10.5,4.5,9.5,4.0],"rotation":0,"texture":"#1","tintindex":0},"down":{"uv":[10.5,4.5,9.5,5.0],"rotation":0,"texture":"#1","tintindex":0}}},{"from":[6.5257764,8.371911,4.724087],"to":[6.5257764,8.829054,5.638373],"rotation":{"angle":-22.5,"axis":"y","origin":[6.6932135,8.600483,5.602858]},"faces":{"east":{"uv":[6.0,9.5,5.0,10.0],"rotation":180,"texture":"#1","tintindex":0},"south":{"uv":[0.0,0.5,0.0,0.0],"rotation":0,"texture":"#1","tintindex":0},"north":{"uv":[0.0,0.5,0.0,0.0],"rotation":0,"texture":"#1","tintindex":0},"west":{"uv":[7.0,9.5,6.0,10.0],"rotation":180,"texture":"#1","tintindex":0},"up":{"uv":[0.0,1.0,0.0,0.0],"rotation":0,"texture":"#1","tintindex":0},"down":{"uv":[0.0,0.0,0.0,1.0],"rotation":0,"texture":"#1","tintindex":0}}},{"from":[9.0,7.229054,6.446663],"to":[9.914286,7.686197,6.9038057],"rotation":{"angle":0.0,"axis":"y","origin":[9.773185,7.1321673,6.675235]},"faces":{"east":{"uv":[7.5,9.5,8.0,10.0],"rotation":270,"texture":"#1","tintindex":0},"south":{"uv":[9.5,4.0,10.5,4.5],"rotation":0,"texture":"#1","tintindex":0},"north":{"uv":[9.5,5.0,10.5,4.5],"rotation":180,"texture":"#1","tintindex":0},"west":{"uv":[7.0,9.5,7.5,10.0],"rotation":90,"texture":"#1","tintindex":0},"up":{"uv":[5.0,10.0,4.0,9.5],"rotation":0,"texture":"#1","tintindex":0},"down":{"uv":[5.0,7.5,4.0,7.0],"rotation":180,"texture":"#1","tintindex":0}}},{"from":[9.242939,9.286197,5.374214],"to":[9.242939,9.74334,6.2885],"rotation":{"angle":22.5,"axis":"y","origin":[7.642939,8.371911,4.9170713]},"faces":{"east":{"uv":[7.0,9.5,6.0,10.0],"rotation":0,"texture":"#1","tintindex":0},"south":{"uv":[0.0,0.0,0.0,0.5],"rotation":0,"texture":"#1","tintindex":0},"north":{"uv":[0.0,0.0,0.0,0.5],"rotation":0,"texture":"#1","tintindex":0},"west":{"uv":[6.0,9.5,5.0,10.0],"rotation":0,"texture":"#1","tintindex":0},"up":{"uv":[0.0,1.0,0.0,0.0],"rotation":0,"texture":"#1","tintindex":0},"down":{"uv":[0.0,0.0,0.0,1.0],"rotation":0,"texture":"#1","tintindex":0}}},{"from":[6.5521126,8.371911,5.6997447],"to":[7.4663982,8.829054,6.156888],"rotation":{"angle":-45.0,"axis":"y","origin":[6.6932135,8.600483,5.602858]},"faces":{"east":{"uv":[7.5,9.5,7.0,10.0],"rotation":180,"texture":"#1","tintindex":0},"south":{"uv":[4.0,10.0,5.0,9.5],"rotation":0,"texture":"#1","tintindex":0},"north":{"uv":[4.0,7.5,5.0,7.0],"rotation":0,"texture":"#1","tintindex":0},"west":{"uv":[8.0,9.5,7.5,10.0],"rotation":180,"texture":"#1","tintindex":0},"up":{"uv":[10.5,5.0,9.5,4.5],"rotation":0,"texture":"#1","tintindex":0},"down":{"uv":[10.5,4.0,9.5,4.5],"rotation":0,"texture":"#1","tintindex":0}}},{"from":[6.257143,7.229054,6.446663],"to":[7.1714287,7.686197,6.9038057],"rotation":{"angle":0.0,"axis":"y","origin":[6.398244,7.1321673,6.675235]},"faces":{"east":{"uv":[7.0,10.0,7.5,9.5],"rotation":90,"texture":"#1","tintindex":0},"south":{"uv":[10.5,4.0,9.5,4.5],"rotation":0,"texture":"#1","tintindex":0},"north":{"uv":[10.5,5.0,9.5,4.5],"rotation":180,"texture":"#1","tintindex":0},"west":{"uv":[7.5,10.0,8.0,9.5],"rotation":270,"texture":"#1","tintindex":0},"up":{"uv":[4.0,10.0,5.0,9.5],"rotation":0,"texture":"#1","tintindex":0},"down":{"uv":[4.0,7.5,5.0,7.0],"rotation":180,"texture":"#1","tintindex":0}}},{"from":[7.4,6.771911,6.3323774],"to":[8.771429,7.686197,7.246663],"rotation":{"angle":22.5,"axis":"x","origin":[8.085714,7.0004826,7.0180917]},"faces":{"east":{"uv":[4.0,7.0,5.0,6.0],"rotation":0,"texture":"#1","tintindex":0},"south":{"uv":[9.5,1.0,11.0,0.0],"rotation":0,"texture":"#1","tintindex":0},"north":{"uv":[9.0,7.5,10.5,6.5],"rotation":0,"texture":"#1","tintindex":0},"west":{"uv":[9.5,4.0,10.5,3.0],"rotation":0,"texture":"#1","tintindex":0},"up":{"uv":[11.0,3.0,9.5,2.0],"rotation":0,"texture":"#1","tintindex":0},"down":{"uv":[11.0,1.0,9.5,2.0],"rotation":0,"texture":"#1","tintindex":0}}},{"from":[9.940622,6.253396,6.446663],"to":[9.940622,7.1676817,6.9038057],"rotation":{"angle":22.5,"axis":"z","origin":[9.773185,7.1321673,6.675235]},"faces":{"east":{"uv":[6.0,9.5,7.0,10.0],"rotation":270,"texture":"#1","tintindex":0},"south":{"uv":[0.0,0.0,0.0,1.0],"rotation":0,"texture":"#1","tintindex":0},"north":{"uv":[0.0,1.0,0.0,0.0],"rotation":180,"texture":"#1","tintindex":0},"west":{"uv":[5.0,9.5,6.0,10.0],"rotation":90,"texture":"#1","tintindex":0},"up":{"uv":[0.0,0.5,0.0,0.0],"rotation":0,"texture":"#1","tintindex":0},"down":{"uv":[0.0,0.5,0.0,0.0],"rotation":180,"texture":"#1","tintindex":0}}},{"from":[6.928489,9.286197,5.374214],"to":[6.928489,9.74334,6.2885],"rotation":{"angle":-22.5,"axis":"y","origin":[8.528489,8.371911,4.9170713]},"faces":{"east":{"uv":[5.0,9.5,6.0,10.0],"rotation":0,"texture":"#1","tintindex":0},"south":{"uv":[0.0,0.0,0.0,0.5],"rotation":0,"texture":"#1","tintindex":0},"north":{"uv":[0.0,0.0,0.0,0.5],"rotation":0,"texture":"#1","tintindex":0},"west":{"uv":[6.0,9.5,7.0,10.0],"rotation":0,"texture":"#1","tintindex":0},"up":{"uv":[0.0,1.0,0.0,0.0],"rotation":0,"texture":"#1","tintindex":0},"down":{"uv":[0.0,0.0,0.0,1.0],"rotation":0,"texture":"#1","tintindex":0}}}],"display":{"head":{"translation":[0.0,-6.4,0.0],"scale":[4.0,4.0,4.0]}}}