{"textures":{"0":"modelengine:entity/camel"},"elements":[{"from":[7.9994287,-0.5673523,-4.9302416],"to":[7.9994287,4.0040765,-2.0730991],"rotation":{"angle":-22.5,"axis":"x","origin":[9.713715,1.7183619,-4.3588133]},"faces":{"east":{"uv":[10.75,1.875,10.125,2.875],"rotation":0,"texture":"#0","tintindex":0},"south":{"uv":[0.0,0.0,0.0,1.0],"rotation":0,"texture":"#0","tintindex":0},"north":{"uv":[0.0,0.0,0.0,1.0],"rotation":0,"texture":"#0","tintindex":0},"west":{"uv":[10.125,1.875,10.75,2.875],"rotation":0,"texture":"#0","tintindex":0},"up":{"uv":[0.0,0.625,0.0,0.0],"rotation":0,"texture":"#0","tintindex":0},"down":{"uv":[0.0,0.0,0.0,0.625],"rotation":0,"texture":"#0","tintindex":0}}},{"from":[5.428571,-4.681365,-0.020305634],"to":[10.571428,1.6043491,5.69398],"rotation":{"angle":-45.0,"axis":"x","origin":[6.5714283,-0.681365,0.55112314]},"faces":{"east":{"uv":[1.375,6.125,2.625,7.5],"rotation":0,"texture":"#0","tintindex":0},"south":{"uv":[5.25,6.75,6.375,8.125],"rotation":0,"texture":"#0","tintindex":0},"north":{"uv":[6.75,1.125,7.875,2.5],"rotation":0,"texture":"#0","tintindex":0},"west":{"uv":[2.625,6.125,3.875,7.5],"rotation":0,"texture":"#0","tintindex":0},"up":{"uv":[7.5,8.0,6.375,6.75],"rotation":0,"texture":"#0","tintindex":0},"down":{"uv":[8.0,5.5,6.875,6.75],"rotation":0,"texture":"#0","tintindex":0}}},{"from":[4.285714,-5.714287,3.142857],"to":[11.714286,4.5714283,13.428572],"rotation":{"angle":0.0,"axis":"y","origin":[8.0,-0.2857151,8.0]},"faces":{"east":{"uv":[0.0,0.0,2.25,2.25],"rotation":0,"texture":"#0","tintindex":0},"south":{"uv":[2.25,2.25,3.875,4.5],"rotation":0,"texture":"#0","tintindex":0},"north":{"uv":[2.25,0.0,3.875,2.25],"rotation":0,"texture":"#0","tintindex":0},"west":{"uv":[0.0,2.25,2.25,4.5],"rotation":0,"texture":"#0","tintindex":0},"up":{"uv":[5.5,2.25,3.875,0.0],"rotation":0,"texture":"#0","tintindex":0},"down":{"uv":[5.5,2.25,3.875,4.5],"rotation":0,"texture":"#0","tintindex":0}}},{"from":[7.9994287,-8.652649,-0.91820335],"to":[7.9994287,-1.2240782,1.93894],"rotation":{"angle":-45.0,"axis":"x","origin":[8.285143,-4.65265,-3.2039165]},"faces":{"east":{"uv":[8.625,5.0,8.0,6.625],"rotation":0,"texture":"#0","tintindex":0},"south":{"uv":[0.0,0.0,0.0,1.625],"rotation":0,"texture":"#0","tintindex":0},"north":{"uv":[0.0,0.0,0.0,1.625],"rotation":0,"texture":"#0","tintindex":0},"west":{"uv":[8.0,5.0,8.625,6.625],"rotation":0,"texture":"#0","tintindex":0},"up":{"uv":[0.0,0.625,0.0,0.0],"rotation":0,"texture":"#0","tintindex":0},"down":{"uv":[0.0,0.0,0.0,0.625],"rotation":0,"texture":"#0","tintindex":0}}},{"from":[4.8571424,-2.8571434,13.428572],"to":[11.142858,4.5714283,19.142857],"rotation":{"angle":0.0,"axis":"y","origin":[7.714286,-13.714287,7.714286]},"faces":{"east":{"uv":[5.5,0.0,6.75,1.625],"rotation":0,"texture":"#0","tintindex":0},"south":{"uv":[1.375,4.5,2.75,6.125],"rotation":0,"texture":"#0","tintindex":0},"north":{"uv":[0.0,4.5,1.375,6.125],"rotation":0,"texture":"#0","tintindex":0},"west":{"uv":[5.5,1.625,6.75,3.25],"rotation":0,"texture":"#0","tintindex":0},"up":{"uv":[6.875,6.75,5.5,5.5],"rotation":0,"texture":"#0","tintindex":0},"down":{"uv":[1.375,6.125,0.0,7.375],"rotation":0,"texture":"#0","tintindex":0}}},{"from":[6.285714,1.2315335,-2.5178776],"to":[9.714286,5.8029623,2.0535522],"rotation":{"angle":-22.5,"axis":"x","origin":[8.0,3.5172482,-0.23216248]},"faces":{"east":{"uv":[7.875,1.125,8.875,2.125],"rotation":0,"texture":"#0","tintindex":0},"south":{"uv":[9.375,3.875,10.125,4.875],"rotation":0,"texture":"#0","tintindex":0},"north":{"uv":[9.25,7.625,10.0,8.625],"rotation":0,"texture":"#0","tintindex":0},"west":{"uv":[6.375,8.0,7.375,9.0],"rotation":0,"texture":"#0","tintindex":0},"up":{"uv":[10.125,5.875,9.375,4.875],"rotation":0,"texture":"#0","tintindex":0},"down":{"uv":[10.25,0.875,9.5,1.875],"rotation":0,"texture":"#0","tintindex":0}}},{"from":[6.5714283,2.083795,21.572506],"to":[9.428572,4.940938,21.572506],"rotation":{"angle":-45.0,"axis":"x","origin":[10.285714,1.2266521,21.572506]},"faces":{"east":{"uv":[0.0,0.0,0.0,0.625],"rotation":0,"texture":"#0","tintindex":0},"south":{"uv":[10.25,0.75,10.875,1.375],"rotation":0,"texture":"#0","tintindex":0},"north":{"uv":[10.25,0.75,10.875,1.375],"rotation":0,"texture":"#0","tintindex":0},"west":{"uv":[0.0,0.0,0.0,0.625],"rotation":0,"texture":"#0","tintindex":0},"up":{"uv":[0.625,0.0,0.0,0.0],"rotation":0,"texture":"#0","tintindex":0},"down":{"uv":[0.625,0.0,0.0,0.0],"rotation":0,"texture":"#0","tintindex":0}}},{"from":[4.8571424,3.4285712,4.285714],"to":[11.142858,8.571428,11.714286],"rotation":{"angle":0.0,"axis":"y","origin":[8.0,8.0,7.428571]},"faces":{"east":{"uv":[5.5,3.25,7.125,4.375],"rotation":0,"texture":"#0","tintindex":0},"south":{"uv":[6.75,0.0,8.125,1.125],"rotation":0,"texture":"#0","tintindex":0},"north":{"uv":[3.875,6.125,5.25,7.25],"rotation":0,"texture":"#0","tintindex":0},"west":{"uv":[5.5,4.375,7.125,5.5],"rotation":0,"texture":"#0","tintindex":0},"up":{"uv":[4.125,6.125,2.75,4.5],"rotation":0,"texture":"#0","tintindex":0},"down":{"uv":[5.5,4.5,4.125,6.125],"rotation":0,"texture":"#0","tintindex":0}}},{"from":[6.5714283,-3.8158922,21.294834],"to":[9.428572,1.8983936,21.294834],"rotation":{"angle":-22.5,"axis":"x","origin":[10.285714,1.0412507,21.294834]},"faces":{"east":{"uv":[0.0,0.0,0.0,1.25],"rotation":0,"texture":"#0","tintindex":0},"south":{"uv":[8.125,9.125,8.75,10.375],"rotation":0,"texture":"#0","tintindex":0},"north":{"uv":[8.125,9.125,8.75,10.375],"rotation":0,"texture":"#0","tintindex":0},"west":{"uv":[0.0,0.0,0.0,1.25],"rotation":0,"texture":"#0","tintindex":0},"up":{"uv":[0.625,0.0,0.0,0.0],"rotation":0,"texture":"#0","tintindex":0},"down":{"uv":[0.625,0.0,0.0,0.0],"rotation":0,"texture":"#0","tintindex":0}}},{"from":[6.285714,4.7542677,-3.2185926],"to":[9.714286,10.468554,1.0385509],"rotation":{"angle":0.0,"axis":"y","origin":[8.0,7.039982,-0.93287754]},"faces":{"east":{"uv":[2.0,7.5,2.875,8.75],"rotation":0,"texture":"#0","tintindex":0},"south":{"uv":[0.0,8.625,0.75,9.875],"rotation":0,"texture":"#0","tintindex":0},"north":{"uv":[8.5,7.875,9.25,9.125],"rotation":0,"texture":"#0","tintindex":0},"west":{"uv":[2.875,7.5,3.75,8.75],"rotation":0,"texture":"#0","tintindex":0},"up":{"uv":[1.25,10.75,0.5,9.875],"rotation":0,"texture":"#0","tintindex":0},"down":{"uv":[2.0,9.875,1.25,10.75],"rotation":0,"texture":"#0","tintindex":0}}},{"from":[8.0,3.6114101,-5.761449],"to":[8.0,10.468554,-3.2185926],"rotation":{"angle":0.0,"axis":"y","origin":[9.714286,7.039982,-5.1900206]},"faces":{"east":{"uv":[0.5,9.875,0.0,11.375],"rotation":0,"texture":"#0","tintindex":0},"south":{"uv":[0.0,0.0,0.0,1.5],"rotation":0,"texture":"#0","tintindex":0},"north":{"uv":[0.0,0.0,0.0,1.5],"rotation":0,"texture":"#0","tintindex":0},"west":{"uv":[0.0,9.875,0.5,11.375],"rotation":0,"texture":"#0","tintindex":0},"up":{"uv":[0.0,0.5,0.0,0.0],"rotation":0,"texture":"#0","tintindex":0},"down":{"uv":[0.0,0.0,0.0,0.5],"rotation":0,"texture":"#0","tintindex":0}}}],"display":{"head":{"translation":[0.0,-6.4,0.0],"scale":[4.0,4.0,4.0]}}}