{"textures":{"0":"modelengine:entity/camel"},"elements":[{"from":[7.189235,-3.4200773,5.995707],"to":[8.903522,8.008494,7.995707],"rotation":{"angle":0.0,"axis":"y","origin":[7.933884,8.059956,7.9674597]},"faces":{"east":{"uv":[8.125,6.625,8.5,9.125],"rotation":0,"texture":"#0","tintindex":0},"south":{"uv":[7.375,8.375,7.75,10.875],"rotation":0,"texture":"#0","tintindex":0},"north":{"uv":[5.75,8.125,6.125,10.625],"rotation":0,"texture":"#0","tintindex":0},"west":{"uv":[7.75,8.375,8.125,10.875],"rotation":0,"texture":"#0","tintindex":0},"up":{"uv":[9.625,9.0,9.25,8.625],"rotation":0,"texture":"#0","tintindex":0},"down":{"uv":[10.625,1.375,10.25,1.75],"rotation":0,"texture":"#0","tintindex":0}}}],"display":{"head":{"translation":[0.0,-6.4,0.0],"scale":[4.0,4.0,4.0]}}}