{"textures":{"0":"modelengine:entity/camel"},"elements":[{"from":[7.808119,6.8096023,7.9674077],"to":[11.2366905,12.523888,12.5388365],"rotation":{"angle":-22.5,"axis":"x","origin":[7.895378,4.31869,13.80792]},"faces":{"east":{"uv":[8.125,3.75,7.125,5.0],"rotation":0,"texture":"#0","tintindex":0},"south":{"uv":[9.25,6.625,8.5,7.875],"rotation":0,"texture":"#0","tintindex":0},"north":{"uv":[4.5,8.5,3.75,9.75],"rotation":0,"texture":"#0","tintindex":0},"west":{"uv":[8.125,2.5,7.125,3.75],"rotation":0,"texture":"#0","tintindex":0},"up":{"uv":[4.875,10.25,5.625,9.25],"rotation":0,"texture":"#0","tintindex":0},"down":{"uv":[9.25,6.625,10.0,7.625],"rotation":0,"texture":"#0","tintindex":0}}},{"from":[9.522405,0.52388763,8.5388365],"to":[11.2366905,6.8096023,11.395979],"rotation":{"angle":-22.5,"axis":"x","origin":[7.895378,4.31869,13.80792]},"faces":{"east":{"uv":[3.625,8.75,3.0,10.125],"rotation":0,"texture":"#0","tintindex":0},"south":{"uv":[2.75,10.125,2.375,11.5],"rotation":0,"texture":"#0","tintindex":0},"north":{"uv":[4.5,9.75,4.125,11.125],"rotation":0,"texture":"#0","tintindex":0},"west":{"uv":[3.0,8.75,2.375,10.125],"rotation":0,"texture":"#0","tintindex":0},"up":{"uv":[6.75,3.125,7.125,2.5],"rotation":0,"texture":"#0","tintindex":0},"down":{"uv":[4.875,7.25,5.25,7.875],"rotation":0,"texture":"#0","tintindex":0}}}],"display":{"head":{"translation":[0.0,-6.4,0.0],"scale":[4.0,4.0,4.0]}}}