{"textures":{"0":"modelengine:entity/camel"},"elements":[{"from":[7.096479,-3.4200773,5.995707],"to":[8.810764,8.008494,7.995707],"rotation":{"angle":0.0,"axis":"y","origin":[8.066115,8.059956,7.9674597]},"faces":{"east":{"uv":[8.125,8.375,7.75,10.875],"rotation":0,"texture":"#0","tintindex":0},"south":{"uv":[7.75,8.375,7.375,10.875],"rotation":0,"texture":"#0","tintindex":0},"north":{"uv":[6.125,8.125,5.75,10.625],"rotation":0,"texture":"#0","tintindex":0},"west":{"uv":[8.5,6.625,8.125,9.125],"rotation":0,"texture":"#0","tintindex":0},"up":{"uv":[9.25,9.0,9.625,8.625],"rotation":0,"texture":"#0","tintindex":0},"down":{"uv":[10.25,1.375,10.625,1.75],"rotation":0,"texture":"#0","tintindex":0}}}],"display":{"head":{"translation":[0.0,-6.4,0.0],"scale":[4.0,4.0,4.0]}}}