{"textures":{"0":"modelengine:entity/battlebeetle"},"elements":[{"from":[11.671652,6.488274,23.13841],"to":[14.820452,8.8498745,30.616812],"rotation":{"angle":-45.0,"axis":"y","origin":[35.47058,7.7302856,18.102398]},"faces":{"east":{"uv":[11.125,9.75,9.75,10.125],"rotation":0,"texture":"#0","tintindex":0},"south":{"uv":[6.0,1.25,6.625,1.625],"rotation":0,"texture":"#0","tintindex":0},"north":{"uv":[3.375,1.625,4.0,2.0],"rotation":0,"texture":"#0","tintindex":0},"west":{"uv":[9.75,9.75,11.125,10.125],"rotation":0,"texture":"#0","tintindex":0},"up":{"uv":[2.25,10.125,2.875,8.75],"rotation":0,"texture":"#0","tintindex":0},"down":{"uv":[11.125,10.125,9.75,9.75],"rotation":90,"texture":"#0","tintindex":0}}},{"from":[14.553554,11.226392,0.04677677],"to":[16.915154,12.800792,7.0753484],"rotation":{"angle":-22.5,"axis":"x","origin":[35.47058,7.7302856,18.102398]},"faces":{"east":{"uv":[8.5,10.375,7.25,10.625],"rotation":0,"texture":"#0","tintindex":0},"south":{"uv":[8.75,7.0,9.125,7.25],"rotation":0,"texture":"#0","tintindex":0},"north":{"uv":[3.5,8.75,3.875,9.0],"rotation":0,"texture":"#0","tintindex":0},"west":{"uv":[7.25,10.375,8.5,10.625],"rotation":0,"texture":"#0","tintindex":0},"up":{"uv":[6.5,1.25,6.875,0.0],"rotation":0,"texture":"#0","tintindex":0},"down":{"uv":[7.25,10.375,8.5,10.625],"rotation":90,"texture":"#0","tintindex":0}}},{"from":[2.0145812,1.5559697,11.714037],"to":[13.822582,5.4919696,18.067867],"rotation":{"angle":22.5,"axis":"x","origin":[35.47058,7.7302856,18.102398]},"faces":{"east":{"uv":[6.875,9.5,5.75,10.25],"rotation":0,"texture":"#0","tintindex":0},"south":{"uv":[8.0,3.875,10.125,4.625],"rotation":0,"texture":"#0","tintindex":0},"north":{"uv":[8.0,3.125,10.125,3.875],"rotation":0,"texture":"#0","tintindex":0},"west":{"uv":[5.75,9.5,6.875,10.25],"rotation":0,"texture":"#0","tintindex":0},"up":{"uv":[9.0,6.125,6.875,5.0],"rotation":0,"texture":"#0","tintindex":0},"down":{"uv":[9.5,7.375,7.375,8.5],"rotation":0,"texture":"#0","tintindex":0}}},{"from":[2.4081812,-4.4251432,18.56137],"to":[13.428982,0.281188,32.0],"rotation":{"angle":22.5,"axis":"x","origin":[35.47058,0.07314253,19.798397]},"faces":{"east":{"uv":[10.5,0.0,8.0,0.875],"rotation":0,"texture":"#0","tintindex":0},"south":{"uv":[0.0,3.375,2.0,4.25],"rotation":0,"texture":"#0","tintindex":0},"north":{"uv":[0.0,2.5,2.0,3.375],"rotation":0,"texture":"#0","tintindex":0},"west":{"uv":[8.0,0.0,10.5,0.875],"rotation":0,"texture":"#0","tintindex":0},"up":{"uv":[2.0,2.5,0.0,0.0],"rotation":0,"texture":"#0","tintindex":0},"down":{"uv":[4.0,2.0,2.0,4.5],"rotation":0,"texture":"#0","tintindex":0}}},{"from":[3.3921814,0.12767172,19.46364],"to":[12.444982,5.188243,24.130611],"rotation":{"angle":45.0,"axis":"x","origin":[35.47058,7.1588573,18.673826]},"faces":{"east":{"uv":[10.375,7.875,9.5,8.75],"rotation":0,"texture":"#0","tintindex":0},"south":{"uv":[2.25,7.0,3.875,7.875],"rotation":0,"texture":"#0","tintindex":0},"north":{"uv":[4.875,0.0,6.5,0.875],"rotation":0,"texture":"#0","tintindex":0},"west":{"uv":[9.5,7.875,10.375,8.75],"rotation":0,"texture":"#0","tintindex":0},"up":{"uv":[3.875,8.75,2.25,7.875],"rotation":0,"texture":"#0","tintindex":0},"down":{"uv":[5.5,8.125,3.875,9.0],"rotation":0,"texture":"#0","tintindex":0}}},{"from":[-4.77102,4.278491,11.541527],"to":[-3.196621,5.852891,15.196384],"rotation":{"angle":-22.5,"axis":"y","origin":[35.47058,7.7302856,18.102398]},"faces":{"east":{"uv":[8.625,4.625,8.0,4.875],"rotation":0,"texture":"#0","tintindex":0},"south":{"uv":[9.625,10.75,9.875,11.0],"rotation":0,"texture":"#0","tintindex":0},"north":{"uv":[8.75,10.75,9.0,11.0],"rotation":0,"texture":"#0","tintindex":0},"west":{"uv":[8.0,4.625,8.625,4.875],"rotation":0,"texture":"#0","tintindex":0},"up":{"uv":[6.875,10.875,6.625,10.25],"rotation":0,"texture":"#0","tintindex":0},"down":{"uv":[8.0,4.625,8.625,4.875],"rotation":270,"texture":"#0","tintindex":0}}},{"from":[3.51081,5.330046,13.55562],"to":[12.43881,5.8923316,18.34602],"rotation":{"angle":22.5,"axis":"x","origin":[35.47058,7.7302856,18.102398]},"faces":{"east":{"uv":[8.25,10.625,9.125,10.75],"rotation":0,"texture":"#0","tintindex":0},"south":{"uv":[10.375,8.625,12.0,8.75],"rotation":0,"texture":"#0","tintindex":0},"north":{"uv":[10.25,10.125,11.875,10.25],"rotation":0,"texture":"#0","tintindex":0},"west":{"uv":[10.625,0.25,11.5,0.375],"rotation":0,"texture":"#0","tintindex":0},"up":{"uv":[9.0,9.375,7.375,8.5],"rotation":0,"texture":"#0","tintindex":0},"down":{"uv":[1.625,8.625,0.0,9.5],"rotation":0,"texture":"#0","tintindex":0}}},{"from":[23.228325,4.278491,-9.54586],"to":[24.802725,5.852891,-5.8910046],"rotation":{"angle":22.5,"axis":"y","origin":[35.47058,7.7302856,18.102398]},"faces":{"east":{"uv":[8.625,4.625,8.0,4.875],"rotation":0,"texture":"#0","tintindex":0},"south":{"uv":[8.5,10.75,8.75,11.0],"rotation":0,"texture":"#0","tintindex":0},"north":{"uv":[8.25,10.75,8.5,11.0],"rotation":0,"texture":"#0","tintindex":0},"west":{"uv":[8.0,4.625,8.625,4.875],"rotation":0,"texture":"#0","tintindex":0},"up":{"uv":[6.875,10.875,6.625,10.25],"rotation":0,"texture":"#0","tintindex":0},"down":{"uv":[8.625,4.625,8.0,4.875],"rotation":270,"texture":"#0","tintindex":0}}},{"from":[17.1563,6.488274,-15.826002],"to":[20.3051,8.8498745,-8.347603],"rotation":{"angle":45.0,"axis":"y","origin":[35.47058,7.7302856,18.102398]},"faces":{"east":{"uv":[11.125,9.75,9.75,10.125],"rotation":0,"texture":"#0","tintindex":0},"south":{"uv":[6.25,5.625,6.875,6.0],"rotation":0,"texture":"#0","tintindex":0},"north":{"uv":[2.25,6.125,2.875,6.5],"rotation":0,"texture":"#0","tintindex":0},"west":{"uv":[9.75,9.75,11.125,10.125],"rotation":0,"texture":"#0","tintindex":0},"up":{"uv":[2.875,10.125,2.25,8.75],"rotation":0,"texture":"#0","tintindex":0},"down":{"uv":[11.125,9.75,9.75,10.125],"rotation":90,"texture":"#0","tintindex":0}}},{"from":[-1.0779905,11.226392,0.04677677],"to":[1.2836099,12.800792,7.0753484],"rotation":{"angle":-22.5,"axis":"x","origin":[35.47058,7.7302856,18.102398]},"faces":{"east":{"uv":[8.5,10.375,7.25,10.625],"rotation":0,"texture":"#0","tintindex":0},"south":{"uv":[8.625,4.625,9.0,4.875],"rotation":0,"texture":"#0","tintindex":0},"north":{"uv":[6.0,0.875,6.375,1.125],"rotation":0,"texture":"#0","tintindex":0},"west":{"uv":[7.25,10.375,8.5,10.625],"rotation":0,"texture":"#0","tintindex":0},"up":{"uv":[6.875,1.25,6.5,0.0],"rotation":0,"texture":"#0","tintindex":0},"down":{"uv":[8.5,10.375,7.25,10.625],"rotation":90,"texture":"#0","tintindex":0}}},{"from":[16.255999,7.6297145,-1.8834839],"to":[32.0,7.6297145,7.1130886],"rotation":{"angle":22.5,"axis":"y","origin":[35.47058,7.7302856,18.102398]},"faces":{"east":{"uv":[0.0,0.0,1.625,0.0],"rotation":0,"texture":"#0","tintindex":0},"south":{"uv":[0.0,0.0,2.875,0.0],"rotation":0,"texture":"#0","tintindex":0},"north":{"uv":[0.0,0.0,2.875,0.0],"rotation":0,"texture":"#0","tintindex":0},"west":{"uv":[0.0,0.0,1.625,0.0],"rotation":0,"texture":"#0","tintindex":0},"up":{"uv":[2.0,1.625,4.875,0.0],"rotation":0,"texture":"#0","tintindex":0},"down":{"uv":[2.0,0.0,4.875,1.625],"rotation":0,"texture":"#0","tintindex":0}}},{"from":[-11.968292,7.6297145,19.203905],"to":[3.7757072,7.6297145,28.200478],"rotation":{"angle":-22.5,"axis":"y","origin":[35.47058,7.7302856,18.102398]},"faces":{"east":{"uv":[0.0,0.0,1.625,0.0],"rotation":0,"texture":"#0","tintindex":0},"south":{"uv":[0.0,0.0,2.875,0.0],"rotation":0,"texture":"#0","tintindex":0},"north":{"uv":[0.0,0.0,2.875,0.0],"rotation":0,"texture":"#0","tintindex":0},"west":{"uv":[0.0,0.0,1.625,0.0],"rotation":0,"texture":"#0","tintindex":0},"up":{"uv":[4.875,1.625,2.0,0.0],"rotation":0,"texture":"#0","tintindex":0},"down":{"uv":[4.875,0.0,2.0,1.625],"rotation":0,"texture":"#0","tintindex":0}}}],"display":{"head":{"translation":[1.1668167,-6.4,8.760696],"scale":[4.0,4.0,4.0]}}}