{"textures":{"0":"modelengine:entity/battlebeetle"},"elements":[{"from":[2.1631994,0.67954254,7.2573714],"to":[3.2877712,9.001371,8.381943],"rotation":{"angle":-45.0,"axis":"z","origin":[1.3759999,9.929143,9.028571]},"faces":{"east":{"uv":[0.0,10.25,0.25,11.75],"rotation":0,"texture":"#0","tintindex":0},"south":{"uv":[0.25,10.25,0.5,11.75],"rotation":0,"texture":"#0","tintindex":0},"north":{"uv":[3.25,10.125,3.5,11.625],"rotation":0,"texture":"#0","tintindex":0},"west":{"uv":[0.5,10.25,0.75,11.75],"rotation":0,"texture":"#0","tintindex":0},"up":{"uv":[2.25,11.0,2.0,10.75],"rotation":0,"texture":"#0","tintindex":0},"down":{"uv":[2.5,10.75,2.25,11.0],"rotation":0,"texture":"#0","tintindex":0}}},{"from":[-8.0704,2.0571427,8.578743],"to":[-3.3472004,2.9568,9.4784],"rotation":{"angle":45.0,"axis":"y","origin":[-5.3714285,2.0571427,9.028571]},"faces":{"east":{"uv":[6.375,1.0,6.5,1.125],"rotation":0,"texture":"#0","tintindex":0},"south":{"uv":[10.5,2.0,11.375,2.125],"rotation":0,"texture":"#0","tintindex":0},"north":{"uv":[4.625,9.375,5.5,9.5],"rotation":0,"texture":"#0","tintindex":0},"west":{"uv":[6.375,1.125,6.5,1.25],"rotation":0,"texture":"#0","tintindex":0},"up":{"uv":[11.375,2.25,10.5,2.125],"rotation":0,"texture":"#0","tintindex":0},"down":{"uv":[11.375,2.25,10.5,2.375],"rotation":0,"texture":"#0","tintindex":0}}},{"from":[1.5728002,7.567543,7.060571],"to":[9.8384,9.141943,8.634972],"rotation":{"angle":0.0,"axis":"y","origin":[-22.24,37.481144,40.51657]},"faces":{"east":{"uv":[9.25,8.5,9.5,8.75],"rotation":0,"texture":"#0","tintindex":0},"south":{"uv":[10.125,4.375,11.625,4.625],"rotation":0,"texture":"#0","tintindex":0},"north":{"uv":[10.125,4.125,11.625,4.375],"rotation":0,"texture":"#0","tintindex":0},"west":{"uv":[8.375,9.375,8.625,9.625],"rotation":0,"texture":"#0","tintindex":0},"up":{"uv":[11.625,4.875,10.125,4.625],"rotation":0,"texture":"#0","tintindex":0},"down":{"uv":[11.625,4.875,10.125,5.125],"rotation":0,"texture":"#0","tintindex":0}}}],"display":{"head":{"translation":[0.0,-6.4,0.0],"scale":[4.0,4.0,4.0]}}}