{"textures":{"0":"modelengine:entity/battlebeetle"},"elements":[{"from":[5.0582857,7.5337143,6.5344],"to":[10.962286,7.5337143,20.366629],"rotation":{"angle":22.5,"axis":"x","origin":[38.51429,6.9714284,7.7714286]},"faces":{"east":{"uv":[0.0,0.0,2.5,0.0],"rotation":0,"texture":"#0","tintindex":0},"south":{"uv":[0.0,0.0,1.125,0.0],"rotation":0,"texture":"#0","tintindex":0},"north":{"uv":[0.0,0.0,1.125,0.0],"rotation":0,"texture":"#0","tintindex":0},"west":{"uv":[0.0,0.0,2.5,0.0],"rotation":0,"texture":"#0","tintindex":0},"up":{"uv":[6.875,2.5,8.0,0.0],"rotation":0,"texture":"#0","tintindex":0},"down":{"uv":[6.875,0.0,8.0,2.5],"rotation":0,"texture":"#0","tintindex":0}}}],"display":{"head":{"translation":[0.0,-6.4,0.0],"scale":[4.0,4.0,4.0]}}}