{"textures":{"0":"modelengine:entity/battlebeetle"},"elements":[{"from":[-0.12777233,7.320686,7.118171],"to":[8.137829,8.895086,8.692572],"rotation":{"angle":0.0,"axis":"y","origin":[-23.940573,37.234287,38.212574]},"faces":{"east":{"uv":[1.75,4.25,2.0,4.5],"rotation":0,"texture":"#0","tintindex":0},"south":{"uv":[1.75,10.125,3.25,10.375],"rotation":0,"texture":"#0","tintindex":0},"north":{"uv":[9.875,6.625,11.375,6.875],"rotation":0,"texture":"#0","tintindex":0},"west":{"uv":[6.625,1.25,6.875,1.5],"rotation":0,"texture":"#0","tintindex":0},"up":{"uv":[8.75,10.375,7.25,10.125],"rotation":0,"texture":"#0","tintindex":0},"down":{"uv":[10.25,10.125,8.75,10.375],"rotation":0,"texture":"#0","tintindex":0}}},{"from":[1.0249138,0.68571377,-3.8464003],"to":[1.924571,1.585371,0.8767996],"rotation":{"angle":22.5,"axis":"y","origin":[0.79999924,0.68571377,5.6]},"faces":{"east":{"uv":[8.0,4.875,8.875,5.0],"rotation":0,"texture":"#0","tintindex":0},"south":{"uv":[6.125,1.125,6.25,1.25],"rotation":0,"texture":"#0","tintindex":0},"north":{"uv":[6.0,1.125,6.125,1.25],"rotation":0,"texture":"#0","tintindex":0},"west":{"uv":[4.625,9.0,5.5,9.125],"rotation":0,"texture":"#0","tintindex":0},"up":{"uv":[4.0,7.875,3.875,7.0],"rotation":0,"texture":"#0","tintindex":0},"down":{"uv":[1.125,10.25,1.0,11.125],"rotation":0,"texture":"#0","tintindex":0}}},{"from":[-1.1117716,6.842743,-2.5250292],"to":[0.01279974,7.9673142,6.9213715],"rotation":{"angle":-45.0,"axis":"x","origin":[-1.4491425,8.557714,6.724571]},"faces":{"east":{"uv":[0.0,4.25,1.75,4.5],"rotation":0,"texture":"#0","tintindex":0},"south":{"uv":[10.625,1.375,10.875,1.625],"rotation":0,"texture":"#0","tintindex":0},"north":{"uv":[10.625,1.125,10.875,1.375],"rotation":0,"texture":"#0","tintindex":0},"west":{"uv":[9.0,8.75,10.75,9.0],"rotation":0,"texture":"#0","tintindex":0},"up":{"uv":[4.125,11.5,3.875,9.75],"rotation":0,"texture":"#0","tintindex":0},"down":{"uv":[4.375,9.75,4.125,11.5],"rotation":0,"texture":"#0","tintindex":0}}}],"display":{"head":{"translation":[0.0,-6.4,0.0],"scale":[4.0,4.0,4.0]}}}