{"textures":{"0":"modelengine:entity/battlebeetle"},"elements":[{"from":[4.6646852,8.482007,6.420114],"to":[10.962286,8.482007,20.256279],"rotation":{"angle":22.5,"axis":"x","origin":[38.51429,6.742857,7.6571426]},"faces":{"east":{"uv":[0.0,0.0,2.5,0.0],"rotation":0,"texture":"#0","tintindex":0},"south":{"uv":[0.0,0.0,1.125,0.0],"rotation":0,"texture":"#0","tintindex":0},"north":{"uv":[0.0,0.0,1.125,0.0],"rotation":0,"texture":"#0","tintindex":0},"west":{"uv":[0.0,0.0,2.5,0.0],"rotation":0,"texture":"#0","tintindex":0},"up":{"uv":[4.0,7.0,2.875,4.5],"rotation":0,"texture":"#0","tintindex":0},"down":{"uv":[4.0,4.5,2.875,7.0],"rotation":0,"texture":"#0","tintindex":0}}},{"from":[4.6646852,4.4937143,6.420114],"to":[4.6646852,8.485943,20.252344],"rotation":{"angle":22.5,"axis":"x","origin":[38.51429,6.742857,7.6571426]},"faces":{"east":{"uv":[10.5,0.875,8.0,1.625],"rotation":0,"texture":"#0","tintindex":0},"south":{"uv":[0.0,0.0,0.0,0.75],"rotation":0,"texture":"#0","tintindex":0},"north":{"uv":[0.0,0.0,0.0,0.75],"rotation":0,"texture":"#0","tintindex":0},"west":{"uv":[8.0,0.875,10.5,1.625],"rotation":0,"texture":"#0","tintindex":0},"up":{"uv":[0.0,2.5,0.0,0.0],"rotation":0,"texture":"#0","tintindex":0},"down":{"uv":[0.0,0.0,0.0,2.5],"rotation":0,"texture":"#0","tintindex":0}}},{"from":[4.6646852,4.4937143,6.416178],"to":[10.962286,8.485943,6.416178],"rotation":{"angle":22.5,"axis":"x","origin":[38.51429,6.742857,7.6571426]},"faces":{"east":{"uv":[0.0,0.0,0.0,0.75],"rotation":0,"texture":"#0","tintindex":0},"south":{"uv":[6.125,8.75,7.25,9.5],"rotation":0,"texture":"#0","tintindex":0},"north":{"uv":[7.25,8.75,6.125,9.5],"rotation":0,"texture":"#0","tintindex":0},"west":{"uv":[0.0,0.0,0.0,0.75],"rotation":0,"texture":"#0","tintindex":0},"up":{"uv":[1.125,0.0,0.0,0.0],"rotation":0,"texture":"#0","tintindex":0},"down":{"uv":[1.125,0.0,0.0,0.0],"rotation":0,"texture":"#0","tintindex":0}}},{"from":[4.6646852,4.9199653,20.340508],"to":[10.962286,8.912194,20.340508],"rotation":{"angle":22.5,"axis":"x","origin":[38.51429,7.1691084,6.6207347]},"faces":{"east":{"uv":[0.0,0.0,0.0,0.75],"rotation":0,"texture":"#0","tintindex":0},"south":{"uv":[6.125,8.75,7.25,9.5],"rotation":0,"texture":"#0","tintindex":0},"north":{"uv":[7.25,8.75,6.125,9.5],"rotation":0,"texture":"#0","tintindex":0},"west":{"uv":[0.0,0.0,0.0,0.75],"rotation":0,"texture":"#0","tintindex":0},"up":{"uv":[1.125,0.0,0.0,0.0],"rotation":0,"texture":"#0","tintindex":0},"down":{"uv":[1.125,0.0,0.0,0.0],"rotation":0,"texture":"#0","tintindex":0}}}],"display":{"head":{"translation":[0.0,-6.4,0.0],"scale":[4.0,4.0,4.0]}}}