{"textures":{"0":"modelengine:entity/battlebeetle"},"elements":[{"from":[1.2436571,7.3755426,7.3056],"to":[7.260114,8.949943,8.88],"rotation":{"angle":0.0,"axis":"y","origin":[-22.569143,37.289146,38.4]},"faces":{"east":{"uv":[9.375,10.625,9.625,10.875],"rotation":0,"texture":"#0","tintindex":0},"south":{"uv":[10.375,7.375,11.5,7.625],"rotation":0,"texture":"#0","tintindex":0},"north":{"uv":[10.375,7.125,11.5,7.375],"rotation":0,"texture":"#0","tintindex":0},"west":{"uv":[10.625,0.375,10.875,0.625],"rotation":0,"texture":"#0","tintindex":0},"up":{"uv":[11.5,7.875,10.375,7.625],"rotation":0,"texture":"#0","tintindex":0},"down":{"uv":[11.5,7.875,10.375,8.125],"rotation":0,"texture":"#0","tintindex":0}}},{"from":[0.5126853,7.263086,8.16915],"to":[1.6372571,8.387657,16.49098],"rotation":{"angle":22.5,"axis":"x","origin":[1.0468569,8.612572,8.0365715]},"faces":{"east":{"uv":[10.125,9.0,11.625,9.25],"rotation":0,"texture":"#0","tintindex":0},"south":{"uv":[7.375,10.75,7.625,11.0],"rotation":0,"texture":"#0","tintindex":0},"north":{"uv":[7.125,10.75,7.375,11.0],"rotation":0,"texture":"#0","tintindex":0},"west":{"uv":[10.125,9.25,11.625,9.5],"rotation":0,"texture":"#0","tintindex":0},"up":{"uv":[5.625,11.75,5.375,10.25],"rotation":0,"texture":"#0","tintindex":0},"down":{"uv":[5.875,10.25,5.625,11.75],"rotation":0,"texture":"#0","tintindex":0}}},{"from":[2.733714,4.1142855,15.233829],"to":[3.6333714,5.0139427,19.95703],"rotation":{"angle":-22.5,"axis":"y","origin":[2.1714282,4.1142855,10.285714]},"faces":{"east":{"uv":[10.5,2.875,11.375,3.0],"rotation":0,"texture":"#0","tintindex":0},"south":{"uv":[6.75,1.5,6.875,1.625],"rotation":0,"texture":"#0","tintindex":0},"north":{"uv":[6.625,3.875,6.75,4.0],"rotation":0,"texture":"#0","tintindex":0},"west":{"uv":[10.5,3.0,11.375,3.125],"rotation":0,"texture":"#0","tintindex":0},"up":{"uv":[1.875,11.5,1.75,10.625],"rotation":0,"texture":"#0","tintindex":0},"down":{"uv":[2.0,10.625,1.875,11.5],"rotation":0,"texture":"#0","tintindex":0}}}],"display":{"head":{"translation":[0.0,-6.4,0.0],"scale":[4.0,4.0,4.0]}}}