{"textures":{"0":"modelengine:entity/battlebeetle"},"elements":[{"from":[12.026514,0.67954254,7.2573714],"to":[13.151086,9.001371,8.381943],"rotation":{"angle":45.0,"axis":"z","origin":[13.938286,9.929143,9.028571]},"faces":{"east":{"uv":[4.625,10.25,4.875,11.75],"rotation":0,"texture":"#0","tintindex":0},"south":{"uv":[4.875,10.25,5.125,11.75],"rotation":0,"texture":"#0","tintindex":0},"north":{"uv":[0.75,10.25,1.0,11.75],"rotation":0,"texture":"#0","tintindex":0},"west":{"uv":[5.125,10.25,5.375,11.75],"rotation":0,"texture":"#0","tintindex":0},"up":{"uv":[2.75,11.0,2.5,10.75],"rotation":0,"texture":"#0","tintindex":0},"down":{"uv":[7.125,10.75,6.875,11.0],"rotation":0,"texture":"#0","tintindex":0}}},{"from":[5.4758854,7.567543,7.060571],"to":[13.741486,9.141943,8.634972],"rotation":{"angle":0.0,"axis":"y","origin":[37.554287,37.481144,40.51657]},"faces":{"east":{"uv":[8.625,9.375,8.875,9.625],"rotation":0,"texture":"#0","tintindex":0},"south":{"uv":[10.125,5.375,11.625,5.625],"rotation":0,"texture":"#0","tintindex":0},"north":{"uv":[10.125,5.125,11.625,5.375],"rotation":0,"texture":"#0","tintindex":0},"west":{"uv":[9.125,10.625,9.375,10.875],"rotation":0,"texture":"#0","tintindex":0},"up":{"uv":[11.625,5.875,10.125,5.625],"rotation":0,"texture":"#0","tintindex":0},"down":{"uv":[11.625,5.875,10.125,6.125],"rotation":0,"texture":"#0","tintindex":0}}},{"from":[18.661488,2.0571427,8.578743],"to":[23.384686,2.9568,9.4784],"rotation":{"angle":-45.0,"axis":"y","origin":[20.685715,2.0571427,9.028571]},"faces":{"east":{"uv":[6.5,3.875,6.625,4.0],"rotation":0,"texture":"#0","tintindex":0},"south":{"uv":[10.5,2.5,11.375,2.625],"rotation":0,"texture":"#0","tintindex":0},"north":{"uv":[10.5,2.375,11.375,2.5],"rotation":0,"texture":"#0","tintindex":0},"west":{"uv":[6.625,1.5,6.75,1.625],"rotation":0,"texture":"#0","tintindex":0},"up":{"uv":[11.375,2.75,10.5,2.625],"rotation":0,"texture":"#0","tintindex":0},"down":{"uv":[11.375,2.75,10.5,2.875],"rotation":0,"texture":"#0","tintindex":0}}}],"display":{"head":{"translation":[0.0,-6.4,0.0],"scale":[4.0,4.0,4.0]}}}