{"textures":{"0":"modelengine:entity/battlebeetle"},"elements":[{"from":[4.790857,7.796126,6.482203],"to":[10.694858,7.796126,20.314432],"rotation":{"angle":22.5,"axis":"x","origin":[7.6571426,6.9714284,7.0857143]},"faces":{"east":{"uv":[0.0,0.0,2.5,0.0],"rotation":0,"texture":"#0","tintindex":0},"south":{"uv":[0.0,0.0,1.125,0.0],"rotation":0,"texture":"#0","tintindex":0},"north":{"uv":[0.0,0.0,1.125,0.0],"rotation":0,"texture":"#0","tintindex":0},"west":{"uv":[0.0,0.0,2.5,0.0],"rotation":0,"texture":"#0","tintindex":0},"up":{"uv":[8.0,2.5,6.875,0.0],"rotation":0,"texture":"#0","tintindex":0},"down":{"uv":[8.0,0.0,6.875,2.5],"rotation":0,"texture":"#0","tintindex":0}}}],"display":{"head":{"translation":[0.0,-6.4,0.0],"scale":[4.0,4.0,4.0]}}}