{"textures":{"0":"modelengine:entity/battlebeetle"},"elements":[{"from":[14.075429,0.68571377,-3.8464003],"to":[14.975086,1.585371,0.8767996],"rotation":{"angle":-22.5,"axis":"y","origin":[15.200001,0.68571377,5.6]},"faces":{"east":{"uv":[4.625,9.125,5.5,9.25],"rotation":0,"texture":"#0","tintindex":0},"south":{"uv":[6.375,0.875,6.5,1.0],"rotation":0,"texture":"#0","tintindex":0},"north":{"uv":[6.25,1.125,6.375,1.25],"rotation":0,"texture":"#0","tintindex":0},"west":{"uv":[4.625,9.25,5.5,9.375],"rotation":0,"texture":"#0","tintindex":0},"up":{"uv":[10.625,1.125,10.5,0.25],"rotation":0,"texture":"#0","tintindex":0},"down":{"uv":[10.625,1.125,10.5,2.0],"rotation":0,"texture":"#0","tintindex":0}}},{"from":[15.9872,6.842743,-2.5250292],"to":[17.11177,7.9673142,6.9213715],"rotation":{"angle":-45.0,"axis":"x","origin":[17.449142,8.557714,6.724571]},"faces":{"east":{"uv":[9.875,6.125,11.625,6.375],"rotation":0,"texture":"#0","tintindex":0},"south":{"uv":[1.125,10.75,1.375,11.0],"rotation":0,"texture":"#0","tintindex":0},"north":{"uv":[10.625,1.625,10.875,1.875],"rotation":0,"texture":"#0","tintindex":0},"west":{"uv":[9.875,6.375,11.625,6.625],"rotation":0,"texture":"#0","tintindex":0},"up":{"uv":[4.625,11.5,4.375,9.75],"rotation":0,"texture":"#0","tintindex":0},"down":{"uv":[1.75,10.0,1.5,11.75],"rotation":0,"texture":"#0","tintindex":0}}},{"from":[7.8621716,7.320686,7.118171],"to":[16.127773,8.895086,8.692572],"rotation":{"angle":0.0,"axis":"y","origin":[39.940575,37.234287,38.212574]},"faces":{"east":{"uv":[9.0,8.5,9.25,8.75],"rotation":0,"texture":"#0","tintindex":0},"south":{"uv":[10.125,3.375,11.625,3.625],"rotation":0,"texture":"#0","tintindex":0},"north":{"uv":[10.125,3.125,11.625,3.375],"rotation":0,"texture":"#0","tintindex":0},"west":{"uv":[9.125,7.0,9.375,7.25],"rotation":0,"texture":"#0","tintindex":0},"up":{"uv":[11.625,3.875,10.125,3.625],"rotation":0,"texture":"#0","tintindex":0},"down":{"uv":[11.625,3.875,10.125,4.125],"rotation":0,"texture":"#0","tintindex":0}}}],"display":{"head":{"translation":[0.0,-6.4,0.0],"scale":[4.0,4.0,4.0]}}}