{"textures":{"0":"modelengine:entity/battlebeetle"},"elements":[{"from":[11.088457,3.9222856,6.420114],"to":[11.088457,7.914514,20.252344],"rotation":{"angle":22.5,"axis":"x","origin":[32.342857,6.1714287,7.6571426]},"faces":{"east":{"uv":[10.5,0.875,8.0,1.625],"rotation":0,"texture":"#0","tintindex":0},"south":{"uv":[0.0,0.0,0.0,0.75],"rotation":0,"texture":"#0","tintindex":0},"north":{"uv":[0.0,0.0,0.0,0.75],"rotation":0,"texture":"#0","tintindex":0},"west":{"uv":[8.0,0.875,10.5,1.625],"rotation":0,"texture":"#0","tintindex":0},"up":{"uv":[0.0,2.5,0.0,0.0],"rotation":0,"texture":"#0","tintindex":0},"down":{"uv":[0.0,0.0,0.0,2.5],"rotation":0,"texture":"#0","tintindex":0}}},{"from":[4.790857,7.9105783,6.420114],"to":[11.088457,7.9105783,20.256279],"rotation":{"angle":22.5,"axis":"x","origin":[32.342857,6.1714287,7.6571426]},"faces":{"east":{"uv":[0.0,0.0,2.5,0.0],"rotation":0,"texture":"#0","tintindex":0},"south":{"uv":[0.0,0.0,1.125,0.0],"rotation":0,"texture":"#0","tintindex":0},"north":{"uv":[0.0,0.0,1.125,0.0],"rotation":0,"texture":"#0","tintindex":0},"west":{"uv":[0.0,0.0,2.5,0.0],"rotation":0,"texture":"#0","tintindex":0},"up":{"uv":[6.25,8.125,5.125,5.625],"rotation":0,"texture":"#0","tintindex":0},"down":{"uv":[6.25,5.625,5.125,8.125],"rotation":0,"texture":"#0","tintindex":0}}},{"from":[4.790857,4.347928,20.339039],"to":[11.088457,8.340157,20.339039],"rotation":{"angle":22.5,"axis":"x","origin":[32.342857,6.597071,6.6192656]},"faces":{"east":{"uv":[0.0,0.0,0.0,0.75],"rotation":0,"texture":"#0","tintindex":0},"south":{"uv":[7.25,8.75,6.125,9.5],"rotation":0,"texture":"#0","tintindex":0},"north":{"uv":[6.125,8.75,7.25,9.5],"rotation":0,"texture":"#0","tintindex":0},"west":{"uv":[0.0,0.0,0.0,0.75],"rotation":0,"texture":"#0","tintindex":0},"up":{"uv":[1.125,0.0,0.0,0.0],"rotation":0,"texture":"#0","tintindex":0},"down":{"uv":[1.125,0.0,0.0,0.0],"rotation":0,"texture":"#0","tintindex":0}}},{"from":[4.790857,3.9222856,6.416178],"to":[11.088457,7.914514,6.416178],"rotation":{"angle":22.5,"axis":"x","origin":[32.342857,6.1714287,7.6571426]},"faces":{"east":{"uv":[0.0,0.0,0.0,0.75],"rotation":0,"texture":"#0","tintindex":0},"south":{"uv":[7.25,8.75,6.125,9.5],"rotation":0,"texture":"#0","tintindex":0},"north":{"uv":[6.125,8.75,7.25,9.5],"rotation":0,"texture":"#0","tintindex":0},"west":{"uv":[0.0,0.0,0.0,0.75],"rotation":0,"texture":"#0","tintindex":0},"up":{"uv":[1.125,0.0,0.0,0.0],"rotation":0,"texture":"#0","tintindex":0},"down":{"uv":[1.125,0.0,0.0,0.0],"rotation":0,"texture":"#0","tintindex":0}}}],"display":{"head":{"translation":[0.0,-6.4,0.0],"scale":[4.0,4.0,4.0]}}}