{"textures":{"0":"modelengine:entity/battlebeetle"},"elements":[{"from":[13.677029,7.263086,8.16915],"to":[14.8015995,8.387657,16.49098],"rotation":{"angle":22.5,"axis":"x","origin":[14.267429,8.612572,8.0365715]},"faces":{"east":{"uv":[10.125,9.5,11.625,9.75],"rotation":0,"texture":"#0","tintindex":0},"south":{"uv":[7.875,10.75,8.125,11.0],"rotation":0,"texture":"#0","tintindex":0},"north":{"uv":[7.625,10.75,7.875,11.0],"rotation":0,"texture":"#0","tintindex":0},"west":{"uv":[10.25,10.25,11.75,10.5],"rotation":0,"texture":"#0","tintindex":0},"up":{"uv":[6.125,11.75,5.875,10.25],"rotation":0,"texture":"#0","tintindex":0},"down":{"uv":[6.375,10.25,6.125,11.75],"rotation":0,"texture":"#0","tintindex":0}}},{"from":[8.054172,7.3755426,7.3056],"to":[14.070629,8.949943,8.88],"rotation":{"angle":0.0,"axis":"y","origin":[37.88343,37.289146,38.4]},"faces":{"east":{"uv":[10.625,0.625,10.875,0.875],"rotation":0,"texture":"#0","tintindex":0},"south":{"uv":[10.375,8.375,11.5,8.625],"rotation":0,"texture":"#0","tintindex":0},"north":{"uv":[10.375,8.125,11.5,8.375],"rotation":0,"texture":"#0","tintindex":0},"west":{"uv":[10.625,0.875,10.875,1.125],"rotation":0,"texture":"#0","tintindex":0},"up":{"uv":[10.875,10.75,9.75,10.5],"rotation":0,"texture":"#0","tintindex":0},"down":{"uv":[11.625,0.0,10.5,0.25],"rotation":0,"texture":"#0","tintindex":0}}},{"from":[11.680914,4.1142855,15.233829],"to":[12.580572,5.0139427,19.95703],"rotation":{"angle":22.5,"axis":"y","origin":[13.142858,4.1142855,10.285714]},"faces":{"east":{"uv":[2.0,10.625,2.875,10.75],"rotation":0,"texture":"#0","tintindex":0},"south":{"uv":[6.75,3.375,6.875,3.5],"rotation":0,"texture":"#0","tintindex":0},"north":{"uv":[6.75,3.25,6.875,3.375],"rotation":0,"texture":"#0","tintindex":0},"west":{"uv":[7.25,10.625,8.125,10.75],"rotation":0,"texture":"#0","tintindex":0},"up":{"uv":[3.0,11.5,2.875,10.625],"rotation":0,"texture":"#0","tintindex":0},"down":{"uv":[8.25,10.625,8.125,11.5],"rotation":0,"texture":"#0","tintindex":0}}}],"display":{"head":{"translation":[0.0,-6.4,0.0],"scale":[4.0,4.0,4.0]}}}