{"textures":{"0":"modelengine:entity/tumbleweed"},"elements":[{"from":[9.979695,10.020306,4.5714283],"to":[9.979695,14.020306,11.428572],"rotation":{"angle":45.0,"axis":"z","origin":[9.979695,12.877448,8.0]},"faces":{"east":{"uv":[6.0,6.25,9.0,8.0],"rotation":0,"texture":"#0","tintindex":0},"south":{"uv":[0.0,0.0,0.0,1.75],"rotation":0,"texture":"#0","tintindex":0},"north":{"uv":[0.0,0.0,0.0,1.75],"rotation":0,"texture":"#0","tintindex":0},"west":{"uv":[6.0,6.25,9.0,8.0],"rotation":0,"texture":"#0","tintindex":0},"up":{"uv":[0.0,0.0,3.0,0.0],"rotation":90,"texture":"#0","tintindex":0},"down":{"uv":[0.0,0.0,3.0,0.0],"rotation":270,"texture":"#0","tintindex":0}}},{"from":[4.5714283,10.020306,9.979695],"to":[11.428572,14.020306,9.979695],"rotation":{"angle":-45.0,"axis":"x","origin":[8.0,12.877448,9.979695]},"faces":{"east":{"uv":[0.0,0.0,0.0,1.75],"rotation":0,"texture":"#0","tintindex":0},"south":{"uv":[6.0,6.25,9.0,8.0],"rotation":0,"texture":"#0","tintindex":0},"north":{"uv":[6.0,6.25,9.0,8.0],"rotation":0,"texture":"#0","tintindex":0},"west":{"uv":[0.0,0.0,0.0,1.75],"rotation":0,"texture":"#0","tintindex":0},"up":{"uv":[3.0,0.0,0.0,0.0],"rotation":0,"texture":"#0","tintindex":0},"down":{"uv":[3.0,0.0,0.0,0.0],"rotation":0,"texture":"#0","tintindex":0}}},{"from":[4.5714283,1.9796948,9.979695],"to":[11.428572,5.979695,9.979695],"rotation":{"angle":45.0,"axis":"x","origin":[8.0,3.122552,9.979695]},"faces":{"east":{"uv":[0.0,0.0,0.0,1.75],"rotation":0,"texture":"#0","tintindex":0},"south":{"uv":[3.0,7.0,6.0,8.75],"rotation":0,"texture":"#0","tintindex":0},"north":{"uv":[3.0,7.0,6.0,8.75],"rotation":0,"texture":"#0","tintindex":0},"west":{"uv":[0.0,0.0,0.0,1.75],"rotation":0,"texture":"#0","tintindex":0},"up":{"uv":[3.0,0.0,0.0,0.0],"rotation":0,"texture":"#0","tintindex":0},"down":{"uv":[3.0,0.0,0.0,0.0],"rotation":0,"texture":"#0","tintindex":0}}},{"from":[4.5714283,10.020306,6.020305],"to":[11.428572,14.020306,6.020305],"rotation":{"angle":45.0,"axis":"x","origin":[8.0,12.877448,6.020305]},"faces":{"east":{"uv":[0.0,0.0,0.0,1.75],"rotation":0,"texture":"#0","tintindex":0},"south":{"uv":[6.0,6.25,9.0,8.0],"rotation":0,"texture":"#0","tintindex":0},"north":{"uv":[6.0,6.25,9.0,8.0],"rotation":0,"texture":"#0","tintindex":0},"west":{"uv":[0.0,0.0,0.0,1.75],"rotation":0,"texture":"#0","tintindex":0},"up":{"uv":[0.0,0.0,3.0,0.0],"rotation":0,"texture":"#0","tintindex":0},"down":{"uv":[0.0,0.0,3.0,0.0],"rotation":0,"texture":"#0","tintindex":0}}},{"from":[4.5714283,5.142857,12.0],"to":[11.428572,10.857143,12.0],"rotation":{"angle":0.0,"axis":"y","origin":[8.0,2.8571424,8.571428]},"faces":{"east":{"uv":[0.0,0.0,0.0,2.5],"rotation":0,"texture":"#0","tintindex":0},"south":{"uv":[3.0,4.5,6.0,7.0],"rotation":0,"texture":"#0","tintindex":0},"north":{"uv":[3.0,4.5,6.0,7.0],"rotation":0,"texture":"#0","tintindex":0},"west":{"uv":[0.0,0.0,0.0,2.5],"rotation":0,"texture":"#0","tintindex":0},"up":{"uv":[3.0,0.0,0.0,0.0],"rotation":0,"texture":"#0","tintindex":0},"down":{"uv":[3.0,0.0,0.0,0.0],"rotation":0,"texture":"#0","tintindex":0}}},{"from":[6.020305,10.020306,4.5714283],"to":[6.020305,14.020306,11.428572],"rotation":{"angle":-45.0,"axis":"z","origin":[6.020305,12.877448,8.0]},"faces":{"east":{"uv":[6.0,6.25,9.0,8.0],"rotation":0,"texture":"#0","tintindex":0},"south":{"uv":[0.0,0.0,0.0,1.75],"rotation":0,"texture":"#0","tintindex":0},"north":{"uv":[0.0,0.0,0.0,1.75],"rotation":0,"texture":"#0","tintindex":0},"west":{"uv":[6.0,6.25,9.0,8.0],"rotation":0,"texture":"#0","tintindex":0},"up":{"uv":[3.0,0.0,0.0,0.0],"rotation":90,"texture":"#0","tintindex":0},"down":{"uv":[3.0,0.0,0.0,0.0],"rotation":270,"texture":"#0","tintindex":0}}},{"from":[4.0,5.142857,4.5714283],"to":[4.0,10.857143,11.428572],"rotation":{"angle":0.0,"axis":"y","origin":[7.428571,2.8571424,8.0]},"faces":{"east":{"uv":[3.0,4.5,6.0,7.0],"rotation":0,"texture":"#0","tintindex":0},"south":{"uv":[0.0,0.0,0.0,2.5],"rotation":0,"texture":"#0","tintindex":0},"north":{"uv":[0.0,0.0,0.0,2.5],"rotation":0,"texture":"#0","tintindex":0},"west":{"uv":[3.0,4.5,6.0,7.0],"rotation":0,"texture":"#0","tintindex":0},"up":{"uv":[3.0,0.0,0.0,0.0],"rotation":90,"texture":"#0","tintindex":0},"down":{"uv":[3.0,0.0,0.0,0.0],"rotation":270,"texture":"#0","tintindex":0}}},{"from":[3.4285712,2.2857141,8.0],"to":[12.0,12.571428,8.0],"rotation":{"angle":45.0,"axis":"y","origin":[8.0,2.2857141,8.0]},"faces":{"east":{"uv":[0.0,0.0,0.0,4.5],"rotation":0,"texture":"#0","tintindex":0},"south":{"uv":[0.0,0.0,3.75,4.5],"rotation":0,"texture":"#0","tintindex":0},"north":{"uv":[0.0,0.0,3.75,4.5],"rotation":0,"texture":"#0","tintindex":0},"west":{"uv":[0.0,0.0,0.0,4.5],"rotation":0,"texture":"#0","tintindex":0},"up":{"uv":[0.0,3.75,0.0,0.0],"rotation":90,"texture":"#0","tintindex":0},"down":{"uv":[0.0,0.0,0.0,3.75],"rotation":270,"texture":"#0","tintindex":0}}},{"from":[6.020305,1.9796948,4.5714283],"to":[6.020305,5.979695,11.428572],"rotation":{"angle":45.0,"axis":"z","origin":[6.020305,3.122552,8.0]},"faces":{"east":{"uv":[3.0,7.0,6.0,8.75],"rotation":0,"texture":"#0","tintindex":0},"south":{"uv":[0.0,0.0,0.0,1.75],"rotation":0,"texture":"#0","tintindex":0},"north":{"uv":[0.0,0.0,0.0,1.75],"rotation":0,"texture":"#0","tintindex":0},"west":{"uv":[3.0,7.0,6.0,8.75],"rotation":0,"texture":"#0","tintindex":0},"up":{"uv":[3.0,0.0,0.0,0.0],"rotation":90,"texture":"#0","tintindex":0},"down":{"uv":[3.0,0.0,0.0,0.0],"rotation":270,"texture":"#0","tintindex":0}}},{"from":[4.5714283,1.9796948,6.020305],"to":[11.428572,5.979695,6.020305],"rotation":{"angle":-45.0,"axis":"x","origin":[8.0,3.122552,6.020305]},"faces":{"east":{"uv":[0.0,0.0,0.0,1.75],"rotation":0,"texture":"#0","tintindex":0},"south":{"uv":[3.0,7.0,6.0,8.75],"rotation":0,"texture":"#0","tintindex":0},"north":{"uv":[3.0,7.0,6.0,8.75],"rotation":0,"texture":"#0","tintindex":0},"west":{"uv":[0.0,0.0,0.0,1.75],"rotation":0,"texture":"#0","tintindex":0},"up":{"uv":[0.0,0.0,3.0,0.0],"rotation":0,"texture":"#0","tintindex":0},"down":{"uv":[0.0,0.0,3.0,0.0],"rotation":0,"texture":"#0","tintindex":0}}},{"from":[4.5714283,5.142857,4.0],"to":[11.428572,10.857143,4.0],"rotation":{"angle":0.0,"axis":"y","origin":[8.0,2.8571424,7.428571]},"faces":{"east":{"uv":[0.0,0.0,0.0,2.5],"rotation":0,"texture":"#0","tintindex":0},"south":{"uv":[3.0,4.5,6.0,7.0],"rotation":0,"texture":"#0","tintindex":0},"north":{"uv":[3.0,4.5,6.0,7.0],"rotation":0,"texture":"#0","tintindex":0},"west":{"uv":[0.0,0.0,0.0,2.5],"rotation":0,"texture":"#0","tintindex":0},"up":{"uv":[0.0,0.0,3.0,0.0],"rotation":0,"texture":"#0","tintindex":0},"down":{"uv":[0.0,0.0,3.0,0.0],"rotation":0,"texture":"#0","tintindex":0}}},{"from":[8.0,2.2857141,4.0],"to":[8.0,12.571428,12.571428],"rotation":{"angle":45.0,"axis":"y","origin":[8.0,2.2857141,8.0]},"faces":{"east":{"uv":[0.0,0.0,3.75,4.5],"rotation":0,"texture":"#0","tintindex":0},"south":{"uv":[0.0,0.0,0.0,4.5],"rotation":0,"texture":"#0","tintindex":0},"north":{"uv":[0.0,0.0,0.0,4.5],"rotation":0,"texture":"#0","tintindex":0},"west":{"uv":[0.0,0.0,3.75,4.5],"rotation":0,"texture":"#0","tintindex":0},"up":{"uv":[0.0,3.75,0.0,0.0],"rotation":0,"texture":"#0","tintindex":0},"down":{"uv":[0.0,0.0,0.0,3.75],"rotation":0,"texture":"#0","tintindex":0}}},{"from":[9.979695,1.9796948,4.5714283],"to":[9.979695,5.979695,11.428572],"rotation":{"angle":-45.0,"axis":"z","origin":[9.979695,3.122552,8.0]},"faces":{"east":{"uv":[3.0,7.0,6.0,8.75],"rotation":0,"texture":"#0","tintindex":0},"south":{"uv":[0.0,0.0,0.0,1.75],"rotation":0,"texture":"#0","tintindex":0},"north":{"uv":[0.0,0.0,0.0,1.75],"rotation":0,"texture":"#0","tintindex":0},"west":{"uv":[3.0,7.0,6.0,8.75],"rotation":0,"texture":"#0","tintindex":0},"up":{"uv":[0.0,0.0,3.0,0.0],"rotation":90,"texture":"#0","tintindex":0},"down":{"uv":[0.0,0.0,3.0,0.0],"rotation":270,"texture":"#0","tintindex":0}}},{"from":[12.0,5.142857,4.5714283],"to":[12.0,10.857143,11.428572],"rotation":{"angle":0.0,"axis":"y","origin":[8.571428,2.8571424,8.0]},"faces":{"east":{"uv":[3.0,4.5,6.0,7.0],"rotation":0,"texture":"#0","tintindex":0},"south":{"uv":[0.0,0.0,0.0,2.5],"rotation":0,"texture":"#0","tintindex":0},"north":{"uv":[0.0,0.0,0.0,2.5],"rotation":0,"texture":"#0","tintindex":0},"west":{"uv":[3.0,4.5,6.0,7.0],"rotation":0,"texture":"#0","tintindex":0},"up":{"uv":[0.0,0.0,3.0,0.0],"rotation":90,"texture":"#0","tintindex":0},"down":{"uv":[0.0,0.0,3.0,0.0],"rotation":270,"texture":"#0","tintindex":0}}}],"display":{"head":{"translation":[0.0,-6.4,0.0],"scale":[4.0,4.0,4.0]}}}