{"textures":{"3":"modelengine:entity/goblin_armor_extra_2"},"elements":[{"from":[7.857143,6.285714,9.714286],"to":[7.857143,13.142858,10.857143],"rotation":{"angle":22.5,"axis":"y","origin":[7.857143,8.0,9.714286]},"faces":{"east":{"uv":[3.5,0.0,2.5,6.0],"rotation":0,"texture":"#3","tintindex":0},"south":{"uv":[0.0,0.0,0.0,6.0],"rotation":0,"texture":"#3","tintindex":0},"north":{"uv":[0.0,0.0,0.0,6.0],"rotation":0,"texture":"#3","tintindex":0},"west":{"uv":[2.5,0.0,3.5,6.0],"rotation":0,"texture":"#3","tintindex":0},"up":{"uv":[0.0,0.0,0.0,1.0],"rotation":0,"texture":"#3","tintindex":0},"down":{"uv":[0.0,0.0,0.0,1.0],"rotation":0,"texture":"#3","tintindex":0}}},{"from":[7.857143,6.285714,6.857143],"to":[7.857143,13.142858,9.714286],"rotation":{"angle":0.0,"axis":"y","origin":[7.857143,8.0,8.0]},"faces":{"east":{"uv":[2.5,0.0,0.0,6.0],"rotation":0,"texture":"#3","tintindex":0},"south":{"uv":[0.0,0.0,0.0,6.0],"rotation":0,"texture":"#3","tintindex":0},"north":{"uv":[0.0,0.0,0.0,6.0],"rotation":0,"texture":"#3","tintindex":0},"west":{"uv":[0.0,0.0,2.5,6.0],"rotation":0,"texture":"#3","tintindex":0},"up":{"uv":[0.0,0.0,0.0,2.5],"rotation":0,"texture":"#3","tintindex":0},"down":{"uv":[0.0,0.0,0.0,2.5],"rotation":0,"texture":"#3","tintindex":0}}},{"from":[7.857143,6.285714,5.714286],"to":[7.857143,13.142858,6.857143],"rotation":{"angle":-22.5,"axis":"y","origin":[7.857143,8.0,6.857143]},"faces":{"east":{"uv":[4.5,0.0,3.5,6.0],"rotation":0,"texture":"#3","tintindex":0},"south":{"uv":[0.0,0.0,0.0,6.0],"rotation":0,"texture":"#3","tintindex":0},"north":{"uv":[0.0,0.0,0.0,6.0],"rotation":0,"texture":"#3","tintindex":0},"west":{"uv":[3.5,0.0,4.5,6.0],"rotation":0,"texture":"#3","tintindex":0},"up":{"uv":[0.0,0.0,0.0,1.0],"rotation":0,"texture":"#3","tintindex":0},"down":{"uv":[0.0,0.0,0.0,1.0],"rotation":0,"texture":"#3","tintindex":0}}}],"display":{"head":{"translation":[0.0,-6.4,0.0],"scale":[4.0,4.0,4.0]}}}