{"textures":{"3":"modelengine:entity/goblin_armor_extra_2"},"elements":[{"from":[8.0,10.857143,8.571428],"to":[9.142858,12.571428,9.142858],"rotation":{"angle":0.0,"axis":"y","origin":[8.0,13.142858,8.0]},"faces":{"east":{"uv":[7.0,9.0,7.5,10.5],"rotation":0,"texture":"#3","tintindex":0},"south":{"uv":[3.0,8.0,4.0,9.5],"rotation":0,"texture":"#3","tintindex":0},"north":{"uv":[2.0,8.0,3.0,9.5],"rotation":0,"texture":"#3","tintindex":0},"west":{"uv":[7.5,9.0,8.0,10.5],"rotation":0,"texture":"#3","tintindex":0},"up":{"uv":[10.0,9.0,9.0,8.5],"rotation":0,"texture":"#3","tintindex":0},"down":{"uv":[3.0,9.5,2.0,10.0],"rotation":0,"texture":"#3","tintindex":0}}},{"from":[8.0,9.714286,6.857143],"to":[8.571428,10.857143,9.714286],"rotation":{"angle":0.0,"axis":"y","origin":[8.0,12.0,8.0]},"faces":{"east":{"uv":[7.0,6.0,9.5,7.0],"rotation":0,"texture":"#3","tintindex":0},"south":{"uv":[3.5,9.5,4.0,10.5],"rotation":0,"texture":"#3","tintindex":0},"north":{"uv":[3.0,9.5,3.5,10.5],"rotation":0,"texture":"#3","tintindex":0},"west":{"uv":[7.0,7.0,9.5,8.0],"rotation":0,"texture":"#3","tintindex":0},"up":{"uv":[6.5,10.5,6.0,8.0],"rotation":0,"texture":"#3","tintindex":0},"down":{"uv":[7.0,8.0,6.5,10.5],"rotation":0,"texture":"#3","tintindex":0}}},{"from":[8.0,9.142858,7.428571],"to":[9.142858,9.714286,9.142858],"rotation":{"angle":0.0,"axis":"y","origin":[8.0,11.428572,8.0]},"faces":{"east":{"uv":[8.0,9.0,9.5,9.5],"rotation":0,"texture":"#3","tintindex":0},"south":{"uv":[5.0,9.5,6.0,10.0],"rotation":0,"texture":"#3","tintindex":0},"north":{"uv":[4.0,9.5,5.0,10.0],"rotation":0,"texture":"#3","tintindex":0},"west":{"uv":[9.0,8.0,10.5,8.5],"rotation":0,"texture":"#3","tintindex":0},"up":{"uv":[5.0,9.5,4.0,8.0],"rotation":0,"texture":"#3","tintindex":0},"down":{"uv":[6.0,8.0,5.0,9.5],"rotation":0,"texture":"#3","tintindex":0}}},{"from":[7.428571,2.8571424,8.428572],"to":[8.571428,4.0,8.428572],"rotation":{"angle":0.0,"axis":"y","origin":[8.0,7.428571,7.857143]},"faces":{"east":{"uv":[0.0,0.0,0.0,1.0],"rotation":0,"texture":"#3","tintindex":0},"south":{"uv":[8.0,8.0,9.0,9.0],"rotation":0,"texture":"#3","tintindex":0},"north":{"uv":[7.0,8.0,8.0,9.0],"rotation":0,"texture":"#3","tintindex":0},"west":{"uv":[0.0,0.0,0.0,1.0],"rotation":0,"texture":"#3","tintindex":0},"up":{"uv":[1.0,0.0,0.0,0.0],"rotation":0,"texture":"#3","tintindex":0},"down":{"uv":[1.0,0.0,0.0,0.0],"rotation":0,"texture":"#3","tintindex":0}}},{"from":[8.0,3.4285712,8.0],"to":[8.571428,9.142858,8.571428],"rotation":{"angle":0.0,"axis":"y","origin":[8.0,8.0,8.0]},"faces":{"east":{"uv":[0.5,8.0,1.0,13.0],"rotation":0,"texture":"#3","tintindex":0},"south":{"uv":[1.0,8.0,1.5,13.0],"rotation":0,"texture":"#3","tintindex":0},"north":{"uv":[0.0,8.0,0.5,13.0],"rotation":0,"texture":"#3","tintindex":0},"west":{"uv":[1.5,8.0,2.0,13.0],"rotation":0,"texture":"#3","tintindex":0},"up":{"uv":[10.0,6.5,9.5,6.0],"rotation":0,"texture":"#3","tintindex":0},"down":{"uv":[10.0,6.5,9.5,7.0],"rotation":0,"texture":"#3","tintindex":0}}}],"display":{"head":{"translation":[0.0,-6.4,0.0],"scale":[4.0,4.0,4.0]}}}