{"textures":{"0":"modelengine:entity/texture"},"elements":[{"from":[17.142857,13.285715,6.0],"to":[18.857143,15.714286,10.0],"rotation":{"angle":45.0,"axis":"z","origin":[8.0,8.0,8.0]},"faces":{"east":{"uv":[6.375,0.0,7.25,0.5625],"rotation":0,"texture":"#0","tintindex":0},"south":{"uv":[8.625,1.75,9.0,2.3125],"rotation":0,"texture":"#0","tintindex":0},"north":{"uv":[2.875,8.5,3.25,9.0625],"rotation":0,"texture":"#0","tintindex":0},"west":{"uv":[2.75,6.375,3.625,6.9375],"rotation":0,"texture":"#0","tintindex":0},"up":{"uv":[3.875,0.875,3.5,0.0],"rotation":0,"texture":"#0","tintindex":0},"down":{"uv":[3.375,3.5,3.0,4.375],"rotation":0,"texture":"#0","tintindex":0}}},{"from":[6.0,12.571428,6.142857],"to":[10.0,16.0,10.428572],"rotation":{"angle":0.0,"axis":"y","origin":[8.0,8.0,8.0]},"faces":{"east":{"uv":[5.125,1.5,6.0625,2.25],"rotation":0,"texture":"#0","tintindex":0},"south":{"uv":[5.125,5.125,6.0,5.875],"rotation":0,"texture":"#0","tintindex":0},"north":{"uv":[5.125,4.375,6.0,5.125],"rotation":0,"texture":"#0","tintindex":0},"west":{"uv":[5.125,3.625,6.0625,4.375],"rotation":0,"texture":"#0","tintindex":0},"up":{"uv":[5.25,3.5625,4.375,2.625],"rotation":0,"texture":"#0","tintindex":0},"down":{"uv":[3.875,4.375,3.0,5.3125],"rotation":0,"texture":"#0","tintindex":0}}},{"from":[10.857143,13.571428,6.285714],"to":[12.571428,16.428572,9.857143],"rotation":{"angle":45.0,"axis":"z","origin":[8.0,8.0,8.0]},"faces":{"east":{"uv":[0.875,6.125,1.6875,6.75],"rotation":0,"texture":"#0","tintindex":0},"south":{"uv":[1.625,8.5,2.0,9.125],"rotation":0,"texture":"#0","tintindex":0},"north":{"uv":[1.25,8.5,1.625,9.125],"rotation":0,"texture":"#0","tintindex":0},"west":{"uv":[6.125,1.25,6.9375,1.875],"rotation":0,"texture":"#0","tintindex":0},"up":{"uv":[4.25,8.9375,3.875,8.125],"rotation":0,"texture":"#0","tintindex":0},"down":{"uv":[4.625,8.125,4.25,8.9375],"rotation":0,"texture":"#0","tintindex":0}}},{"from":[6.428571,7.857143,6.5714283],"to":[9.571428,13.0,10.0],"rotation":{"angle":0.0,"axis":"y","origin":[8.0,8.0,8.0]},"faces":{"east":{"uv":[0.0,4.25,0.75,5.375],"rotation":0,"texture":"#0","tintindex":0},"south":{"uv":[4.375,4.75,5.0625,5.875],"rotation":0,"texture":"#0","tintindex":0},"north":{"uv":[4.375,3.625,5.0625,4.75],"rotation":0,"texture":"#0","tintindex":0},"west":{"uv":[4.375,1.5,5.125,2.625],"rotation":0,"texture":"#0","tintindex":0},"up":{"uv":[6.4375,6.625,5.75,5.875],"rotation":0,"texture":"#0","tintindex":0},"down":{"uv":[6.6875,4.375,6.0,5.125],"rotation":0,"texture":"#0","tintindex":0}}},{"from":[5.714286,19.285715,6.0],"to":[10.285714,21.285715,10.142858],"rotation":{"angle":0.0,"axis":"y","origin":[8.0,8.0,8.0]},"faces":{"east":{"uv":[4.375,7.125,5.3125,7.5625],"rotation":0,"texture":"#0","tintindex":0},"south":{"uv":[2.5,7.0,3.5,7.4375],"rotation":0,"texture":"#0","tintindex":0},"north":{"uv":[6.875,5.25,7.875,5.6875],"rotation":0,"texture":"#0","tintindex":0},"west":{"uv":[7.125,5.75,8.0625,6.1875],"rotation":0,"texture":"#0","tintindex":0},"up":{"uv":[3.875,2.4375,2.875,1.5],"rotation":0,"texture":"#0","tintindex":0},"down":{"uv":[1.0,3.25,0.0,4.1875],"rotation":0,"texture":"#0","tintindex":0}}},{"from":[4.0,16.0,5.714286],"to":[12.0,19.428572,10.857143],"rotation":{"angle":0.0,"axis":"y","origin":[8.0,8.0,8.0]},"faces":{"east":{"uv":[4.375,0.0,5.5,0.75],"rotation":0,"texture":"#0","tintindex":0},"south":{"uv":[1.75,0.75,3.5,1.5],"rotation":0,"texture":"#0","tintindex":0},"north":{"uv":[1.75,0.0,3.5,0.75],"rotation":0,"texture":"#0","tintindex":0},"west":{"uv":[4.375,0.75,5.5,1.5],"rotation":0,"texture":"#0","tintindex":0},"up":{"uv":[1.75,1.125,0.0,0.0],"rotation":0,"texture":"#0","tintindex":0},"down":{"uv":[1.75,1.125,0.0,2.25],"rotation":0,"texture":"#0","tintindex":0}}},{"from":[3.4285712,13.571428,6.285714],"to":[5.142857,16.428572,9.857143],"rotation":{"angle":-45.0,"axis":"z","origin":[8.0,8.0,8.0]},"faces":{"east":{"uv":[6.0,5.125,6.8125,5.75],"rotation":0,"texture":"#0","tintindex":0},"south":{"uv":[0.875,8.5,1.25,9.125],"rotation":0,"texture":"#0","tintindex":0},"north":{"uv":[3.5,0.875,3.875,1.5],"rotation":0,"texture":"#0","tintindex":0},"west":{"uv":[0.0,6.125,0.8125,6.75],"rotation":0,"texture":"#0","tintindex":0},"up":{"uv":[3.875,8.8125,3.5,8.0],"rotation":0,"texture":"#0","tintindex":0},"down":{"uv":[8.5,0.5,8.125,1.3125],"rotation":0,"texture":"#0","tintindex":0}}},{"from":[6.0857143,7.857143,6.5142856],"to":[9.914286,9.571428,10.057143],"rotation":{"angle":0.0,"axis":"y","origin":[8.0,8.0,8.0]},"faces":{"east":{"uv":[8.125,5.875,8.875,6.25],"rotation":0,"texture":"#0","tintindex":0},"south":{"uv":[8.125,5.5,8.9375,5.875],"rotation":0,"texture":"#0","tintindex":0},"north":{"uv":[8.125,1.375,8.9375,1.75],"rotation":0,"texture":"#0","tintindex":0},"west":{"uv":[8.25,6.25,9.0,6.625],"rotation":0,"texture":"#0","tintindex":0},"up":{"uv":[3.4375,6.125,2.625,5.375],"rotation":0,"texture":"#0","tintindex":0},"down":{"uv":[6.3125,0.0,5.5,0.75],"rotation":0,"texture":"#0","tintindex":0}}},{"from":[-2.8571434,13.285715,6.0],"to":[-1.1428576,15.714286,10.0],"rotation":{"angle":-45.0,"axis":"z","origin":[8.0,8.0,8.0]},"faces":{"east":{"uv":[6.375,2.875,7.25,3.4375],"rotation":0,"texture":"#0","tintindex":0},"south":{"uv":[8.625,3.0,9.0,3.5625],"rotation":0,"texture":"#0","tintindex":0},"north":{"uv":[8.625,2.375,9.0,2.9375],"rotation":0,"texture":"#0","tintindex":0},"west":{"uv":[3.625,6.375,4.5,6.9375],"rotation":0,"texture":"#0","tintindex":0},"up":{"uv":[8.0,7.75,7.625,6.875],"rotation":0,"texture":"#0","tintindex":0},"down":{"uv":[8.125,1.0,7.75,1.875],"rotation":0,"texture":"#0","tintindex":0}}}],"display":{"head":{"translation":[0.0,-6.4,0.0],"scale":[4.0,4.0,4.0]}}}