{"textures":{"0":"modelengine:entity/texture"},"elements":[{"from":[0.742857,12.142858,6.6],"to":[4.1142855,14.428572,9.4],"rotation":{"angle":0.0,"axis":"y","origin":[8.0,8.0,8.0]},"faces":{"east":{"uv":[2.25,8.0,2.875,8.5],"rotation":0,"texture":"#0","tintindex":0},"south":{"uv":[7.375,0.5,8.125,1.0],"rotation":0,"texture":"#0","tintindex":0},"north":{"uv":[0.0,7.375,0.75,7.875],"rotation":0,"texture":"#0","tintindex":0},"west":{"uv":[8.0,2.375,8.625,2.875],"rotation":0,"texture":"#0","tintindex":0},"up":{"uv":[6.5,7.25,5.75,6.625],"rotation":0,"texture":"#0","tintindex":0},"down":{"uv":[0.75,6.75,0.0,7.375],"rotation":0,"texture":"#0","tintindex":0}}},{"from":[-0.2857151,6.857143,6.285714],"to":[3.5714283,9.142858,9.714286],"rotation":{"angle":-22.5,"axis":"z","origin":[8.0,8.0,8.0]},"faces":{"east":{"uv":[0.75,7.375,1.5,7.875],"rotation":0,"texture":"#0","tintindex":0},"south":{"uv":[7.125,3.5,8.0,4.0],"rotation":0,"texture":"#0","tintindex":0},"north":{"uv":[7.125,2.375,8.0,2.875],"rotation":0,"texture":"#0","tintindex":0},"west":{"uv":[2.5,7.5,3.25,8.0],"rotation":0,"texture":"#0","tintindex":0},"up":{"uv":[1.75,6.125,0.875,5.375],"rotation":0,"texture":"#0","tintindex":0},"down":{"uv":[2.625,5.375,1.75,6.125],"rotation":0,"texture":"#0","tintindex":0}}},{"from":[2.4285712,9.571428,6.0],"to":[4.142857,10.714286,10.0],"rotation":{"angle":22.5,"axis":"z","origin":[8.0,8.0,8.0]},"faces":{"east":{"uv":[8.5,8.375,9.375,8.625],"rotation":0,"texture":"#0","tintindex":0},"south":{"uv":[8.625,0.25,9.0,0.5],"rotation":0,"texture":"#0","tintindex":0},"north":{"uv":[7.375,1.0,7.75,1.25],"rotation":0,"texture":"#0","tintindex":0},"west":{"uv":[8.625,0.0,9.5,0.25],"rotation":0,"texture":"#0","tintindex":0},"up":{"uv":[8.0,8.625,7.625,7.75],"rotation":0,"texture":"#0","tintindex":0},"down":{"uv":[0.375,7.875,0.0,8.75],"rotation":0,"texture":"#0","tintindex":0}}},{"from":[1.2857141,9.714286,6.857143],"to":[3.5714283,18.285715,9.142858],"rotation":{"angle":0.0,"axis":"y","origin":[8.0,8.0,8.0]},"faces":{"east":{"uv":[3.875,0.0,4.375,1.875],"rotation":0,"texture":"#0","tintindex":0},"south":{"uv":[3.875,1.875,4.375,3.75],"rotation":0,"texture":"#0","tintindex":0},"north":{"uv":[2.5,3.5,3.0,5.375],"rotation":0,"texture":"#0","tintindex":0},"west":{"uv":[3.875,3.75,4.375,5.625],"rotation":0,"texture":"#0","tintindex":0},"up":{"uv":[8.5,8.875,8.0,8.375],"rotation":0,"texture":"#0","tintindex":0},"down":{"uv":[9.0,0.5,8.5,1.0],"rotation":0,"texture":"#0","tintindex":0}}},{"from":[1.1714282,5.142857,6.0],"to":[2.9428568,6.285714,10.0],"rotation":{"angle":-22.5,"axis":"z","origin":[8.0,8.0,8.0]},"faces":{"east":{"uv":[8.5,4.875,9.375,5.125],"rotation":0,"texture":"#0","tintindex":0},"south":{"uv":[6.125,4.0,6.5,4.25],"rotation":0,"texture":"#0","tintindex":0},"north":{"uv":[3.125,6.125,3.5,6.375],"rotation":0,"texture":"#0","tintindex":0},"west":{"uv":[8.5,5.125,9.375,5.375],"rotation":0,"texture":"#0","tintindex":0},"up":{"uv":[7.25,8.625,6.875,7.75],"rotation":0,"texture":"#0","tintindex":0},"down":{"uv":[7.625,7.75,7.25,8.625],"rotation":0,"texture":"#0","tintindex":0}}},{"from":[0.742857,14.428572,6.6],"to":[4.1142855,16.714287,9.4],"rotation":{"angle":0.0,"axis":"y","origin":[8.0,8.0,8.0]},"faces":{"east":{"uv":[8.0,7.375,8.625,7.875],"rotation":0,"texture":"#0","tintindex":0},"south":{"uv":[7.625,4.5,8.375,5.0],"rotation":0,"texture":"#0","tintindex":0},"north":{"uv":[4.0,7.625,4.75,8.125],"rotation":0,"texture":"#0","tintindex":0},"west":{"uv":[8.0,7.875,8.625,8.375],"rotation":0,"texture":"#0","tintindex":0},"up":{"uv":[7.625,5.25,6.875,4.625],"rotation":0,"texture":"#0","tintindex":0},"down":{"uv":[7.75,1.25,7.0,1.875],"rotation":0,"texture":"#0","tintindex":0}}},{"from":[5.714286,16.57143,6.857143],"to":[8.571428,20.0,9.142858],"rotation":{"angle":22.5,"axis":"z","origin":[8.0,8.0,8.0]},"faces":{"east":{"uv":[1.5,7.25,2.0,8.0],"rotation":0,"texture":"#0","tintindex":0},"south":{"uv":[6.5,6.5,7.125,7.25],"rotation":0,"texture":"#0","tintindex":0},"north":{"uv":[6.5,5.75,7.125,6.5],"rotation":0,"texture":"#0","tintindex":0},"west":{"uv":[2.0,7.25,2.5,8.0],"rotation":0,"texture":"#0","tintindex":0},"up":{"uv":[8.625,0.5,8.0,0.0],"rotation":0,"texture":"#0","tintindex":0},"down":{"uv":[1.625,8.0,1.0,8.5],"rotation":0,"texture":"#0","tintindex":0}}},{"from":[-0.14285755,8.0,5.714286],"to":[4.5714283,10.285714,10.285714],"rotation":{"angle":0.0,"axis":"y","origin":[8.0,8.0,8.0]},"faces":{"east":{"uv":[6.125,2.375,7.125,2.875],"rotation":0,"texture":"#0","tintindex":0},"south":{"uv":[4.625,5.875,5.6875,6.375],"rotation":0,"texture":"#0","tintindex":0},"north":{"uv":[3.5,5.875,4.5625,6.375],"rotation":0,"texture":"#0","tintindex":0},"west":{"uv":[6.125,3.5,7.125,4.0],"rotation":0,"texture":"#0","tintindex":0},"up":{"uv":[2.1875,3.5,1.125,2.5],"rotation":0,"texture":"#0","tintindex":0},"down":{"uv":[3.3125,2.5,2.25,3.5],"rotation":0,"texture":"#0","tintindex":0}}}],"display":{"head":{"translation":[0.0,-6.4,0.0],"scale":[4.0,4.0,4.0]}}}