{"textures":{"0":"modelengine:entity/texture"},"elements":[{"from":[11.885715,12.142858,6.6],"to":[15.257143,14.428572,9.4],"rotation":{"angle":0.0,"axis":"y","origin":[8.0,8.0,8.0]},"faces":{"east":{"uv":[1.625,8.0,2.25,8.5],"rotation":0,"texture":"#0","tintindex":0},"south":{"uv":[6.125,7.25,6.875,7.75],"rotation":0,"texture":"#0","tintindex":0},"north":{"uv":[5.375,7.25,6.125,7.75],"rotation":0,"texture":"#0","tintindex":0},"west":{"uv":[8.0,1.875,8.625,2.375],"rotation":0,"texture":"#0","tintindex":0},"up":{"uv":[7.375,1.25,6.625,0.625],"rotation":0,"texture":"#0","tintindex":0},"down":{"uv":[2.5,6.625,1.75,7.25],"rotation":0,"texture":"#0","tintindex":0}}},{"from":[11.885715,14.428572,6.6],"to":[15.257143,16.714287,9.4],"rotation":{"angle":0.0,"axis":"y","origin":[8.0,8.0,8.0]},"faces":{"east":{"uv":[8.0,3.375,8.625,3.875],"rotation":0,"texture":"#0","tintindex":0},"south":{"uv":[7.5,4.0,8.25,4.5],"rotation":0,"texture":"#0","tintindex":0},"north":{"uv":[3.25,7.5,4.0,8.0],"rotation":0,"texture":"#0","tintindex":0},"west":{"uv":[8.0,6.875,8.625,7.375],"rotation":0,"texture":"#0","tintindex":0},"up":{"uv":[1.5,7.375,0.75,6.75],"rotation":0,"texture":"#0","tintindex":0},"down":{"uv":[7.5,4.0,6.75,4.625],"rotation":0,"texture":"#0","tintindex":0}}},{"from":[12.428572,6.857143,6.285714],"to":[16.285715,9.142858,9.714286],"rotation":{"angle":22.5,"axis":"z","origin":[8.0,8.0,8.0]},"faces":{"east":{"uv":[7.25,0.0,8.0,0.5],"rotation":0,"texture":"#0","tintindex":0},"south":{"uv":[7.125,1.875,8.0,2.375],"rotation":0,"texture":"#0","tintindex":0},"north":{"uv":[3.5,7.0,4.375,7.5],"rotation":0,"texture":"#0","tintindex":0},"west":{"uv":[7.25,2.875,8.0,3.375],"rotation":0,"texture":"#0","tintindex":0},"up":{"uv":[6.125,3.0,5.25,2.25],"rotation":0,"texture":"#0","tintindex":0},"down":{"uv":[0.875,5.375,0.0,6.125],"rotation":0,"texture":"#0","tintindex":0}}},{"from":[11.885715,9.571428,6.0],"to":[13.657143,10.714286,10.0],"rotation":{"angle":-22.5,"axis":"z","origin":[8.0,8.0,8.0]},"faces":{"east":{"uv":[8.5,1.0,9.375,1.25],"rotation":0,"texture":"#0","tintindex":0},"south":{"uv":[2.75,6.125,3.125,6.375],"rotation":0,"texture":"#0","tintindex":0},"north":{"uv":[5.5,1.25,5.875,1.5],"rotation":0,"texture":"#0","tintindex":0},"west":{"uv":[2.0,8.5,2.875,8.75],"rotation":0,"texture":"#0","tintindex":0},"up":{"uv":[6.5,8.625,6.125,7.75],"rotation":0,"texture":"#0","tintindex":0},"down":{"uv":[6.875,7.75,6.5,8.625],"rotation":0,"texture":"#0","tintindex":0}}},{"from":[11.428572,8.0,5.714286],"to":[16.142857,10.285714,10.285714],"rotation":{"angle":0.0,"axis":"y","origin":[8.0,8.0,8.0]},"faces":{"east":{"uv":[1.75,6.125,2.75,6.625],"rotation":0,"texture":"#0","tintindex":0},"south":{"uv":[5.5,0.75,6.5625,1.25],"rotation":0,"texture":"#0","tintindex":0},"north":{"uv":[5.25,3.0,6.3125,3.5],"rotation":0,"texture":"#0","tintindex":0},"west":{"uv":[6.125,1.875,7.125,2.375],"rotation":0,"texture":"#0","tintindex":0},"up":{"uv":[2.8125,2.5,1.75,1.5],"rotation":0,"texture":"#0","tintindex":0},"down":{"uv":[1.0625,2.25,0.0,3.25],"rotation":0,"texture":"#0","tintindex":0}}},{"from":[13.142858,5.142857,6.0],"to":[14.857143,6.285714,10.0],"rotation":{"angle":22.5,"axis":"z","origin":[8.0,8.0,8.0]},"faces":{"east":{"uv":[3.5,5.625,4.375,5.875],"rotation":0,"texture":"#0","tintindex":0},"south":{"uv":[3.5,5.375,3.875,5.625],"rotation":0,"texture":"#0","tintindex":0},"north":{"uv":[1.125,2.25,1.5,2.5],"rotation":0,"texture":"#0","tintindex":0},"west":{"uv":[8.25,6.625,9.125,6.875],"rotation":0,"texture":"#0","tintindex":0},"up":{"uv":[5.75,8.625,5.375,7.75],"rotation":0,"texture":"#0","tintindex":0},"down":{"uv":[6.125,7.75,5.75,8.625],"rotation":0,"texture":"#0","tintindex":0}}},{"from":[12.428572,9.714286,6.857143],"to":[14.714286,18.285715,9.142858],"rotation":{"angle":0.0,"axis":"y","origin":[8.0,8.0,8.0]},"faces":{"east":{"uv":[1.0,3.5,1.5,5.375],"rotation":0,"texture":"#0","tintindex":0},"south":{"uv":[1.5,3.5,2.0,5.375],"rotation":0,"texture":"#0","tintindex":0},"north":{"uv":[3.375,2.5,3.875,4.375],"rotation":0,"texture":"#0","tintindex":0},"west":{"uv":[2.0,3.5,2.5,5.375],"rotation":0,"texture":"#0","tintindex":0},"up":{"uv":[0.875,8.875,0.375,8.375],"rotation":0,"texture":"#0","tintindex":0},"down":{"uv":[8.875,4.375,8.375,4.875],"rotation":0,"texture":"#0","tintindex":0}}},{"from":[7.428571,16.57143,6.857143],"to":[10.285714,20.0,9.142858],"rotation":{"angle":-22.5,"axis":"z","origin":[8.0,8.0,8.0]},"faces":{"east":{"uv":[7.125,6.25,7.625,7.0],"rotation":0,"texture":"#0","tintindex":0},"south":{"uv":[5.125,6.375,5.75,7.125],"rotation":0,"texture":"#0","tintindex":0},"north":{"uv":[4.5,6.375,5.125,7.125],"rotation":0,"texture":"#0","tintindex":0},"west":{"uv":[7.125,7.0,7.625,7.75],"rotation":0,"texture":"#0","tintindex":0},"up":{"uv":[1.0,8.375,0.375,7.875],"rotation":0,"texture":"#0","tintindex":0},"down":{"uv":[8.5,5.0,7.875,5.5],"rotation":0,"texture":"#0","tintindex":0}}}],"display":{"head":{"translation":[0.0,-6.4,0.0],"scale":[4.0,4.0,4.0]}}}