{"textures":{"0":"modelengine:entity/nocsy_otter_v2"},"elements":[{"from":[6.5771427,7.8660874,5.874669],"to":[9.422857,8.997516,9.291813],"rotation":{"angle":45.0,"axis":"x","origin":[8.0,8.717516,7.583241]},"faces":{"east":{"uv":[9.25,6.0,10.75,6.5],"rotation":0,"texture":"#0","tintindex":0},"south":{"uv":[4.0,10.0,5.25,10.5],"rotation":0,"texture":"#0","tintindex":0},"north":{"uv":[9.5,9.75,10.75,10.25],"rotation":0,"texture":"#0","tintindex":0},"west":{"uv":[0.0,9.75,1.5,10.25],"rotation":0,"texture":"#0","tintindex":0},"up":{"uv":[3.0,8.0,1.75,6.5],"rotation":0,"texture":"#0","tintindex":0},"down":{"uv":[4.5,6.5,3.25,8.0],"rotation":0,"texture":"#0","tintindex":0}}},{"from":[6.5714283,6.055943,5.475932],"to":[9.428572,8.913086,11.761647],"rotation":{"angle":0.0,"axis":"y","origin":[8.857143,2.6273713,8.904504]},"faces":{"east":{"uv":[0.0,0.0,2.75,1.25],"rotation":0,"texture":"#0","tintindex":0},"south":{"uv":[8.0,0.0,9.25,1.25],"rotation":0,"texture":"#0","tintindex":0},"north":{"uv":[4.75,7.0,6.0,8.25],"rotation":0,"texture":"#0","tintindex":0},"west":{"uv":[0.0,1.5,2.75,2.75],"rotation":0,"texture":"#0","tintindex":0},"up":{"uv":[1.25,5.75,0.0,3.0],"rotation":0,"texture":"#0","tintindex":0},"down":{"uv":[4.25,0.0,3.0,2.75],"rotation":0,"texture":"#0","tintindex":0}}}],"display":{"head":{"translation":[0.0,-6.4,0.0],"scale":[4.0,4.0,4.0]}}}