{"textures":{"0":"modelengine:entity/hornytoad"},"elements":[{"from":[7.235512,7.409159,7.1365066],"to":[8.852654,8.552016,7.9936495],"rotation":{"angle":0.0,"axis":"y","origin":[8.044084,7.5666194,7.8188577]},"faces":{"east":{"uv":[7.5,6.0,8.5,7.0],"rotation":0,"texture":"#0","tintindex":0},"south":{"uv":[3.0,6.0,4.5,7.0],"rotation":0,"texture":"#0","tintindex":0},"north":{"uv":[1.5,6.0,3.0,7.0],"rotation":0,"texture":"#0","tintindex":0},"west":{"uv":[0.0,8.0,1.0,9.0],"rotation":0,"texture":"#0","tintindex":0},"up":{"uv":[8.0,1.0,6.5,0.0],"rotation":0,"texture":"#0","tintindex":0},"down":{"uv":[8.0,1.0,6.5,2.0],"rotation":0,"texture":"#0","tintindex":0}}},{"from":[7.0590363,7.409159,7.4056883],"to":[8.201894,8.552016,8.548546],"rotation":{"angle":-45.0,"axis":"y","origin":[8.851756,7.8523335,8.055552]},"faces":{"east":{"uv":[7.0,7.0,8.0,8.0],"rotation":0,"texture":"#0","tintindex":0},"south":{"uv":[7.5,2.0,8.5,3.0],"rotation":0,"texture":"#0","tintindex":0},"north":{"uv":[1.5,5.0,2.5,6.0],"rotation":0,"texture":"#0","tintindex":0},"west":{"uv":[7.5,3.0,8.5,4.0],"rotation":0,"texture":"#0","tintindex":0},"up":{"uv":[8.5,5.0,7.5,4.0],"rotation":0,"texture":"#0","tintindex":0},"down":{"uv":[8.5,5.0,7.5,6.0],"rotation":0,"texture":"#0","tintindex":0}}},{"from":[7.235512,8.544116,8.083571],"to":[8.852654,9.686974,8.083571],"rotation":{"angle":22.5,"axis":"x","origin":[8.044084,8.775536,8.058755]},"faces":{"east":{"uv":[0.0,0.0,0.0,1.0],"rotation":0,"texture":"#0","tintindex":0},"south":{"uv":[1.5,7.0,3.0,8.0],"rotation":0,"texture":"#0","tintindex":0},"north":{"uv":[0.0,7.0,1.5,8.0],"rotation":0,"texture":"#0","tintindex":0},"west":{"uv":[0.0,0.0,0.0,1.0],"rotation":0,"texture":"#0","tintindex":0},"up":{"uv":[1.5,0.0,0.0,0.0],"rotation":0,"texture":"#0","tintindex":0},"down":{"uv":[1.5,0.0,0.0,0.0],"rotation":0,"texture":"#0","tintindex":0}}},{"from":[8.852654,8.552016,7.1365066],"to":[8.852654,9.123445,7.9936495],"rotation":{"angle":0.0,"axis":"y","origin":[8.044084,8.709476,7.8188577]},"faces":{"east":{"uv":[2.0,8.0,3.0,8.5],"rotation":0,"texture":"#0","tintindex":0},"south":{"uv":[0.0,0.0,0.0,0.5],"rotation":0,"texture":"#0","tintindex":0},"north":{"uv":[0.0,0.0,0.0,0.5],"rotation":0,"texture":"#0","tintindex":0},"west":{"uv":[3.0,8.0,4.0,8.5],"rotation":0,"texture":"#0","tintindex":0},"up":{"uv":[0.0,1.0,0.0,0.0],"rotation":0,"texture":"#0","tintindex":0},"down":{"uv":[0.0,0.0,0.0,1.0],"rotation":0,"texture":"#0","tintindex":0}}},{"from":[6.564718,7.409159,7.8594923],"to":[6.564718,9.123445,8.716635],"rotation":{"angle":-45.0,"axis":"y","origin":[7.451723,7.5666194,8.509355]},"faces":{"east":{"uv":[7.5,5.5,6.5,7.0],"rotation":0,"texture":"#0","tintindex":0},"south":{"uv":[0.0,0.0,0.0,1.5],"rotation":0,"texture":"#0","tintindex":0},"north":{"uv":[0.0,0.0,0.0,1.5],"rotation":0,"texture":"#0","tintindex":0},"west":{"uv":[7.5,4.0,6.5,5.5],"rotation":0,"texture":"#0","tintindex":0},"up":{"uv":[0.0,1.0,0.0,0.0],"rotation":0,"texture":"#0","tintindex":0},"down":{"uv":[0.0,0.0,0.0,1.0],"rotation":0,"texture":"#0","tintindex":0}}},{"from":[9.571571,7.409159,7.8594923],"to":[9.571571,9.123445,8.716635],"rotation":{"angle":45.0,"axis":"y","origin":[8.684566,7.5666194,8.509355]},"faces":{"east":{"uv":[6.5,4.0,7.5,5.5],"rotation":0,"texture":"#0","tintindex":0},"south":{"uv":[0.0,0.0,0.0,1.5],"rotation":0,"texture":"#0","tintindex":0},"north":{"uv":[0.0,0.0,0.0,1.5],"rotation":0,"texture":"#0","tintindex":0},"west":{"uv":[6.5,5.5,7.5,7.0],"rotation":0,"texture":"#0","tintindex":0},"up":{"uv":[0.0,1.0,0.0,0.0],"rotation":0,"texture":"#0","tintindex":0},"down":{"uv":[0.0,0.0,0.0,1.0],"rotation":0,"texture":"#0","tintindex":0}}}],"display":{"head":{"translation":[0.0,-6.4,0.0],"scale":[4.0,4.0,4.0]}}}