{"textures":{"0":"modelengine:entity/hornytoad"},"elements":[{"from":[8.857143,8.857143,5.714286],"to":[8.857143,9.714286,8.571428],"rotation":{"angle":0.0,"axis":"y","origin":[8.0,9.428572,5.714286]},"faces":{"east":{"uv":[7.5,3.0,5.0,4.0],"rotation":0,"texture":"#0","tintindex":0},"south":{"uv":[0.0,0.0,0.0,1.0],"rotation":0,"texture":"#0","tintindex":0},"north":{"uv":[0.0,0.0,0.0,1.0],"rotation":0,"texture":"#0","tintindex":0},"west":{"uv":[7.5,2.0,5.0,3.0],"rotation":0,"texture":"#0","tintindex":0},"up":{"uv":[0.0,2.5,0.0,0.0],"rotation":0,"texture":"#0","tintindex":0},"down":{"uv":[0.0,0.0,0.0,2.5],"rotation":0,"texture":"#0","tintindex":0}}},{"from":[6.0219674,7.890134,5.714286],"to":[6.5933957,7.890134,8.571428],"rotation":{"angle":22.5,"axis":"z","origin":[6.3076816,7.890134,7.142857]},"faces":{"east":{"uv":[0.0,0.0,2.5,0.0],"rotation":0,"texture":"#0","tintindex":0},"south":{"uv":[0.0,0.0,0.5,0.0],"rotation":0,"texture":"#0","tintindex":0},"north":{"uv":[0.0,0.0,0.5,0.0],"rotation":0,"texture":"#0","tintindex":0},"west":{"uv":[0.0,0.0,2.5,0.0],"rotation":0,"texture":"#0","tintindex":0},"up":{"uv":[6.5,9.5,6.0,7.0],"rotation":0,"texture":"#0","tintindex":0},"down":{"uv":[7.0,7.0,6.5,9.5],"rotation":0,"texture":"#0","tintindex":0}}},{"from":[9.406604,7.890134,5.714286],"to":[9.978033,7.890134,8.571428],"rotation":{"angle":-22.5,"axis":"z","origin":[9.692318,7.890134,7.142857]},"faces":{"east":{"uv":[2.5,0.0,0.0,0.0],"rotation":0,"texture":"#0","tintindex":0},"south":{"uv":[0.5,0.0,0.0,0.0],"rotation":0,"texture":"#0","tintindex":0},"north":{"uv":[0.5,0.0,0.0,0.0],"rotation":0,"texture":"#0","tintindex":0},"west":{"uv":[2.5,0.0,0.0,0.0],"rotation":0,"texture":"#0","tintindex":0},"up":{"uv":[6.0,9.5,6.5,7.0],"rotation":0,"texture":"#0","tintindex":0},"down":{"uv":[6.5,7.0,7.0,9.5],"rotation":0,"texture":"#0","tintindex":0}}},{"from":[7.142857,8.857143,5.714286],"to":[7.142857,9.714286,8.571428],"rotation":{"angle":0.0,"axis":"y","origin":[8.0,9.428572,5.714286]},"faces":{"east":{"uv":[5.0,2.0,7.5,3.0],"rotation":0,"texture":"#0","tintindex":0},"south":{"uv":[0.0,0.0,0.0,1.0],"rotation":0,"texture":"#0","tintindex":0},"north":{"uv":[0.0,0.0,0.0,1.0],"rotation":0,"texture":"#0","tintindex":0},"west":{"uv":[5.0,3.0,7.5,4.0],"rotation":0,"texture":"#0","tintindex":0},"up":{"uv":[0.0,2.5,0.0,0.0],"rotation":0,"texture":"#0","tintindex":0},"down":{"uv":[0.0,0.0,0.0,2.5],"rotation":0,"texture":"#0","tintindex":0}}},{"from":[7.428571,7.714286,5.428571],"to":[8.571428,8.714286,5.714286],"rotation":{"angle":0.0,"axis":"y","origin":[8.0,8.0,5.714286]},"faces":{"east":{"uv":[8.5,2.0,9.0,3.0],"rotation":0,"texture":"#0","tintindex":0},"south":{"uv":[1.0,8.0,2.0,9.0],"rotation":0,"texture":"#0","tintindex":0},"north":{"uv":[8.0,0.0,9.0,1.0],"rotation":0,"texture":"#0","tintindex":0},"west":{"uv":[2.5,8.5,3.0,9.5],"rotation":0,"texture":"#0","tintindex":0},"up":{"uv":[4.0,9.0,3.0,8.5],"rotation":0,"texture":"#0","tintindex":0},"down":{"uv":[9.5,3.0,8.5,3.5],"rotation":0,"texture":"#0","tintindex":0}}},{"from":[7.142857,8.0,8.571428],"to":[8.857143,8.857143,9.142858],"rotation":{"angle":0.0,"axis":"y","origin":[8.0,8.0,8.571428]},"faces":{"east":{"uv":[7.0,8.5,7.5,9.5],"rotation":0,"texture":"#0","tintindex":0},"south":{"uv":[4.5,7.0,6.0,8.0],"rotation":0,"texture":"#0","tintindex":0},"north":{"uv":[3.0,7.0,4.5,8.0],"rotation":0,"texture":"#0","tintindex":0},"west":{"uv":[7.5,8.5,8.0,9.5],"rotation":0,"texture":"#0","tintindex":0},"up":{"uv":[9.5,1.5,8.0,1.0],"rotation":0,"texture":"#0","tintindex":0},"down":{"uv":[9.5,1.5,8.0,2.0],"rotation":0,"texture":"#0","tintindex":0}}},{"from":[6.5714283,7.428571,5.714286],"to":[9.428572,8.857143,8.571428],"rotation":{"angle":0.0,"axis":"y","origin":[8.0,8.0,5.714286]},"faces":{"east":{"uv":[2.5,1.5,5.0,3.0],"rotation":0,"texture":"#0","tintindex":0},"south":{"uv":[2.5,3.0,5.0,4.5],"rotation":0,"texture":"#0","tintindex":0},"north":{"uv":[2.5,0.0,5.0,1.5],"rotation":0,"texture":"#0","tintindex":0},"west":{"uv":[2.5,4.5,5.0,6.0],"rotation":0,"texture":"#0","tintindex":0},"up":{"uv":[2.5,2.5,0.0,0.0],"rotation":0,"texture":"#0","tintindex":0},"down":{"uv":[2.5,2.5,0.0,5.0],"rotation":0,"texture":"#0","tintindex":0}}}],"display":{"head":{"translation":[0.0,-6.4,0.0],"scale":[4.0,4.0,4.0]}}}