{"textures":{"0":"modelengine:entity/ant_pile"},"elements":[{"from":[4.0952377,7.2380953,4.333333],"to":[12.095238,7.2380953,12.333334],"rotation":{"angle":0.0,"axis":"y","origin":[8.095238,7.2380953,8.333333]},"faces":{"east":{"uv":[0.0,0.0,3.5,0.0],"rotation":0,"texture":"#0","tintindex":0},"south":{"uv":[0.0,0.0,3.5,0.0],"rotation":0,"texture":"#0","tintindex":0},"north":{"uv":[0.0,0.0,3.5,0.0],"rotation":0,"texture":"#0","tintindex":0},"west":{"uv":[0.0,0.0,3.5,0.0],"rotation":0,"texture":"#0","tintindex":0},"up":{"uv":[3.5,3.5,0.0,0.0],"rotation":0,"texture":"#0","tintindex":0},"down":{"uv":[3.5,3.5,0.0,7.0],"rotation":0,"texture":"#0","tintindex":0}}},{"from":[5.2380953,7.1809525,5.4761906],"to":[10.952381,7.752381,11.190476],"rotation":{"angle":0.0,"axis":"y","origin":[8.095238,7.1809525,8.333333]},"faces":{"east":{"uv":[7.5,0.0,10.0,0.25],"rotation":0,"texture":"#0","tintindex":0},"south":{"uv":[7.5,0.25,10.0,0.5],"rotation":0,"texture":"#0","tintindex":0},"north":{"uv":[0.0,7.5,2.5,7.75],"rotation":0,"texture":"#0","tintindex":0},"west":{"uv":[7.5,0.5,10.0,0.75],"rotation":0,"texture":"#0","tintindex":0},"up":{"uv":[6.0,2.5,3.5,0.0],"rotation":0,"texture":"#0","tintindex":0},"down":{"uv":[6.0,2.5,3.5,5.0],"rotation":0,"texture":"#0","tintindex":0}}},{"from":[5.8095236,7.752381,6.047619],"to":[10.380953,8.895238,10.619048],"rotation":{"angle":0.0,"axis":"y","origin":[8.095238,7.752381,8.333333]},"faces":{"east":{"uv":[6.0,3.5,8.0,4.0],"rotation":0,"texture":"#0","tintindex":0},"south":{"uv":[6.0,4.0,8.0,4.5],"rotation":0,"texture":"#0","tintindex":0},"north":{"uv":[6.0,3.0,8.0,3.5],"rotation":0,"texture":"#0","tintindex":0},"west":{"uv":[6.0,4.5,8.0,5.0],"rotation":0,"texture":"#0","tintindex":0},"up":{"uv":[5.5,7.0,3.5,5.0],"rotation":0,"texture":"#0","tintindex":0},"down":{"uv":[7.5,5.0,5.5,7.0],"rotation":0,"texture":"#0","tintindex":0}}},{"from":[6.3809524,8.895238,6.6190476],"to":[9.809524,10.038095,10.047619],"rotation":{"angle":0.0,"axis":"y","origin":[8.095238,8.895238,8.333333]},"faces":{"east":{"uv":[1.5,7.0,3.0,7.5],"rotation":0,"texture":"#0","tintindex":0},"south":{"uv":[3.0,7.0,4.5,7.5],"rotation":0,"texture":"#0","tintindex":0},"north":{"uv":[0.0,7.0,1.5,7.5],"rotation":0,"texture":"#0","tintindex":0},"west":{"uv":[4.5,7.0,6.0,7.5],"rotation":0,"texture":"#0","tintindex":0},"up":{"uv":[7.5,1.5,6.0,0.0],"rotation":0,"texture":"#0","tintindex":0},"down":{"uv":[7.5,1.5,6.0,3.0],"rotation":0,"texture":"#0","tintindex":0}}},{"from":[9.809524,7.1809525,4.904762],"to":[11.523809,8.32381,6.6190476],"rotation":{"angle":0.0,"axis":"y","origin":[9.238095,7.752381,8.333333]},"faces":{"east":{"uv":[7.5,5.0,8.25,5.5],"rotation":0,"texture":"#0","tintindex":0},"south":{"uv":[7.5,5.5,8.25,6.0],"rotation":0,"texture":"#0","tintindex":0},"north":{"uv":[5.0,7.5,5.75,8.0],"rotation":0,"texture":"#0","tintindex":0},"west":{"uv":[7.5,6.0,8.25,6.5],"rotation":0,"texture":"#0","tintindex":0},"up":{"uv":[8.25,1.5,7.5,0.75],"rotation":0,"texture":"#0","tintindex":0},"down":{"uv":[8.25,1.5,7.5,2.25],"rotation":0,"texture":"#0","tintindex":0}}},{"from":[4.0952377,7.1809525,7.7619047],"to":[5.8095236,8.32381,10.047619],"rotation":{"angle":0.0,"axis":"y","origin":[8.095238,7.752381,7.7619047]},"faces":{"east":{"uv":[7.5,2.25,8.5,2.75],"rotation":0,"texture":"#0","tintindex":0},"south":{"uv":[4.25,7.5,5.0,8.0],"rotation":0,"texture":"#0","tintindex":0},"north":{"uv":[3.5,7.5,4.25,8.0],"rotation":0,"texture":"#0","tintindex":0},"west":{"uv":[2.5,7.5,3.5,8.0],"rotation":0,"texture":"#0","tintindex":0},"up":{"uv":[6.75,8.0,6.0,7.0],"rotation":0,"texture":"#0","tintindex":0},"down":{"uv":[7.5,7.0,6.75,8.0],"rotation":0,"texture":"#0","tintindex":0}}}],"display":{"head":{"translation":[0.0,-6.4,0.0],"scale":[4.0,4.0,4.0]}}}