{"textures":{"0":"modelengine:entity/toro_wither"},"elements":[{"from":[9.344,6.542188,2.8587651],"to":[11.192,9.734188,4.538765],"rotation":{"angle":-22.5,"axis":"x","origin":[10.352,7.7181883,2.018765]},"faces":{"east":{"uv":[4.3125,8.65625,4.4375,8.875],"rotation":0,"texture":"#0","tintindex":0},"south":{"uv":[4.4375,8.65625,4.5625,8.875],"rotation":0,"texture":"#0","tintindex":0},"north":{"uv":[2.78125,8.65625,2.90625,8.875],"rotation":0,"texture":"#0","tintindex":0},"west":{"uv":[4.5625,8.65625,4.6875,8.875],"rotation":0,"texture":"#0","tintindex":0},"up":{"uv":[8.9375,3.625,8.8125,3.5],"rotation":0,"texture":"#0","tintindex":0},"down":{"uv":[8.9375,4.0625,8.8125,4.1875],"rotation":0,"texture":"#0","tintindex":0}}},{"from":[7.496,24.811817,17.275017],"to":[8.504,27.701416,18.787018],"rotation":{"angle":0.0,"axis":"y","origin":[8.0,22.820038,16.310589]},"faces":{"east":{"uv":[2.40625,6.6875,2.5,6.875],"rotation":0,"texture":"#0","tintindex":0},"south":{"uv":[3.625,6.53125,3.6875,6.71875],"rotation":0,"texture":"#0","tintindex":0},"north":{"uv":[3.625,6.34375,3.6875,6.53125],"rotation":0,"texture":"#0","tintindex":0},"west":{"uv":[5.59375,6.9375,5.6875,7.125],"rotation":0,"texture":"#0","tintindex":0},"up":{"uv":[4.65625,6.65625,4.59375,6.5625],"rotation":0,"texture":"#0","tintindex":0},"down":{"uv":[4.65625,6.65625,4.59375,6.75],"rotation":0,"texture":"#0","tintindex":0}}},{"from":[4.304,-5.419545,9.889426],"to":[11.696,3.820455,14.593427],"rotation":{"angle":22.5,"axis":"x","origin":[8.0,3.736455,12.241426]},"faces":{"east":{"uv":[0.625,5.3125,0.9375,5.90625],"rotation":0,"texture":"#0","tintindex":0},"south":{"uv":[2.71875,3.125,3.1875,3.71875],"rotation":0,"texture":"#0","tintindex":0},"north":{"uv":[2.25,3.125,2.71875,3.71875],"rotation":0,"texture":"#0","tintindex":0},"west":{"uv":[5.375,2.71875,5.6875,3.3125],"rotation":0,"texture":"#0","tintindex":0},"up":{"uv":[6.15625,4.53125,5.6875,4.21875],"rotation":0,"texture":"#0","tintindex":0},"down":{"uv":[6.15625,4.53125,5.6875,4.84375],"rotation":0,"texture":"#0","tintindex":0}}},{"from":[10.352,18.912,6.704],"to":[13.040001,28.992,9.392],"rotation":{"angle":22.5,"axis":"z","origin":[13.375999,23.952,8.72]},"faces":{"east":{"uv":[3.0625,6.34375,3.25,7.0],"rotation":0,"texture":"#0","tintindex":0},"south":{"uv":[3.25,6.34375,3.4375,7.0],"rotation":0,"texture":"#0","tintindex":0},"north":{"uv":[2.875,6.34375,3.0625,7.0],"rotation":0,"texture":"#0","tintindex":0},"west":{"uv":[3.4375,6.34375,3.625,7.0],"rotation":0,"texture":"#0","tintindex":0},"up":{"uv":[0.71875,8.625,0.53125,8.4375],"rotation":0,"texture":"#0","tintindex":0},"down":{"uv":[5.25,8.46875,5.0625,8.65625],"rotation":0,"texture":"#0","tintindex":0}}},{"from":[6.656,16.392,9.392],"to":[9.344,30.504,12.752001],"rotation":{"angle":-22.5,"axis":"x","origin":[8.0,18.912,3.3439999]},"faces":{"east":{"uv":[2.0,5.125,2.21875,6.03125],"rotation":0,"texture":"#0","tintindex":0},"south":{"uv":[1.125,5.40625,1.3125,6.3125],"rotation":0,"texture":"#0","tintindex":0},"north":{"uv":[0.9375,5.40625,1.125,6.3125],"rotation":0,"texture":"#0","tintindex":0},"west":{"uv":[2.21875,5.125,2.4375,6.03125],"rotation":0,"texture":"#0","tintindex":0},"up":{"uv":[7.8125,8.5625,7.625,8.34375],"rotation":0,"texture":"#0","tintindex":0},"down":{"uv":[8.0,8.34375,7.8125,8.5625],"rotation":0,"texture":"#0","tintindex":0}}},{"from":[8.797788,11.184,-2.5296059],"to":[15.517788,13.872,0.8303938],"rotation":{"angle":-22.5,"axis":"z","origin":[12.157787,10.848,-4.3776064]},"faces":{"east":{"uv":[1.53125,8.375,1.75,8.5625],"rotation":0,"texture":"#0","tintindex":0},"south":{"uv":[7.46875,4.875,7.90625,5.0625],"rotation":0,"texture":"#0","tintindex":0},"north":{"uv":[7.46875,0.0,7.90625,0.1875],"rotation":0,"texture":"#0","tintindex":0},"west":{"uv":[1.96875,8.375,2.1875,8.5625],"rotation":0,"texture":"#0","tintindex":0},"up":{"uv":[7.46875,0.21875,7.03125,0.0],"rotation":0,"texture":"#0","tintindex":0},"down":{"uv":[7.53125,3.28125,7.09375,3.5],"rotation":0,"texture":"#0","tintindex":0}}},{"from":[-1.0720005,10.216,8.384],"to":[12.368,14.248,11.7439995],"rotation":{"angle":-45.0,"axis":"y","origin":[8.0,19.624,3.3439999]},"faces":{"east":{"uv":[3.5625,7.9375,3.78125,8.1875],"rotation":0,"texture":"#0","tintindex":0},"south":{"uv":[4.75,1.625,5.625,1.875],"rotation":0,"texture":"#0","tintindex":0},"north":{"uv":[1.0625,4.71875,1.9375,4.96875],"rotation":0,"texture":"#0","tintindex":0},"west":{"uv":[3.78125,7.9375,4.0,8.1875],"rotation":0,"texture":"#0","tintindex":0},"up":{"uv":[6.125,5.40625,5.25,5.1875],"rotation":0,"texture":"#0","tintindex":0},"down":{"uv":[6.1875,1.875,5.3125,2.09375],"rotation":0,"texture":"#0","tintindex":0}}},{"from":[0.94400024,10.176001,3.3439999],"to":[15.056,20.256,13.424],"rotation":{"angle":0.0,"axis":"y","origin":[8.336,18.912,3.3439999]},"faces":{"east":{"uv":[0.0,1.3125,0.65625,1.96875],"rotation":0,"texture":"#0","tintindex":0},"south":{"uv":[0.0,0.65625,0.90625,1.3125],"rotation":0,"texture":"#0","tintindex":0},"north":{"uv":[0.0,0.0,0.90625,0.65625],"rotation":0,"texture":"#0","tintindex":0},"west":{"uv":[0.65625,1.3125,1.3125,1.96875],"rotation":0,"texture":"#0","tintindex":0},"up":{"uv":[1.8125,0.65625,0.90625,0.0],"rotation":0,"texture":"#0","tintindex":0},"down":{"uv":[1.8125,0.65625,0.90625,1.3125],"rotation":0,"texture":"#0","tintindex":0}}},{"from":[6.992,11.754236,15.874041],"to":[9.008,13.602237,19.23404],"rotation":{"angle":-45.0,"axis":"x","origin":[8.0,10.494236,18.89804]},"faces":{"east":{"uv":[4.5,4.21875,4.71875,4.34375],"rotation":0,"texture":"#0","tintindex":0},"south":{"uv":[8.21875,3.75,8.34375,3.875],"rotation":0,"texture":"#0","tintindex":0},"north":{"uv":[8.1875,2.53125,8.3125,2.65625],"rotation":0,"texture":"#0","tintindex":0},"west":{"uv":[5.125,0.25,5.34375,0.375],"rotation":0,"texture":"#0","tintindex":0},"up":{"uv":[4.4375,7.34375,4.3125,7.125],"rotation":0,"texture":"#0","tintindex":0},"down":{"uv":[8.40625,8.59375,8.28125,8.8125],"rotation":0,"texture":"#0","tintindex":0}}},{"from":[2.9599996,18.912,6.704],"to":[5.648,28.992,9.392],"rotation":{"angle":-22.5,"axis":"z","origin":[2.624,23.952,8.72]},"faces":{"east":{"uv":[5.5,6.28125,5.6875,6.9375],"rotation":0,"texture":"#0","tintindex":0},"south":{"uv":[2.5,6.34375,2.6875,7.0],"rotation":0,"texture":"#0","tintindex":0},"north":{"uv":[0.375,6.28125,0.5625,6.9375],"rotation":0,"texture":"#0","tintindex":0},"west":{"uv":[2.6875,6.34375,2.875,7.0],"rotation":0,"texture":"#0","tintindex":0},"up":{"uv":[1.9375,8.59375,1.75,8.40625],"rotation":0,"texture":"#0","tintindex":0},"down":{"uv":[3.125,8.40625,2.9375,8.59375],"rotation":0,"texture":"#0","tintindex":0}}},{"from":[9.008,9.504,1.8319998],"to":[11.696,13.536,4.52],"rotation":{"angle":22.5,"axis":"x","origin":[8.0,10.512,3.1759996]},"faces":{"east":{"uv":[0.65625,8.1875,0.84375,8.4375],"rotation":0,"texture":"#0","tintindex":0},"south":{"uv":[8.1875,6.8125,8.375,7.0625],"rotation":0,"texture":"#0","tintindex":0},"north":{"uv":[1.9375,4.71875,2.125,4.96875],"rotation":0,"texture":"#0","tintindex":0},"west":{"uv":[8.21875,1.1875,8.40625,1.4375],"rotation":0,"texture":"#0","tintindex":0},"up":{"uv":[8.65625,7.625,8.46875,7.4375],"rotation":0,"texture":"#0","tintindex":0},"down":{"uv":[8.1875,8.46875,8.0,8.65625],"rotation":0,"texture":"#0","tintindex":0}}},{"from":[8.672,8.664,9.896],"to":[18.248001,12.024,13.2560005],"rotation":{"angle":-22.5,"axis":"y","origin":[16.736,11.856,16.448002]},"faces":{"east":{"uv":[8.09375,2.65625,8.3125,2.875],"rotation":0,"texture":"#0","tintindex":0},"south":{"uv":[1.8125,6.03125,2.4375,6.25],"rotation":0,"texture":"#0","tintindex":0},"north":{"uv":[6.0,2.5,6.625,2.71875],"rotation":0,"texture":"#0","tintindex":0},"west":{"uv":[5.15625,8.09375,5.375,8.3125],"rotation":0,"texture":"#0","tintindex":0},"up":{"uv":[6.6875,0.875,6.0625,0.65625],"rotation":0,"texture":"#0","tintindex":0},"down":{"uv":[5.78125,6.0625,5.15625,6.28125],"rotation":0,"texture":"#0","tintindex":0}}},{"from":[15.392,9.0,10.232],"to":[25.472,11.352,12.752001],"rotation":{"angle":-45.0,"axis":"y","origin":[16.736,11.856,16.448002]},"faces":{"east":{"uv":[8.125,0.65625,8.28125,0.8125],"rotation":0,"texture":"#0","tintindex":0},"south":{"uv":[6.59375,4.84375,7.25,5.0],"rotation":0,"texture":"#0","tintindex":0},"north":{"uv":[6.59375,3.875,7.25,4.03125],"rotation":0,"texture":"#0","tintindex":0},"west":{"uv":[8.65625,7.4375,8.8125,7.59375],"rotation":0,"texture":"#0","tintindex":0},"up":{"uv":[7.28125,2.65625,6.625,2.5],"rotation":0,"texture":"#0","tintindex":0},"down":{"uv":[7.34375,0.65625,6.6875,0.8125],"rotation":0,"texture":"#0","tintindex":0}}},{"from":[18.751999,13.683348,1.0286117],"to":[22.112,22.083347,3.7166119],"rotation":{"angle":45.0,"axis":"z","origin":[17.072,12.507347,0.86061144]},"faces":{"east":{"uv":[1.8125,5.40625,2.0,5.96875],"rotation":0,"texture":"#0","tintindex":0},"south":{"uv":[4.875,6.5,5.09375,7.0625],"rotation":0,"texture":"#0","tintindex":0},"north":{"uv":[4.65625,6.5,4.875,7.0625],"rotation":0,"texture":"#0","tintindex":0},"west":{"uv":[0.0,6.625,0.1875,7.1875],"rotation":0,"texture":"#0","tintindex":0},"up":{"uv":[4.125,8.5625,3.90625,8.375],"rotation":0,"texture":"#0","tintindex":0},"down":{"uv":[4.34375,8.375,4.125,8.5625],"rotation":0,"texture":"#0","tintindex":0}}},{"from":[-6.1119995,13.683348,1.0286117],"to":[-2.7519999,22.083347,3.7166119],"rotation":{"angle":-45.0,"axis":"z","origin":[-1.0720005,12.507347,0.86061144]},"faces":{"east":{"uv":[0.1875,6.625,0.375,7.1875],"rotation":0,"texture":"#0","tintindex":0},"south":{"uv":[6.53125,1.53125,6.75,2.09375],"rotation":0,"texture":"#0","tintindex":0},"north":{"uv":[0.5625,6.53125,0.78125,7.09375],"rotation":0,"texture":"#0","tintindex":0},"west":{"uv":[5.09375,6.625,5.28125,7.1875],"rotation":0,"texture":"#0","tintindex":0},"up":{"uv":[8.59375,4.90625,8.375,4.71875],"rotation":0,"texture":"#0","tintindex":0},"down":{"uv":[8.59375,4.90625,8.375,5.09375],"rotation":0,"texture":"#0","tintindex":0}}},{"from":[4.304,9.504,1.8319998],"to":[6.992,13.536,4.52],"rotation":{"angle":22.5,"axis":"x","origin":[8.0,10.512,3.1759996]},"faces":{"east":{"uv":[8.21875,3.5,8.40625,3.75],"rotation":0,"texture":"#0","tintindex":0},"south":{"uv":[8.09375,8.21875,8.28125,8.46875],"rotation":0,"texture":"#0","tintindex":0},"north":{"uv":[8.21875,3.09375,8.40625,3.34375],"rotation":0,"texture":"#0","tintindex":0},"west":{"uv":[8.25,6.53125,8.4375,6.78125],"rotation":0,"texture":"#0","tintindex":0},"up":{"uv":[8.59375,8.65625,8.40625,8.46875],"rotation":0,"texture":"#0","tintindex":0},"down":{"uv":[3.65625,8.5,3.46875,8.6875],"rotation":0,"texture":"#0","tintindex":0}}},{"from":[-9.472,9.0,10.232],"to":[0.6080003,11.352,12.752001],"rotation":{"angle":45.0,"axis":"y","origin":[-0.73600006,11.856,16.448002]},"faces":{"east":{"uv":[0.375,6.9375,0.53125,7.09375],"rotation":0,"texture":"#0","tintindex":0},"south":{"uv":[6.53125,4.6875,7.1875,4.84375],"rotation":0,"texture":"#0","tintindex":0},"north":{"uv":[6.5,2.09375,7.15625,2.25],"rotation":0,"texture":"#0","tintindex":0},"west":{"uv":[8.0625,3.5,8.21875,3.65625],"rotation":0,"texture":"#0","tintindex":0},"up":{"uv":[7.21875,0.40625,6.5625,0.25],"rotation":0,"texture":"#0","tintindex":0},"down":{"uv":[7.25,3.71875,6.59375,3.875],"rotation":0,"texture":"#0","tintindex":0}}},{"from":[-2.2480001,8.664,9.896],"to":[7.328,12.024,13.2560005],"rotation":{"angle":22.5,"axis":"y","origin":[-0.73600006,11.856,16.448002]},"faces":{"east":{"uv":[5.4375,8.0625,5.65625,8.28125],"rotation":0,"texture":"#0","tintindex":0},"south":{"uv":[5.875,2.09375,6.5,2.3125],"rotation":0,"texture":"#0","tintindex":0},"north":{"uv":[5.53125,0.0,6.15625,0.21875],"rotation":0,"texture":"#0","tintindex":0},"west":{"uv":[5.65625,8.0625,5.875,8.28125],"rotation":0,"texture":"#0","tintindex":0},"up":{"uv":[6.5625,0.4375,5.9375,0.21875],"rotation":0,"texture":"#0","tintindex":0},"down":{"uv":[6.59375,4.84375,5.96875,5.0625],"rotation":0,"texture":"#0","tintindex":0}}},{"from":[6.32,6.144,13.76],"to":[9.68,9.336,17.792],"rotation":{"angle":-22.5,"axis":"x","origin":[8.0,3.7919998,10.4]},"faces":{"east":{"uv":[5.1875,7.875,5.4375,8.09375],"rotation":0,"texture":"#0","tintindex":0},"south":{"uv":[8.0625,4.34375,8.28125,4.5625],"rotation":0,"texture":"#0","tintindex":0},"north":{"uv":[8.03125,6.59375,8.25,6.8125],"rotation":0,"texture":"#0","tintindex":0},"west":{"uv":[7.90625,4.78125,8.15625,5.0],"rotation":0,"texture":"#0","tintindex":0},"up":{"uv":[4.65625,7.0625,4.4375,6.8125],"rotation":0,"texture":"#0","tintindex":0},"down":{"uv":[1.28125,7.90625,1.0625,8.15625],"rotation":0,"texture":"#0","tintindex":0}}},{"from":[7.496,12.090237,17.050041],"to":[8.504,14.778236,18.56204],"rotation":{"angle":22.5,"axis":"x","origin":[8.0,13.182237,17.30204]},"faces":{"east":{"uv":[3.09375,4.09375,3.1875,4.28125],"rotation":0,"texture":"#0","tintindex":0},"south":{"uv":[5.375,4.21875,5.4375,4.40625],"rotation":0,"texture":"#0","tintindex":0},"north":{"uv":[3.4375,2.71875,3.5,2.90625],"rotation":0,"texture":"#0","tintindex":0},"west":{"uv":[5.15625,5.8125,5.25,6.0],"rotation":0,"texture":"#0","tintindex":0},"up":{"uv":[5.4375,4.5,5.375,4.40625],"rotation":0,"texture":"#0","tintindex":0},"down":{"uv":[6.15625,4.125,6.09375,4.21875],"rotation":0,"texture":"#0","tintindex":0}}},{"from":[4.8079996,6.542188,2.8587651],"to":[6.656,9.734188,4.538765],"rotation":{"angle":-22.5,"axis":"x","origin":[5.648,7.7181883,2.018765]},"faces":{"east":{"uv":[5.0625,8.65625,5.1875,8.875],"rotation":0,"texture":"#0","tintindex":0},"south":{"uv":[5.375,8.65625,5.5,8.875],"rotation":0,"texture":"#0","tintindex":0},"north":{"uv":[4.9375,8.65625,5.0625,8.875],"rotation":0,"texture":"#0","tintindex":0},"west":{"uv":[5.5,8.65625,5.625,8.875],"rotation":0,"texture":"#0","tintindex":0},"up":{"uv":[8.9375,4.3125,8.8125,4.1875],"rotation":0,"texture":"#0","tintindex":0},"down":{"uv":[8.9375,4.3125,8.8125,4.4375],"rotation":0,"texture":"#0","tintindex":0}}},{"from":[6.488,20.045824,9.232759],"to":[9.512,23.237823,15.28076],"rotation":{"angle":-45.0,"axis":"x","origin":[8.0,23.021639,15.97459]},"faces":{"east":{"uv":[6.15625,0.0,6.5625,0.21875],"rotation":0,"texture":"#0","tintindex":0},"south":{"uv":[1.15625,8.375,1.34375,8.59375],"rotation":0,"texture":"#0","tintindex":0},"north":{"uv":[0.96875,8.375,1.15625,8.59375],"rotation":0,"texture":"#0","tintindex":0},"west":{"uv":[5.59375,7.125,6.0,7.34375],"rotation":0,"texture":"#0","tintindex":0},"up":{"uv":[3.25,5.125,3.0625,4.71875],"rotation":0,"texture":"#0","tintindex":0},"down":{"uv":[5.03125,7.375,4.84375,7.78125],"rotation":0,"texture":"#0","tintindex":0}}},{"from":[7.496,0.9113221,16.242737],"to":[8.504,3.5993218,17.754736],"rotation":{"angle":45.0,"axis":"x","origin":[8.0,-0.2325182,15.860027]},"faces":{"east":{"uv":[4.65625,6.21875,4.75,6.40625],"rotation":0,"texture":"#0","tintindex":0},"south":{"uv":[0.5625,6.28125,0.625,6.46875],"rotation":0,"texture":"#0","tintindex":0},"north":{"uv":[1.75,6.0625,1.8125,6.25],"rotation":0,"texture":"#0","tintindex":0},"west":{"uv":[5.6875,6.28125,5.78125,6.46875],"rotation":0,"texture":"#0","tintindex":0},"up":{"uv":[4.125,6.21875,4.0625,6.125],"rotation":0,"texture":"#0","tintindex":0},"down":{"uv":[0.84375,6.53125,0.78125,6.625],"rotation":0,"texture":"#0","tintindex":0}}},{"from":[6.992,-1.7325392,14.372406],"to":[9.008,0.11546183,17.732407],"rotation":{"angle":-22.5,"axis":"x","origin":[8.0,-0.2325182,15.860027]},"faces":{"east":{"uv":[7.375,2.84375,7.59375,2.96875],"rotation":0,"texture":"#0","tintindex":0},"south":{"uv":[8.78125,8.0625,8.90625,8.1875],"rotation":0,"texture":"#0","tintindex":0},"north":{"uv":[8.78125,6.125,8.90625,6.25],"rotation":0,"texture":"#0","tintindex":0},"west":{"uv":[8.59375,5.15625,8.8125,5.28125],"rotation":0,"texture":"#0","tintindex":0},"up":{"uv":[0.625,8.84375,0.5,8.625],"rotation":0,"texture":"#0","tintindex":0},"down":{"uv":[8.75,3.75,8.625,3.96875],"rotation":0,"texture":"#0","tintindex":0}}},{"from":[3.632,10.216,8.384],"to":[17.072,14.248,11.7439995],"rotation":{"angle":45.0,"axis":"y","origin":[8.0,19.624,3.3439999]},"faces":{"east":{"uv":[0.625,7.9375,0.84375,8.1875],"rotation":0,"texture":"#0","tintindex":0},"south":{"uv":[4.65625,0.0,5.53125,0.25],"rotation":0,"texture":"#0","tintindex":0},"north":{"uv":[4.625,1.0,5.5,1.25],"rotation":0,"texture":"#0","tintindex":0},"west":{"uv":[7.9375,1.5,8.15625,1.75],"rotation":0,"texture":"#0","tintindex":0},"up":{"uv":[6.125,3.8125,5.25,3.59375],"rotation":0,"texture":"#0","tintindex":0},"down":{"uv":[6.125,3.8125,5.25,4.03125],"rotation":0,"texture":"#0","tintindex":0}}},{"from":[5.984,14.375999,6.704],"to":[10.016,24.456,10.736],"rotation":{"angle":-22.5,"axis":"x","origin":[8.0,18.912,3.3439999]},"faces":{"east":{"uv":[1.5625,5.40625,1.8125,6.0625],"rotation":0,"texture":"#0","tintindex":0},"south":{"uv":[5.25,5.40625,5.5,6.0625],"rotation":0,"texture":"#0","tintindex":0},"north":{"uv":[1.3125,5.40625,1.5625,6.0625],"rotation":0,"texture":"#0","tintindex":0},"west":{"uv":[5.4375,4.21875,5.6875,4.875],"rotation":0,"texture":"#0","tintindex":0},"up":{"uv":[3.875,7.0,3.625,6.75],"rotation":0,"texture":"#0","tintindex":0},"down":{"uv":[7.96875,5.25,7.71875,5.5],"rotation":0,"texture":"#0","tintindex":0}}},{"from":[-6.857684,9.504,1.8538303],"to":[-0.13768482,12.864,4.8778305],"rotation":{"angle":45.0,"axis":"y","origin":[-6.017685,12.191999,-1.1701698]},"faces":{"east":{"uv":[8.375,2.09375,8.5625,2.3125],"rotation":0,"texture":"#0","tintindex":0},"south":{"uv":[6.4375,7.09375,6.875,7.3125],"rotation":0,"texture":"#0","tintindex":0},"north":{"uv":[6.0,7.09375,6.4375,7.3125],"rotation":0,"texture":"#0","tintindex":0},"west":{"uv":[2.1875,8.375,2.375,8.59375],"rotation":0,"texture":"#0","tintindex":0},"up":{"uv":[7.90625,5.25,7.46875,5.0625],"rotation":0,"texture":"#0","tintindex":0},"down":{"uv":[7.9375,1.5,7.5,1.6875],"rotation":0,"texture":"#0","tintindex":0}}},{"from":[0.48221207,11.184,-2.5296059],"to":[7.2022123,13.872,0.8303938],"rotation":{"angle":22.5,"axis":"z","origin":[3.8422122,10.848,-4.3776064]},"faces":{"east":{"uv":[2.375,8.375,2.59375,8.5625],"rotation":0,"texture":"#0","tintindex":0},"south":{"uv":[2.3125,7.5,2.75,7.6875],"rotation":0,"texture":"#0","tintindex":0},"north":{"uv":[7.5,1.6875,7.9375,1.875],"rotation":0,"texture":"#0","tintindex":0},"west":{"uv":[2.59375,8.375,2.8125,8.5625],"rotation":0,"texture":"#0","tintindex":0},"up":{"uv":[7.5625,1.5,7.125,1.28125],"rotation":0,"texture":"#0","tintindex":0},"down":{"uv":[4.3125,7.125,3.875,7.34375],"rotation":0,"texture":"#0","tintindex":0}}},{"from":[-5.4399996,17.568,2.0],"to":[21.439999,20.256,4.6879997],"rotation":{"angle":-22.5,"axis":"x","origin":[8.0,18.912,3.3439999]},"faces":{"east":{"uv":[4.125,5.5625,4.3125,5.75],"rotation":0,"texture":"#0","tintindex":0},"south":{"uv":[1.75,2.9375,3.5,3.125],"rotation":0,"texture":"#0","tintindex":0},"north":{"uv":[0.0,2.9375,1.75,3.125],"rotation":0,"texture":"#0","tintindex":0},"west":{"uv":[0.40625,7.75,0.59375,7.9375],"rotation":0,"texture":"#0","tintindex":0},"up":{"uv":[4.78125,1.4375,3.03125,1.25],"rotation":0,"texture":"#0","tintindex":0},"down":{"uv":[4.78125,1.4375,3.03125,1.625],"rotation":0,"texture":"#0","tintindex":0}}},{"from":[3.632,1.44,9.728],"to":[12.368,12.696,14.432],"rotation":{"angle":-22.5,"axis":"x","origin":[8.0,3.7919998,10.4]},"faces":{"east":{"uv":[2.125,4.40625,2.4375,5.125],"rotation":0,"texture":"#0","tintindex":0},"south":{"uv":[0.5625,1.96875,1.125,2.6875],"rotation":0,"texture":"#0","tintindex":0},"north":{"uv":[0.0,1.96875,0.5625,2.6875],"rotation":0,"texture":"#0","tintindex":0},"west":{"uv":[0.75,4.59375,1.0625,5.3125],"rotation":0,"texture":"#0","tintindex":0},"up":{"uv":[5.875,2.40625,5.3125,2.09375],"rotation":0,"texture":"#0","tintindex":0},"down":{"uv":[5.9375,0.25,5.375,0.5625],"rotation":0,"texture":"#0","tintindex":0}}},{"from":[16.137684,9.504,1.8538303],"to":[22.857685,12.864,4.8778305],"rotation":{"angle":-45.0,"axis":"y","origin":[22.017685,12.191999,-1.1701698]},"faces":{"east":{"uv":[1.34375,8.375,1.53125,8.59375],"rotation":0,"texture":"#0","tintindex":0},"south":{"uv":[6.75,4.4375,7.1875,4.65625],"rotation":0,"texture":"#0","tintindex":0},"north":{"uv":[6.75,3.5,7.1875,3.71875],"rotation":0,"texture":"#0","tintindex":0},"west":{"uv":[8.375,1.4375,8.5625,1.65625],"rotation":0,"texture":"#0","tintindex":0},"up":{"uv":[7.875,7.4375,7.4375,7.25],"rotation":0,"texture":"#0","tintindex":0},"down":{"uv":[7.875,7.4375,7.4375,7.625],"rotation":0,"texture":"#0","tintindex":0}}},{"from":[6.32,-2.7824984,11.27967],"to":[9.68,0.4095025,15.31167],"rotation":{"angle":0.0,"axis":"y","origin":[8.0,-0.2325182,15.860027]},"faces":{"east":{"uv":[7.90625,5.0,8.15625,5.21875],"rotation":0,"texture":"#0","tintindex":0},"south":{"uv":[4.9375,8.0625,5.15625,8.28125],"rotation":0,"texture":"#0","tintindex":0},"north":{"uv":[4.46875,8.0625,4.6875,8.28125],"rotation":0,"texture":"#0","tintindex":0},"west":{"uv":[5.875,7.90625,6.125,8.125],"rotation":0,"texture":"#0","tintindex":0},"up":{"uv":[0.21875,8.1875,0.0,7.9375],"rotation":0,"texture":"#0","tintindex":0},"down":{"uv":[0.625,7.9375,0.40625,8.1875],"rotation":0,"texture":"#0","tintindex":0}}},{"from":[6.992,21.171478,16.036354],"to":[9.008,25.70748,17.884354],"rotation":{"angle":22.5,"axis":"x","origin":[8.0,22.820038,16.310589]},"faces":{"east":{"uv":[4.34375,8.375,4.46875,8.65625],"rotation":0,"texture":"#0","tintindex":0},"south":{"uv":[0.71875,8.4375,0.84375,8.71875],"rotation":0,"texture":"#0","tintindex":0},"north":{"uv":[6.0,6.8125,6.125,7.09375],"rotation":0,"texture":"#0","tintindex":0},"west":{"uv":[5.25,8.46875,5.375,8.75],"rotation":0,"texture":"#0","tintindex":0},"up":{"uv":[8.9375,2.53125,8.8125,2.40625],"rotation":0,"texture":"#0","tintindex":0},"down":{"uv":[8.9375,2.875,8.8125,3.0],"rotation":0,"texture":"#0","tintindex":0}}}],"display":{"head":{"translation":[0.0,-6.4,0.0],"scale":[4.0,4.0,4.0]}}}