{
	"parent": "item/generated",
	"textures": {
		"layer0": "item/blaze_rod"
	},
	
	"overrides": [
		{"predicate": {"custom_model_data":1000001}, "model": "custom/elitecreatures/insect/firefly"},
		{"predicate": {"custom_model_data":1000002}, "model": "custom/elitecreatures/insect/firefly1"},
		{"predicate": {"custom_model_data":1000003}, "model": "custom/elitecreatures/insect/firefly2"},
		{"predicate": {"custom_model_data":1000004}, "model": "custom/elitecreatures/elitechristmas/christmasskylantern"}		
	]
}