{
	"parent": "item/generated",
	"textures": {
		"layer0": "item/flint"
	},
	
	"overrides": [
		{"predicate": {"custom_model_data":1000001}, "model": "custom/elitecreatures/insect/tusk"},
		{"predicate": {"custom_model_data":1000002}, "model": "custom/elitecreatures/insect/toothitem"},
		{"predicate": {"custom_model_data":1000003}, "model": "custom/elitecreatures/insect/antler"},
		{"predicate": {"custom_model_data":1000004}, "model": "custom/elitecreatures/insect/insectparts"},
		{"predicate": {"custom_model_data":1000005}, "model": "custom/elitecreatures/insect/insectwings"},
		{"predicate": {"custom_model_data":1000006}, "model": "custom/elitecreatures/insect/smallrawhide"},
		{"predicate": {"custom_model_data":1000007}, "model": "custom/elitecreatures/insect/mediumrawhide"},
		{"predicate": {"custom_model_data":1000008}, "model": "custom/elitecreatures/insect/largerawhide"},
		{"predicate": {"custom_model_data":1000009}, "model": "custom/elitecreatures/insect/horn"},
		{"predicate": {"custom_model_data":1000010}, "model": "custom/elitecreatures/insect/claw"},
		{"predicate": {"custom_model_data":1000011}, "model": "custom/elitecreatures/insect/uropygiol"},
		{"predicate": {"custom_model_data":1000012}, "model": "custom/elitecreatures/insect/birdfeather"}
	]
}