{
	"parent": "item/generated",
	"textures": {
		"layer0": "item/iron_nugget"
	},
	
	"overrides": [
		{"predicate": {"custom_model_data":1000001}, "model": "custom/elitecreatures/insect/dragonfly"},
		{"predicate": {"custom_model_data":1000002}, "model": "custom/elitecreatures/insect/dragonfly1"},
		{"predicate": {"custom_model_data":1000003}, "model": "custom/elitecreatures/insect/dragonfly2"},
		{"predicate": {"custom_model_data":1000004}, "model": "custom/elitecreatures/insect/fly"},
		{"predicate": {"custom_model_data":1000005}, "model": "custom/elitecreatures/insect/fly1"},
		{"predicate": {"custom_model_data":1000006}, "model": "custom/elitecreatures/insect/fly2"},
		{"predicate": {"custom_model_data":1000007}, "model": "custom/elitecreatures/insect/ladybug"},
		{"predicate": {"custom_model_data":1000008}, "model": "custom/elitecreatures/insect/wasp"},
		{"predicate": {"custom_model_data":1000009}, "model": "custom/elitecreatures/insect/wasp1"},
		{"predicate": {"custom_model_data":1000010}, "model": "custom/elitecreatures/insect/wasp2"},
		{"predicate": {"custom_model_data":1000011}, "model": "custom/elitecreatures/insect/waspatt"},
		{"predicate": {"custom_model_data":1000012}, "model": "custom/elitecreatures/insect/butterfly"},
		{"predicate": {"custom_model_data":1000013}, "model": "custom/elitecreatures/insect/butterfly1"},
		{"predicate": {"custom_model_data":1000014}, "model": "custom/elitecreatures/insect/butterfly2"},
		{"predicate": {"custom_model_data":1000015}, "model": "custom/elitecreatures/insect/anthill"},
		{"predicate": {"custom_model_data":1000016}, "model": "custom/elitecreatures/insect/antqueen"},
		{"predicate": {"custom_model_data":1000017}, "model": "custom/elitecreatures/insect/antqueen1"},
		{"predicate": {"custom_model_data":1000018}, "model": "custom/elitecreatures/insect/antqueen2"},
		{"predicate": {"custom_model_data":1000019}, "model": "custom/elitecreatures/insect/redantworker"},
		{"predicate": {"custom_model_data":1000020}, "model": "custom/elitecreatures/insect/redantworker1"},
		{"predicate": {"custom_model_data":1000021}, "model": "custom/elitecreatures/insect/redantworker2"},
		{"predicate": {"custom_model_data":1000022}, "model": "custom/elitecreatures/insect/moth"},
		{"predicate": {"custom_model_data":1000023}, "model": "custom/elitecreatures/insect/moth1"},
		{"predicate": {"custom_model_data":1000024}, "model": "custom/elitecreatures/insect/moth2"},
		{"predicate": {"custom_model_data":1000025}, "model": "custom/elitecreatures/insect/smallspider"},
		{"predicate": {"custom_model_data":1000026}, "model": "custom/elitecreatures/insect/smallspider1"},
		{"predicate": {"custom_model_data":1000027}, "model": "custom/elitecreatures/insect/smallspider2"},
		{"predicate": {"custom_model_data":1000028}, "model": "custom/elitecreatures/insect/smallspideratt"},
		{"predicate": {"custom_model_data":1000029}, "model": "custom/elitecreatures/insect/littlebee"},
		{"predicate": {"custom_model_data":1000030}, "model": "custom/elitecreatures/insect/littlebee1"},
		{"predicate": {"custom_model_data":1000031}, "model": "custom/elitecreatures/insect/littlebee2"},
		{"predicate": {"custom_model_data":1000032}, "model": "custom/elitecreatures/insect/littlebeeatt"},
		{"predicate": {"custom_model_data":1000033}, "model": "custom/elitecreatures/insect/ladybugfly"},
		{"predicate": {"custom_model_data":1000034}, "model": "custom/elitecreatures/insect/ladybugfly1"},
		{"predicate": {"custom_model_data":1000035}, "model": "custom/elitecreatures/insect/ladybugfly2"},
		{"predicate": {"custom_model_data":1000036}, "model": "custom/elitecreatures/insect/centipede"},
		{"predicate": {"custom_model_data":1000037}, "model": "custom/elitecreatures/insect/centipede1"},
		{"predicate": {"custom_model_data":1000038}, "model": "custom/elitecreatures/insect/centipede2"},
		{"predicate": {"custom_model_data":1000039}, "model": "custom/elitecreatures/insect/mosquito"},
		{"predicate": {"custom_model_data":1000040}, "model": "custom/elitecreatures/insect/mosquito1"},
		{"predicate": {"custom_model_data":1000041}, "model": "custom/elitecreatures/insect/mosquito2"},
		{"predicate": {"custom_model_data":1000042}, "model": "custom/elitecreatures/insect/grasshopper"},
		{"predicate": {"custom_model_data":1000043}, "model": "custom/elitecreatures/insect/grasshopper2"},
		{"predicate": {"custom_model_data":1000044}, "model": "custom/elitecreatures/insect/scorpionsmall"},
		{"predicate": {"custom_model_data":1000045}, "model": "custom/elitecreatures/insect/scorpionsmall1"},
		{"predicate": {"custom_model_data":1000046}, "model": "custom/elitecreatures/insect/scorpionsmall2"},
		{"predicate": {"custom_model_data":1000047}, "model": "custom/elitecreatures/insect/scorpionsmallatt1"},
		{"predicate": {"custom_model_data":1000048}, "model": "custom/elitecreatures/insect/scorpionsmallatt2"},
		{"predicate": {"custom_model_data":1000049}, "model": "custom/elitecreatures/insect/scorpionsmallatt3"},
		{"predicate": {"custom_model_data":1000050}, "model": "custom/elitecreatures/insect/waspnest"},
		{"predicate": {"custom_model_data":1000051}, "model": "custom/elitecreatures/insect/beehivefull"},
		{"predicate": {"custom_model_data":1000052}, "model": "custom/elitecreatures/insect/beehiveempty"},
		{"predicate": {"custom_model_data":1000053}, "model": "custom/elitecreatures/insect/redantarcher"},
		{"predicate": {"custom_model_data":1000054}, "model": "custom/elitecreatures/insect/redantarcher1"},
		{"predicate": {"custom_model_data":1000055}, "model": "custom/elitecreatures/insect/redantarcher2"},
		{"predicate": {"custom_model_data":1000056}, "model": "custom/elitecreatures/insect/redantarcheratt"},
		{"predicate": {"custom_model_data":1000057}, "model": "custom/elitecreatures/insect/redantsoldier"},
		{"predicate": {"custom_model_data":1000058}, "model": "custom/elitecreatures/insect/redantsoldier1"},
		{"predicate": {"custom_model_data":1000059}, "model": "custom/elitecreatures/insect/redantsoldier2"},
		{"predicate": {"custom_model_data":1000060}, "model": "custom/elitecreatures/insect/redantqueen"},
		{"predicate": {"custom_model_data":1000061}, "model": "custom/elitecreatures/insect/blackantworker"},
		{"predicate": {"custom_model_data":1000062}, "model": "custom/elitecreatures/insect/blackantworker1"},
		{"predicate": {"custom_model_data":1000063}, "model": "custom/elitecreatures/insect/blackantworker2"},
		{"predicate": {"custom_model_data":1000064}, "model": "custom/elitecreatures/insect/blackantarcher"},
		{"predicate": {"custom_model_data":1000065}, "model": "custom/elitecreatures/insect/blackantarcher1"},
		{"predicate": {"custom_model_data":1000066}, "model": "custom/elitecreatures/insect/blackantarcher2"},
		{"predicate": {"custom_model_data":1000067}, "model": "custom/elitecreatures/insect/blackantarcheratt"},
		{"predicate": {"custom_model_data":1000068}, "model": "custom/elitecreatures/insect/blackantsoldier"},
		{"predicate": {"custom_model_data":1000069}, "model": "custom/elitecreatures/insect/blackantsoldier1"},
		{"predicate": {"custom_model_data":1000070}, "model": "custom/elitecreatures/insect/blackantsoldier2"},
		{"predicate": {"custom_model_data":1000071}, "model": "custom/elitecreatures/insect/blackantqueen"},
		{"predicate": {"custom_model_data":1000072}, "model": "custom/elitecreatures/insect/mantis"},
		{"predicate": {"custom_model_data":1000073}, "model": "custom/elitecreatures/insect/mantis1"},
		{"predicate": {"custom_model_data":1000074}, "model": "custom/elitecreatures/insect/mantis2"},
		{"predicate": {"custom_model_data":1000075}, "model": "custom/elitecreatures/insect/mantisatt1"},
		{"predicate": {"custom_model_data":1000076}, "model": "custom/elitecreatures/insect/mantisatt2"},
		{"predicate": {"custom_model_data":1000077}, "model": "custom/elitecreatures/insect/peacockbutterfly"},
		{"predicate": {"custom_model_data":1000078}, "model": "custom/elitecreatures/insect/peacockbutterfly1"},
		{"predicate": {"custom_model_data":1000079}, "model": "custom/elitecreatures/insect/peacockbutterfly2"},
		{"predicate": {"custom_model_data":1000080}, "model": "custom/elitecreatures/insect/bluebutterfly"},
		{"predicate": {"custom_model_data":1000081}, "model": "custom/elitecreatures/insect/bluebutterfly1"},
		{"predicate": {"custom_model_data":1000082}, "model": "custom/elitecreatures/insect/bluebutterfly2"},
		{"predicate": {"custom_model_data":1000083}, "model": "custom/elitecreatures/insect/whitebutterfly"},
		{"predicate": {"custom_model_data":1000084}, "model": "custom/elitecreatures/insect/whitebutterfly1"},
		{"predicate": {"custom_model_data":1000085}, "model": "custom/elitecreatures/insect/whitebutterfly2"},
		{"predicate": {"custom_model_data":1000086}, "model": "custom/elitecreatures/insect/greenbutterfly"},
		{"predicate": {"custom_model_data":1000087}, "model": "custom/elitecreatures/insect/greenbutterfly1"},
		{"predicate": {"custom_model_data":1000088}, "model": "custom/elitecreatures/insect/greenbutterfly2"},
		{"predicate": {"custom_model_data":1000089}, "model": "custom/elitecreatures/insect/iomoth"},
		{"predicate": {"custom_model_data":1000090}, "model": "custom/elitecreatures/insect/iomoth1"},
		{"predicate": {"custom_model_data":1000091}, "model": "custom/elitecreatures/insect/iomoth2"},
		{"predicate": {"custom_model_data":1000092}, "model": "custom/elitecreatures/insect/fourmoth"},
		{"predicate": {"custom_model_data":1000093}, "model": "custom/elitecreatures/insect/fourmoth1"},
		{"predicate": {"custom_model_data":1000094}, "model": "custom/elitecreatures/insect/fourmoth2"},
		{"predicate": {"custom_model_data":1000095}, "model": "custom/elitecreatures/insect/coffeemoth"},
		{"predicate": {"custom_model_data":1000096}, "model": "custom/elitecreatures/insect/coffeemoth1"},
		{"predicate": {"custom_model_data":1000097}, "model": "custom/elitecreatures/insect/coffeemoth2"},
		{"predicate": {"custom_model_data":1000098}, "model": "custom/elitecreatures/insect/cinnabarmoth"},
		{"predicate": {"custom_model_data":1000099}, "model": "custom/elitecreatures/insect/cinnabarmoth1"},
		{"predicate": {"custom_model_data":1000100}, "model": "custom/elitecreatures/insect/cinnabarmoth2"},
		{"predicate": {"custom_model_data":1000101}, "model": "custom/elitecreatures/insect/caterpillar"},
		{"predicate": {"custom_model_data":1000102}, "model": "custom/elitecreatures/insect/caterpillar1"},
		{"predicate": {"custom_model_data":1000103}, "model": "custom/elitecreatures/insect/chrysalis"},
		{"predicate": {"custom_model_data":1000104}, "model": "custom/elitecreatures/insect/waterstrider"},
		{"predicate": {"custom_model_data":1000105}, "model": "custom/elitecreatures/insect/waterstrider1"},
		{"predicate": {"custom_model_data":1000106}, "model": "custom/elitecreatures/insect/stagbeetle"},
		{"predicate": {"custom_model_data":1000107}, "model": "custom/elitecreatures/insect/stagbeetle1"},
		{"predicate": {"custom_model_data":1000108}, "model": "custom/elitecreatures/insect/stagbeetle2"},
		{"predicate": {"custom_model_data":1000109}, "model": "custom/elitecreatures/insect/stagbeetlefly1"},
		{"predicate": {"custom_model_data":1000110}, "model": "custom/elitecreatures/insect/stagbeetlefly2"},
		{"predicate": {"custom_model_data":1000111}, "model": "custom/elitecreatures/insect/stagbeetlefly3"},
		{"predicate": {"custom_model_data":1000112}, "model": "custom/elitecreatures/insect/stagbeetlefly4"},
		{"predicate": {"custom_model_data":1000113}, "model": "custom/elitecreatures/insect/dungbeetle"},
		{"predicate": {"custom_model_data":1000114}, "model": "custom/elitecreatures/insect/bugnet"},
		{"predicate": {"custom_model_data":1000115}, "model": "custom/elitecreatures/insect/ginsengnormal"},
		{"predicate": {"custom_model_data":1000116}, "model": "custom/elitecreatures/insect/ginsengpol"},
		{"predicate": {"custom_model_data":1000117}, "model": "custom/elitecreatures/insect/ginsengate"},
		{"predicate": {"custom_model_data":1000118}, "model": "custom/elitecreatures/insect/thistlenormal"},
		{"predicate": {"custom_model_data":1000119}, "model": "custom/elitecreatures/insect/thistlepol"},
		{"predicate": {"custom_model_data":1000120}, "model": "custom/elitecreatures/insect/thistleate"},
		{"predicate": {"custom_model_data":1000121}, "model": "custom/elitecreatures/insect/desertlilynormal"},
		{"predicate": {"custom_model_data":1000122}, "model": "custom/elitecreatures/insect/desertlilypol"},
		{"predicate": {"custom_model_data":1000123}, "model": "custom/elitecreatures/insect/desertlilyate"},
		{"predicate": {"custom_model_data":1000124}, "model": "custom/elitecreatures/insect/lavendernormal"},
		{"predicate": {"custom_model_data":1000125}, "model": "custom/elitecreatures/insect/lavenderpol"},
		{"predicate": {"custom_model_data":1000126}, "model": "custom/elitecreatures/insect/lavenderate"},
		{"predicate": {"custom_model_data":1000127}, "model": "custom/elitecreatures/insect/snail"},
		{"predicate": {"custom_model_data":1000128}, "model": "custom/elitecreatures/insect/termitemound"},
		{"predicate": {"custom_model_data":1000129}, "model": "custom/elitecreatures/insect/termiteworker"},
		{"predicate": {"custom_model_data":1000130}, "model": "custom/elitecreatures/insect/termiteworker1"},
		{"predicate": {"custom_model_data":1000131}, "model": "custom/elitecreatures/insect/termiteworker2"},
		{"predicate": {"custom_model_data":1000132}, "model": "custom/elitecreatures/insect/termitesoldier"},
		{"predicate": {"custom_model_data":1000133}, "model": "custom/elitecreatures/insect/termitesoldier1"},
		{"predicate": {"custom_model_data":1000134}, "model": "custom/elitecreatures/insect/termitesoldier2"},
		{"predicate": {"custom_model_data":1000135}, "model": "custom/elitecreatures/insect/termitequeen"},
		{"predicate": {"custom_model_data":1000136}, "model": "custom/elitecreatures/insect/displaycaseaca"},
		{"predicate": {"custom_model_data":1000137}, "model": "custom/elitecreatures/insect/displaycasespru"},
		{"predicate": {"custom_model_data":1000138}, "model": "custom/elitecreatures/insect/displaycaseoak"},
		{"predicate": {"custom_model_data":1000139}, "model": "custom/elitecreatures/insect/displaycasedroak"},
		{"predicate": {"custom_model_data":1000140}, "model": "custom/elitecreatures/insect/displaycasebir"},
		{"predicate": {"custom_model_data":1000141}, "model": "custom/elitecreatures/insect/displaycasejun"},
		{"predicate": {"custom_model_data":1000142}, "model": "custom/elitecreatures/insect/ginsengalch"},
		{"predicate": {"custom_model_data":1000143}, "model": "custom/elitecreatures/insect/desertlilyalch"},
		{"predicate": {"custom_model_data":1000144}, "model": "custom/elitecreatures/insect/thistlealch"},
		{"predicate": {"custom_model_data":1000145}, "model": "custom/elitecreatures/insect/lavenderalch"},
		{"predicate": {"custom_model_data":1000146}, "model": "custom/elitecreatures/insect/stripedspider"},
		{"predicate": {"custom_model_data":1000147}, "model": "custom/elitecreatures/insect/stripedspider1"},
		{"predicate": {"custom_model_data":1000148}, "model": "custom/elitecreatures/insect/stripedspider2"},
		{"predicate": {"custom_model_data":1000149}, "model": "custom/elitecreatures/insect/stripedspideratt"},
		{"predicate": {"custom_model_data":1000150}, "model": "custom/elitecreatures/insect/blackspider"},
		{"predicate": {"custom_model_data":1000151}, "model": "custom/elitecreatures/insect/blackspider1"},
		{"predicate": {"custom_model_data":1000152}, "model": "custom/elitecreatures/insect/blackspider2"},
		{"predicate": {"custom_model_data":1000153}, "model": "custom/elitecreatures/insect/blackspideratt"},
		{"predicate": {"custom_model_data":1000154}, "model": "custom/elitecreatures/insect/centipedesmall"},
		{"predicate": {"custom_model_data":1000155}, "model": "custom/elitecreatures/insect/centipedesmall1"},
		{"predicate": {"custom_model_data":1000156}, "model": "custom/elitecreatures/insect/centipedesmall2"},
		{"predicate": {"custom_model_data":1000157}, "model": "custom/elitecreatures/insect/stagbeetlemedium"},
		{"predicate": {"custom_model_data":1000158}, "model": "custom/elitecreatures/insect/stagbeetlemedium1"},
		{"predicate": {"custom_model_data":1000159}, "model": "custom/elitecreatures/insect/stagbeetlemedium2"},
		{"predicate": {"custom_model_data":1000160}, "model": "custom/elitecreatures/insect/stagbeetleflymedium1"},
		{"predicate": {"custom_model_data":1000161}, "model": "custom/elitecreatures/insect/stagbeetleflymedium2"},
		{"predicate": {"custom_model_data":1000162}, "model": "custom/elitecreatures/insect/stagbeetleflymedium3"},
		{"predicate": {"custom_model_data":1000163}, "model": "custom/elitecreatures/insect/stagbeetleflymedium4"},
		{"predicate": {"custom_model_data":1000164}, "model": "custom/elitecreatures/insect/stagbeetlelarge"},
		{"predicate": {"custom_model_data":1000165}, "model": "custom/elitecreatures/insect/stagbeetlelarge1"},
		{"predicate": {"custom_model_data":1000166}, "model": "custom/elitecreatures/insect/stagbeetlelarge2"},
		{"predicate": {"custom_model_data":1000167}, "model": "custom/elitecreatures/insect/stagbeetleflylarge1"},
		{"predicate": {"custom_model_data":1000168}, "model": "custom/elitecreatures/insect/stagbeetleflylarge2"},
		{"predicate": {"custom_model_data":1000169}, "model": "custom/elitecreatures/insect/stagbeetleflylarge3"},
		{"predicate": {"custom_model_data":1000170}, "model": "custom/elitecreatures/insect/stagbeetleflylarge4"},
		{"predicate": {"custom_model_data":1000171}, "model": "custom/elitecreatures/insect/summonbeetle"}


	]
}