{"parent":"minecraft:item/generated","textures":{"layer0":"minecraft:item/leather_horse_armor"},"overrides":[{"predicate":{"custom_model_data":1},"model":"modelengine:ant/ant"},{"predicate":{"custom_model_data":2},"model":"modelengine:ant_farm/antfarm"},{"predicate":{"custom_model_data":3},"model":"modelengine:ant_pile/pile"},{"predicate":{"custom_model_data":4},"model":"modelengine:armadillo/armadillo"},{"predicate":{"custom_model_data":5},"model":"modelengine:armadillo/frontleftleg"},{"predicate":{"custom_model_data":6},"model":"modelengine:armadillo/frontrightleg"},{"predicate":{"custom_model_data":7},"model":"modelengine:armadillo/leftbackleg"},{"predicate":{"custom_model_data":8},"model":"modelengine:armadillo/rightbackleg"},{"predicate":{"custom_model_data":9},"model":"modelengine:armadillo/head"},{"predicate":{"custom_model_data":10},"model":"modelengine:battlebeetle/rightupperwing"},{"predicate":{"custom_model_data":11},"model":"modelengine:battlebeetle/leftupperwing"},{"predicate":{"custom_model_data":12},"model":"modelengine:battlebeetle/rightlowerwing"},{"predicate":{"custom_model_data":13},"model":"modelengine:battlebeetle/leftlowerwing"},{"predicate":{"custom_model_data":14},"model":"modelengine:battlebeetle/leftrontleg"},{"predicate":{"custom_model_data":15},"model":"modelengine:battlebeetle/rightfrontleg"},{"predicate":{"custom_model_data":16},"model":"modelengine:battlebeetle/leftmiddleleg"},{"predicate":{"custom_model_data":17},"model":"modelengine:battlebeetle/rightmiddleleg"},{"predicate":{"custom_model_data":18},"model":"modelengine:battlebeetle/leftrearleg"},{"predicate":{"custom_model_data":19},"model":"modelengine:battlebeetle/rightrearleg"},{"predicate":{"custom_model_data":20},"model":"modelengine:battlebeetle/body"},{"predicate":{"custom_model_data":21},"model":"modelengine:bug_catcher/body"},{"predicate":{"custom_model_data":22},"model":"modelengine:bug_catcher/right_leg"},{"predicate":{"custom_model_data":23},"model":"modelengine:bug_catcher/right_foot"},{"predicate":{"custom_model_data":24},"model":"modelengine:bug_catcher/left_leg"},{"predicate":{"custom_model_data":25},"model":"modelengine:bug_catcher/left_foot"},{"predicate":{"custom_model_data":26},"model":"modelengine:bug_catcher/head"},{"predicate":{"custom_model_data":27},"model":"modelengine:bug_catcher/right_arm"},{"predicate":{"custom_model_data":28},"model":"modelengine:bug_catcher/right_hand"},{"predicate":{"custom_model_data":29},"model":"modelengine:bug_catcher/left_arm"},{"predicate":{"custom_model_data":30},"model":"modelengine:bug_catcher/left_hand"},{"predicate":{"custom_model_data":31},"model":"modelengine:butterfly/flutterby"},{"predicate":{"custom_model_data":32},"model":"modelengine:butterfly_2/flutterby"},{"predicate":{"custom_model_data":33},"model":"modelengine:butterfly_display/display"},{"predicate":{"custom_model_data":34},"model":"modelengine:butterfly_display/bug"},{"predicate":{"custom_model_data":35},"model":"modelengine:cacti/cacti"},{"predicate":{"custom_model_data":36},"model":"modelengine:camel/camel"},{"predicate":{"custom_model_data":37},"model":"modelengine:camel/head"},{"predicate":{"custom_model_data":38},"model":"modelengine:camel/leftbackfoot"},{"predicate":{"custom_model_data":39},"model":"modelengine:camel/leftbackleg"},{"predicate":{"custom_model_data":40},"model":"modelengine:camel/rightbackfoot"},{"predicate":{"custom_model_data":41},"model":"modelengine:camel/rightbackleg"},{"predicate":{"custom_model_data":42},"model":"modelengine:camel/leftfrontfoot"},{"predicate":{"custom_model_data":43},"model":"modelengine:camel/leftfrontleg"},{"predicate":{"custom_model_data":44},"model":"modelengine:camel/rightfrontfoot"},{"predicate":{"custom_model_data":45},"model":"modelengine:camel/rightfrontleg"},{"predicate":{"custom_model_data":46},"model":"modelengine:dirtdevil/dirtdevil"},{"predicate":{"custom_model_data":47},"model":"modelengine:dirtdevil/bone2"},{"predicate":{"custom_model_data":48},"model":"modelengine:dirtdevil/bone"},{"predicate":{"custom_model_data":49},"model":"modelengine:display_firefly/base"},{"predicate":{"custom_model_data":50},"model":"modelengine:display_firefly/bug"},{"predicate":{"custom_model_data":51},"model":"modelengine:dung_beetle/body"},{"predicate":{"custom_model_data":52},"model":"modelengine:dung_beetle/left_arm"},{"predicate":{"custom_model_data":53},"model":"modelengine:dung_beetle/right_arm"},{"predicate":{"custom_model_data":54},"model":"modelengine:dung_beetle/back_right_leg"},{"predicate":{"custom_model_data":55},"model":"modelengine:dung_beetle/back_left_leg"},{"predicate":{"custom_model_data":56},"model":"modelengine:dung_beetle/ball"},{"predicate":{"custom_model_data":57},"model":"modelengine:dung_beetle_display/display"},{"predicate":{"custom_model_data":58},"model":"modelengine:dung_beetle_display/bug"},{"predicate":{"custom_model_data":59},"model":"modelengine:firefly/bug"},{"predicate":{"custom_model_data":60},"model":"modelengine:hornytoad/hornytoad"},{"predicate":{"custom_model_data":61},"model":"modelengine:hornytoad/frontleftarm"},{"predicate":{"custom_model_data":62},"model":"modelengine:hornytoad/frontrightarm"},{"predicate":{"custom_model_data":63},"model":"modelengine:hornytoad/head"},{"predicate":{"custom_model_data":64},"model":"modelengine:hornytoad/backleftarm"},{"predicate":{"custom_model_data":65},"model":"modelengine:hornytoad/backrightarm"},{"predicate":{"custom_model_data":66},"model":"modelengine:ladybug/body"},{"predicate":{"custom_model_data":67},"model":"modelengine:ladybug/frontleftleg"},{"predicate":{"custom_model_data":68},"model":"modelengine:ladybug/frontrightleg"},{"predicate":{"custom_model_data":69},"model":"modelengine:ladybug_display/display"},{"predicate":{"custom_model_data":70},"model":"modelengine:ladybug_display/bug"},{"predicate":{"custom_model_data":71},"model":"modelengine:ladybug_parts/body"},{"predicate":{"custom_model_data":72},"model":"modelengine:moth_atlas/body"},{"predicate":{"custom_model_data":73},"model":"modelengine:moth_atlas/left_wing"},{"predicate":{"custom_model_data":74},"model":"modelengine:moth_atlas/right_wing"},{"predicate":{"custom_model_data":75},"model":"modelengine:moth_atlas_display/display"},{"predicate":{"custom_model_data":76},"model":"modelengine:moth_atlas_display/bug"},{"predicate":{"custom_model_data":77},"model":"modelengine:nocsy_otter_v2/body"},{"predicate":{"custom_model_data":78},"model":"modelengine:nocsy_otter_v2/tail"},{"predicate":{"custom_model_data":79},"model":"modelengine:nocsy_otter_v2/head"},{"predicate":{"custom_model_data":80},"model":"modelengine:nocsy_otter_v2/front_leg_left"},{"predicate":{"custom_model_data":81},"model":"modelengine:nocsy_otter_v2/front_leg_right"},{"predicate":{"custom_model_data":82},"model":"modelengine:nocsy_otter_v2/back_leg_left"},{"predicate":{"custom_model_data":83},"model":"modelengine:nocsy_otter_v2/back_leg_right"},{"predicate":{"custom_model_data":84},"model":"modelengine:nocsy_pet_penguin/body"},{"predicate":{"custom_model_data":85},"model":"modelengine:nocsy_pet_penguin/left_foot"},{"predicate":{"custom_model_data":86},"model":"modelengine:nocsy_pet_penguin/right_foot"},{"predicate":{"custom_model_data":87},"model":"modelengine:nocsy_pet_penguin/head"},{"predicate":{"custom_model_data":88},"model":"modelengine:nocsy_pet_penguin/left_arm"},{"predicate":{"custom_model_data":89},"model":"modelengine:nocsy_pet_penguin/right_arm"},{"predicate":{"custom_model_data":90},"model":"modelengine:nocsy_pet_reaper/body"},{"predicate":{"custom_model_data":91},"model":"modelengine:nocsy_pet_reaper/left_arm"},{"predicate":{"custom_model_data":92},"model":"modelengine:nocsy_pet_reaper/right_arm"},{"predicate":{"custom_model_data":93},"model":"modelengine:nocsy_pikachu/body"},{"predicate":{"custom_model_data":94},"model":"modelengine:nocsy_pikachu/arms"},{"predicate":{"custom_model_data":95},"model":"modelengine:nocsy_pikachu/legs"},{"predicate":{"custom_model_data":96},"model":"modelengine:nocsy_pikachu/tail"},{"predicate":{"custom_model_data":97},"model":"modelengine:nocsy_pikachu/head"},{"predicate":{"custom_model_data":98},"model":"modelengine:nocsy_pikachu/right_ear"},{"predicate":{"custom_model_data":99},"model":"modelengine:nocsy_pikachu/left_ear"},{"predicate":{"custom_model_data":100},"model":"modelengine:pharaoh/pharaoh"},{"predicate":{"custom_model_data":101},"model":"modelengine:pharaoh/head"},{"predicate":{"custom_model_data":102},"model":"modelengine:pharaoh/rightarm"},{"predicate":{"custom_model_data":103},"model":"modelengine:pharaoh/righthand"},{"predicate":{"custom_model_data":104},"model":"modelengine:pharaoh/bandage"},{"predicate":{"custom_model_data":105},"model":"modelengine:pharaoh/leftarm"},{"predicate":{"custom_model_data":106},"model":"modelengine:pharaoh/lefthand"},{"predicate":{"custom_model_data":107},"model":"modelengine:pharaoh/rightleg"},{"predicate":{"custom_model_data":108},"model":"modelengine:pharaoh/rightfoot"},{"predicate":{"custom_model_data":109},"model":"modelengine:pharaoh/leftleg"},{"predicate":{"custom_model_data":110},"model":"modelengine:pharaoh/leftfoot"},{"predicate":{"custom_model_data":111},"model":"modelengine:plague/arm"},{"predicate":{"custom_model_data":112},"model":"modelengine:plague/fore"},{"predicate":{"custom_model_data":113},"model":"modelengine:plague/hand"},{"predicate":{"custom_model_data":114},"model":"modelengine:praying_mantis/body"},{"predicate":{"custom_model_data":115},"model":"modelengine:praying_mantis/head"},{"predicate":{"custom_model_data":116},"model":"modelengine:praying_mantis/left_leg2"},{"predicate":{"custom_model_data":117},"model":"modelengine:praying_mantis/left_leg3"},{"predicate":{"custom_model_data":118},"model":"modelengine:praying_mantis/left_leg1"},{"predicate":{"custom_model_data":119},"model":"modelengine:praying_mantis/right_leg3"},{"predicate":{"custom_model_data":120},"model":"modelengine:praying_mantis/left_arm"},{"predicate":{"custom_model_data":121},"model":"modelengine:praying_mantis/right_arm"},{"predicate":{"custom_model_data":122},"model":"modelengine:praying_mantis_display/display"},{"predicate":{"custom_model_data":123},"model":"modelengine:praying_mantis_display/bug"},{"predicate":{"custom_model_data":124},"model":"modelengine:praying_mantis_parts/body"},{"predicate":{"custom_model_data":125},"model":"modelengine:rattler/head"},{"predicate":{"custom_model_data":126},"model":"modelengine:rattler/jaw"},{"predicate":{"custom_model_data":127},"model":"modelengine:rattler/link"},{"predicate":{"custom_model_data":128},"model":"modelengine:rattler/link2"},{"predicate":{"custom_model_data":129},"model":"modelengine:rattler/link3"},{"predicate":{"custom_model_data":130},"model":"modelengine:rattler/link4"},{"predicate":{"custom_model_data":131},"model":"modelengine:rattler/link5"},{"predicate":{"custom_model_data":132},"model":"modelengine:rattler/rattle"},{"predicate":{"custom_model_data":133},"model":"modelengine:scarab/scarab"},{"predicate":{"custom_model_data":134},"model":"modelengine:scarab/leftlegs"},{"predicate":{"custom_model_data":135},"model":"modelengine:scarab/rightlegs"},{"predicate":{"custom_model_data":136},"model":"modelengine:scarab/leftleg2"},{"predicate":{"custom_model_data":137},"model":"modelengine:scarab/rightleg2"},{"predicate":{"custom_model_data":138},"model":"modelengine:scarab/leftleg"},{"predicate":{"custom_model_data":139},"model":"modelengine:scarab/rightleg3"},{"predicate":{"custom_model_data":140},"model":"modelengine:snail/base"},{"predicate":{"custom_model_data":141},"model":"modelengine:snail/eyes"},{"predicate":{"custom_model_data":142},"model":"modelengine:snail_display/display"},{"predicate":{"custom_model_data":143},"model":"modelengine:snail_display/base"},{"predicate":{"custom_model_data":144},"model":"modelengine:snail_display/eyes"},{"predicate":{"custom_model_data":145},"model":"modelengine:tarantula/body"},{"predicate":{"custom_model_data":146},"model":"modelengine:tarantula/leg2"},{"predicate":{"custom_model_data":147},"model":"modelengine:tarantula/leg1"},{"predicate":{"custom_model_data":148},"model":"modelengine:tarantula/leg3"},{"predicate":{"custom_model_data":149},"model":"modelengine:tarantula/leg4"},{"predicate":{"custom_model_data":150},"model":"modelengine:tarantula_display/display"},{"predicate":{"custom_model_data":151},"model":"modelengine:tarantula_display/body"},{"predicate":{"custom_model_data":152},"model":"modelengine:tarantula_display/leg2"},{"predicate":{"custom_model_data":153},"model":"modelengine:tarantula_display/leg1"},{"predicate":{"custom_model_data":154},"model":"modelengine:tarantula_display/leg3"},{"predicate":{"custom_model_data":155},"model":"modelengine:tarantula_display/leg4"},{"predicate":{"custom_model_data":156},"model":"modelengine:toro_wither/body"},{"predicate":{"custom_model_data":157},"model":"modelengine:toro_wither/left_rib"},{"predicate":{"custom_model_data":158},"model":"modelengine:toro_wither/right_rib"},{"predicate":{"custom_model_data":159},"model":"modelengine:toro_wither/core"},{"predicate":{"custom_model_data":160},"model":"modelengine:toro_wither/left_neck"},{"predicate":{"custom_model_data":161},"model":"modelengine:toro_wither/left_head"},{"predicate":{"custom_model_data":162},"model":"modelengine:toro_wither/right_neck"},{"predicate":{"custom_model_data":163},"model":"modelengine:toro_wither/right_head"},{"predicate":{"custom_model_data":164},"model":"modelengine:toro_wither/spine"},{"predicate":{"custom_model_data":165},"model":"modelengine:toro_wither/spine2"},{"predicate":{"custom_model_data":166},"model":"modelengine:toro_wither/head"},{"predicate":{"custom_model_data":167},"model":"modelengine:toro_wither/jaw"},{"predicate":{"custom_model_data":168},"model":"modelengine:toro_wither/left_arm"},{"predicate":{"custom_model_data":169},"model":"modelengine:toro_wither/left_forearm"},{"predicate":{"custom_model_data":170},"model":"modelengine:toro_wither/left_claw"},{"predicate":{"custom_model_data":171},"model":"modelengine:toro_wither/right_arm"},{"predicate":{"custom_model_data":172},"model":"modelengine:toro_wither/right_forearm"},{"predicate":{"custom_model_data":173},"model":"modelengine:toro_wither/right_claw"},{"predicate":{"custom_model_data":174},"model":"modelengine:toro_wither_pool/pool"},{"predicate":{"custom_model_data":175},"model":"modelengine:toro_wither_skull/left_head"},{"predicate":{"custom_model_data":176},"model":"modelengine:toro_wither_skull_2ndphase/head"},{"predicate":{"custom_model_data":177},"model":"modelengine:toro_wither_skull_2ndphase/jaw"},{"predicate":{"custom_model_data":178},"model":"modelengine:toro_wither_still/body"},{"predicate":{"custom_model_data":179},"model":"modelengine:toro_wither_still/left_rib"},{"predicate":{"custom_model_data":180},"model":"modelengine:toro_wither_still/right_rib"},{"predicate":{"custom_model_data":181},"model":"modelengine:toro_wither_still/core"},{"predicate":{"custom_model_data":182},"model":"modelengine:toro_wither_still/left_neck"},{"predicate":{"custom_model_data":183},"model":"modelengine:toro_wither_still/left_head"},{"predicate":{"custom_model_data":184},"model":"modelengine:toro_wither_still/right_neck"},{"predicate":{"custom_model_data":185},"model":"modelengine:toro_wither_still/right_head"},{"predicate":{"custom_model_data":186},"model":"modelengine:toro_wither_still/spine"},{"predicate":{"custom_model_data":187},"model":"modelengine:toro_wither_still/spine2"},{"predicate":{"custom_model_data":188},"model":"modelengine:toro_wither_still/head"},{"predicate":{"custom_model_data":189},"model":"modelengine:toro_wither_still/jaw"},{"predicate":{"custom_model_data":190},"model":"modelengine:toro_wither_still/left_arm"},{"predicate":{"custom_model_data":191},"model":"modelengine:toro_wither_still/left_forearm"},{"predicate":{"custom_model_data":192},"model":"modelengine:toro_wither_still/left_claw"},{"predicate":{"custom_model_data":193},"model":"modelengine:toro_wither_still/right_arm"},{"predicate":{"custom_model_data":194},"model":"modelengine:toro_wither_still/right_forearm"},{"predicate":{"custom_model_data":195},"model":"modelengine:toro_wither_still/right_claw"},{"predicate":{"custom_model_data":196},"model":"modelengine:toro_wither_still/nothing"},{"predicate":{"custom_model_data":197},"model":"modelengine:toro_wither_terror/body"},{"predicate":{"custom_model_data":198},"model":"modelengine:toro_wither_terror/neck"},{"predicate":{"custom_model_data":199},"model":"modelengine:toro_wither_terror/head"},{"predicate":{"custom_model_data":200},"model":"modelengine:toro_wither_terror/jaw"},{"predicate":{"custom_model_data":201},"model":"modelengine:toro_wither_terror/left_arm"},{"predicate":{"custom_model_data":202},"model":"modelengine:toro_wither_terror/left_forearm"},{"predicate":{"custom_model_data":203},"model":"modelengine:toro_wither_terror/left_hand"},{"predicate":{"custom_model_data":204},"model":"modelengine:toro_wither_terror/left_thumb"},{"predicate":{"custom_model_data":205},"model":"modelengine:toro_wither_terror/left_finger_index"},{"predicate":{"custom_model_data":206},"model":"modelengine:toro_wither_terror/left_finger_mid"},{"predicate":{"custom_model_data":207},"model":"modelengine:toro_wither_terror/left_finger_pinky"},{"predicate":{"custom_model_data":208},"model":"modelengine:toro_wither_terror/right_arm"},{"predicate":{"custom_model_data":209},"model":"modelengine:toro_wither_terror/right_forearm"},{"predicate":{"custom_model_data":210},"model":"modelengine:toro_wither_terror/head_on_hand"},{"predicate":{"custom_model_data":211},"model":"modelengine:toro_wither_terror/jaw2"},{"predicate":{"custom_model_data":212},"model":"modelengine:toro_wither_terror/right_hand"},{"predicate":{"custom_model_data":213},"model":"modelengine:toro_wither_terror/right_thumb"},{"predicate":{"custom_model_data":214},"model":"modelengine:toro_wither_terror/right_finger_index"},{"predicate":{"custom_model_data":215},"model":"modelengine:toro_wither_terror/right_finger_mid"},{"predicate":{"custom_model_data":216},"model":"modelengine:toro_wither_terror/right_finger_pinky"},{"predicate":{"custom_model_data":217},"model":"modelengine:toro_wither_terror/tail1"},{"predicate":{"custom_model_data":218},"model":"modelengine:toro_wither_terror/tail3"},{"predicate":{"custom_model_data":219},"model":"modelengine:toro_wither_terror/tail2"},{"predicate":{"custom_model_data":220},"model":"modelengine:tumbleweed/tumbleweed"},{"predicate":{"custom_model_data":221},"model":"modelengine:vulture/vulture"},{"predicate":{"custom_model_data":222},"model":"modelengine:vulture/head"},{"predicate":{"custom_model_data":223},"model":"modelengine:vulture/rightleg"},{"predicate":{"custom_model_data":224},"model":"modelengine:vulture/leftleg"},{"predicate":{"custom_model_data":225},"model":"modelengine:vulture/rightwing"},{"predicate":{"custom_model_data":226},"model":"modelengine:vulture/leftwing3"},{"predicate":{"custom_model_data":1000},"model":"modelengine:mso_amethyst_golem/rightleg"},{"predicate":{"custom_model_data":1001},"model":"modelengine:mso_amethyst_golem/leftleg"},{"predicate":{"custom_model_data":1002},"model":"modelengine:mso_amethyst_golem/body"},{"predicate":{"custom_model_data":1003},"model":"modelengine:mso_amethyst_golem/head"},{"predicate":{"custom_model_data":1004},"model":"modelengine:mso_amethyst_golem/leftarm"},{"predicate":{"custom_model_data":1005},"model":"modelengine:mso_amethyst_golem/rightarm"},{"predicate":{"custom_model_data":1006},"model":"modelengine:mso_cave_fly/bone3"},{"predicate":{"custom_model_data":1007},"model":"modelengine:mso_cave_fly/bone2"},{"predicate":{"custom_model_data":1008},"model":"modelengine:mso_cave_fly/general"},{"predicate":{"custom_model_data":1009},"model":"modelengine:mso_cave_fly/bone4"},{"predicate":{"custom_model_data":1010},"model":"modelengine:mso_cave_insect/general"},{"predicate":{"custom_model_data":1011},"model":"modelengine:mso_cave_insect/bone2"},{"predicate":{"custom_model_data":1012},"model":"modelengine:mso_cave_insect/bone4"},{"predicate":{"custom_model_data":1013},"model":"modelengine:mso_cave_insect/neck"},{"predicate":{"custom_model_data":1014},"model":"modelengine:mso_cave_insect/head"},{"predicate":{"custom_model_data":1015},"model":"modelengine:mso_cave_insect/bone5"},{"predicate":{"custom_model_data":1016},"model":"modelengine:mso_cave_insect/bone6"},{"predicate":{"custom_model_data":1017},"model":"modelengine:mso_cave_insect/bone3"},{"predicate":{"custom_model_data":1018},"model":"modelengine:mso_cave_insect/bone"},{"predicate":{"custom_model_data":1019},"model":"modelengine:mso_cave_insect/rightfrontleg"},{"predicate":{"custom_model_data":1020},"model":"modelengine:mso_cave_insect/leftfrontleg3"},{"predicate":{"custom_model_data":1021},"model":"modelengine:mso_cave_insect/leftfrontleg"},{"predicate":{"custom_model_data":1022},"model":"modelengine:mso_cave_insect/rightfrontleg2"},{"predicate":{"custom_model_data":1023},"model":"modelengine:mso_cave_insect/leftfrontleg2"},{"predicate":{"custom_model_data":1024},"model":"modelengine:mso_cave_insect/rightfrontleg4"},{"predicate":{"custom_model_data":1025},"model":"modelengine:mso_glowfly/bone3"},{"predicate":{"custom_model_data":1026},"model":"modelengine:mso_glowfly/bone2"},{"predicate":{"custom_model_data":1027},"model":"modelengine:mso_glowfly/general"},{"predicate":{"custom_model_data":1028},"model":"modelengine:mso_glowfly/bone4"},{"predicate":{"custom_model_data":1029},"model":"modelengine:mso_miner_dwarf/body"},{"predicate":{"custom_model_data":1030},"model":"modelengine:mso_miner_dwarf/leftarm"},{"predicate":{"custom_model_data":1031},"model":"modelengine:mso_miner_dwarf/bone6"},{"predicate":{"custom_model_data":1032},"model":"modelengine:mso_miner_dwarf/bone7"},{"predicate":{"custom_model_data":1033},"model":"modelengine:mso_miner_dwarf/pickaxe"},{"predicate":{"custom_model_data":1034},"model":"modelengine:mso_miner_dwarf/rightarm"},{"predicate":{"custom_model_data":1035},"model":"modelengine:mso_miner_dwarf/bone5"},{"predicate":{"custom_model_data":1036},"model":"modelengine:mso_miner_dwarf/bone8"},{"predicate":{"custom_model_data":1037},"model":"modelengine:mso_miner_dwarf/head"},{"predicate":{"custom_model_data":1038},"model":"modelengine:mso_miner_dwarf/bone10"},{"predicate":{"custom_model_data":1039},"model":"modelengine:mso_miner_dwarf/rightleg"},{"predicate":{"custom_model_data":1040},"model":"modelengine:mso_miner_dwarf/bone3"},{"predicate":{"custom_model_data":1041},"model":"modelengine:mso_miner_dwarf/bone4"},{"predicate":{"custom_model_data":1042},"model":"modelengine:mso_miner_dwarf/leftleg"},{"predicate":{"custom_model_data":1043},"model":"modelengine:mso_miner_dwarf/bone"},{"predicate":{"custom_model_data":1044},"model":"modelengine:mso_miner_dwarf/bone2"},{"predicate":{"custom_model_data":1045},"model":"modelengine:mso_spittleshrub/bone2"},{"predicate":{"custom_model_data":1046},"model":"modelengine:mso_spittleshrub/general"},{"predicate":{"custom_model_data":1047},"model":"modelengine:mso_spittleshrub/leftwing"},{"predicate":{"custom_model_data":1048},"model":"modelengine:mso_spittleshrub/rightwing"},{"predicate":{"custom_model_data":1049},"model":"modelengine:mso_spittleshrub/bone3"},{"predicate":{"custom_model_data":2000},"model":"modelengine:01_em_wolf/bodyfront"},{"predicate":{"custom_model_data":2001},"model":"modelengine:01_em_wolf/bodyback"},{"predicate":{"custom_model_data":2002},"model":"modelengine:01_em_wolf/tail1"},{"predicate":{"custom_model_data":2003},"model":"modelengine:01_em_wolf/tail2"},{"predicate":{"custom_model_data":2004},"model":"modelengine:01_em_wolf/tail3"},{"predicate":{"custom_model_data":2005},"model":"modelengine:01_em_wolf/leftlegback"},{"predicate":{"custom_model_data":2006},"model":"modelengine:01_em_wolf/leftlowerlegback"},{"predicate":{"custom_model_data":2007},"model":"modelengine:01_em_wolf/rightlegback"},{"predicate":{"custom_model_data":2008},"model":"modelengine:01_em_wolf/rightlowerlegback"},{"predicate":{"custom_model_data":2009},"model":"modelengine:01_em_wolf/leftlegfront"},{"predicate":{"custom_model_data":2010},"model":"modelengine:01_em_wolf/leftlowerlegfront"},{"predicate":{"custom_model_data":2011},"model":"modelengine:01_em_wolf/rightlegfront"},{"predicate":{"custom_model_data":2012},"model":"modelengine:01_em_wolf/rightlowerlegfront"},{"predicate":{"custom_model_data":2013},"model":"modelengine:01_em_wolf/head"},{"predicate":{"custom_model_data":2014},"model":"modelengine:01_em_wolf/jaw"},{"predicate":{"custom_model_data":2015},"model":"modelengine:02_em_sea_monster/body"},{"predicate":{"custom_model_data":2016},"model":"modelengine:02_em_sea_monster/aa"},{"predicate":{"custom_model_data":2017},"model":"modelengine:02_em_sea_monster/a2"},{"predicate":{"custom_model_data":2018},"model":"modelengine:02_em_sea_monster/a1"},{"predicate":{"custom_model_data":2019},"model":"modelengine:02_em_sea_monster/e1"},{"predicate":{"custom_model_data":2020},"model":"modelengine:02_em_sea_monster/bone"},{"predicate":{"custom_model_data":2021},"model":"modelengine:02_em_sea_monster/eyes"},{"predicate":{"custom_model_data":2022},"model":"modelengine:02_em_sea_monster/e2"},{"predicate":{"custom_model_data":2023},"model":"modelengine:02_em_sea_monster/bone2"},{"predicate":{"custom_model_data":2024},"model":"modelengine:02_em_sea_monster/tentacle_1"},{"predicate":{"custom_model_data":2025},"model":"modelengine:02_em_sea_monster/t1"},{"predicate":{"custom_model_data":2026},"model":"modelengine:02_em_sea_monster/t2"},{"predicate":{"custom_model_data":2027},"model":"modelengine:02_em_sea_monster/t3"},{"predicate":{"custom_model_data":2028},"model":"modelengine:02_em_sea_monster/tentacle_2"},{"predicate":{"custom_model_data":2029},"model":"modelengine:02_em_sea_monster/t2_1"},{"predicate":{"custom_model_data":2030},"model":"modelengine:02_em_sea_monster/t2_2"},{"predicate":{"custom_model_data":2031},"model":"modelengine:02_em_sea_monster/tentacle_3"},{"predicate":{"custom_model_data":2032},"model":"modelengine:02_em_sea_monster/t4"},{"predicate":{"custom_model_data":2033},"model":"modelengine:02_em_sea_monster/t5"},{"predicate":{"custom_model_data":2034},"model":"modelengine:02_em_sea_monster/t6"},{"predicate":{"custom_model_data":2035},"model":"modelengine:02_em_sea_monster/tentacle_4"},{"predicate":{"custom_model_data":2036},"model":"modelengine:02_em_sea_monster/t7"},{"predicate":{"custom_model_data":2037},"model":"modelengine:02_em_sea_monster/t8"},{"predicate":{"custom_model_data":2038},"model":"modelengine:02_em_sea_monster/t9"},{"predicate":{"custom_model_data":2039},"model":"modelengine:02_em_sea_monster/tentacle_5"},{"predicate":{"custom_model_data":2040},"model":"modelengine:02_em_sea_monster/t2_3"},{"predicate":{"custom_model_data":2041},"model":"modelengine:02_em_sea_monster/t2_4"},{"predicate":{"custom_model_data":2042},"model":"modelengine:02_em_sea_monster/tentacle_6"},{"predicate":{"custom_model_data":2043},"model":"modelengine:02_em_sea_monster/t10"},{"predicate":{"custom_model_data":2044},"model":"modelengine:02_em_sea_monster/t11"},{"predicate":{"custom_model_data":2045},"model":"modelengine:02_em_sea_monster/t12"},{"predicate":{"custom_model_data":2046},"model":"modelengine:02_em_sea_monster/tentacle_7"},{"predicate":{"custom_model_data":2047},"model":"modelengine:02_em_sea_monster/t13"},{"predicate":{"custom_model_data":2048},"model":"modelengine:02_em_sea_monster/t14"},{"predicate":{"custom_model_data":2049},"model":"modelengine:02_em_sea_monster/t15"},{"predicate":{"custom_model_data":2050},"model":"modelengine:02_em_sea_monster/tentacle_8"},{"predicate":{"custom_model_data":2051},"model":"modelengine:02_em_sea_monster/t16"},{"predicate":{"custom_model_data":2052},"model":"modelengine:02_em_sea_monster/t17"},{"predicate":{"custom_model_data":2053},"model":"modelengine:02_em_sea_monster/t18"},{"predicate":{"custom_model_data":2054},"model":"modelengine:02_em_sea_monster/tt1"},{"predicate":{"custom_model_data":2055},"model":"modelengine:02_em_sea_monster/tt2"},{"predicate":{"custom_model_data":2056},"model":"modelengine:02_em_sea_monster/tt3"},{"predicate":{"custom_model_data":2057},"model":"modelengine:02_em_sea_monster/tt4"},{"predicate":{"custom_model_data":2058},"model":"modelengine:02_em_sea_monster/tt5"},{"predicate":{"custom_model_data":2059},"model":"modelengine:02_em_sea_monster/tt6"},{"predicate":{"custom_model_data":2060},"model":"modelengine:02_em_sea_monster/tt7"},{"predicate":{"custom_model_data":2061},"model":"modelengine:02_em_sea_monster/tt8"},{"predicate":{"custom_model_data":2062},"model":"modelengine:02_em_sea_monster/tt9"},{"predicate":{"custom_model_data":2063},"model":"modelengine:02_em_sea_monster/tt10"},{"predicate":{"custom_model_data":2064},"model":"modelengine:02_em_sea_monster/tt11"},{"predicate":{"custom_model_data":2065},"model":"modelengine:02_em_sea_monster/tt12"},{"predicate":{"custom_model_data":2066},"model":"modelengine:03_em_quartz_elemental/body"},{"predicate":{"custom_model_data":2067},"model":"modelengine:03_em_quartz_elemental/head"},{"predicate":{"custom_model_data":2068},"model":"modelengine:03_em_quartz_elemental/rightarm"},{"predicate":{"custom_model_data":2069},"model":"modelengine:03_em_quartz_elemental/leftarm"},{"predicate":{"custom_model_data":2070},"model":"modelengine:04_em_minor_ice_elemental/body"},{"predicate":{"custom_model_data":2071},"model":"modelengine:04_em_minor_ice_elemental/head"},{"predicate":{"custom_model_data":2072},"model":"modelengine:04_em_minor_ice_elemental/leftarm"},{"predicate":{"custom_model_data":2073},"model":"modelengine:04_em_minor_ice_elemental/rightarm"},{"predicate":{"custom_model_data":2074},"model":"modelengine:05_em_ancient_golem/leftleg"},{"predicate":{"custom_model_data":2075},"model":"modelengine:05_em_ancient_golem/leftfoot"},{"predicate":{"custom_model_data":2076},"model":"modelengine:05_em_ancient_golem/rightfoot"},{"predicate":{"custom_model_data":2077},"model":"modelengine:05_em_ancient_golem/rightleg"},{"predicate":{"custom_model_data":2078},"model":"modelengine:05_em_ancient_golem/upperbody"},{"predicate":{"custom_model_data":2079},"model":"modelengine:05_em_ancient_golem/cog1"},{"predicate":{"custom_model_data":2080},"model":"modelengine:05_em_ancient_golem/cog2"},{"predicate":{"custom_model_data":2081},"model":"modelengine:05_em_ancient_golem/cog3"},{"predicate":{"custom_model_data":2082},"model":"modelengine:05_em_ancient_golem/rightarm3"},{"predicate":{"custom_model_data":2083},"model":"modelengine:05_em_ancient_golem/rightlowerarm3"},{"predicate":{"custom_model_data":2084},"model":"modelengine:05_em_ancient_golem/leftarm"},{"predicate":{"custom_model_data":2085},"model":"modelengine:05_em_ancient_golem/leftlowerarm"},{"predicate":{"custom_model_data":2086},"model":"modelengine:05_em_ancient_golem/blitzcrank"},{"predicate":{"custom_model_data":2087},"model":"modelengine:05_em_ancient_golem/head"},{"predicate":{"custom_model_data":2088},"model":"modelengine:06_em_corrupted_advisor/body"},{"predicate":{"custom_model_data":2089},"model":"modelengine:06_em_corrupted_advisor/potion3"},{"predicate":{"custom_model_data":2090},"model":"modelengine:06_em_corrupted_advisor/potion4"},{"predicate":{"custom_model_data":2091},"model":"modelengine:06_em_corrupted_advisor/potion5"},{"predicate":{"custom_model_data":2092},"model":"modelengine:06_em_corrupted_advisor/potion"},{"predicate":{"custom_model_data":2093},"model":"modelengine:06_em_corrupted_advisor/larm"},{"predicate":{"custom_model_data":2094},"model":"modelengine:06_em_corrupted_advisor/scroll"},{"predicate":{"custom_model_data":2095},"model":"modelengine:06_em_corrupted_advisor/rrram"},{"predicate":{"custom_model_data":2096},"model":"modelengine:06_em_corrupted_advisor/hand_potion"},{"predicate":{"custom_model_data":2097},"model":"modelengine:06_em_corrupted_advisor/lleg"},{"predicate":{"custom_model_data":2098},"model":"modelengine:06_em_corrupted_advisor/rleg"},{"predicate":{"custom_model_data":2099},"model":"modelengine:06_em_corrupted_advisor/head"},{"predicate":{"custom_model_data":2100},"model":"modelengine:07_em_corrupted_advisor_2/body"},{"predicate":{"custom_model_data":2101},"model":"modelengine:07_em_corrupted_advisor_2/potion3"},{"predicate":{"custom_model_data":2102},"model":"modelengine:07_em_corrupted_advisor_2/potion4"},{"predicate":{"custom_model_data":2103},"model":"modelengine:07_em_corrupted_advisor_2/potion5"},{"predicate":{"custom_model_data":2104},"model":"modelengine:07_em_corrupted_advisor_2/potion"},{"predicate":{"custom_model_data":2105},"model":"modelengine:07_em_corrupted_advisor_2/larm"},{"predicate":{"custom_model_data":2106},"model":"modelengine:07_em_corrupted_advisor_2/scroll"},{"predicate":{"custom_model_data":2107},"model":"modelengine:07_em_corrupted_advisor_2/rrram"},{"predicate":{"custom_model_data":2108},"model":"modelengine:07_em_corrupted_advisor_2/hand_potion"},{"predicate":{"custom_model_data":2109},"model":"modelengine:07_em_corrupted_advisor_2/lleg"},{"predicate":{"custom_model_data":2110},"model":"modelengine:07_em_corrupted_advisor_2/rleg"},{"predicate":{"custom_model_data":2111},"model":"modelengine:07_em_corrupted_advisor_2/head"},{"predicate":{"custom_model_data":2112},"model":"modelengine:08_em_big_ol_bubba/rfleg"},{"predicate":{"custom_model_data":2113},"model":"modelengine:08_em_big_ol_bubba/lbleg"},{"predicate":{"custom_model_data":2114},"model":"modelengine:08_em_big_ol_bubba/rbleg"},{"predicate":{"custom_model_data":2115},"model":"modelengine:08_em_big_ol_bubba/lfleg"},{"predicate":{"custom_model_data":2116},"model":"modelengine:08_em_big_ol_bubba/body"},{"predicate":{"custom_model_data":2117},"model":"modelengine:08_em_big_ol_bubba/head"},{"predicate":{"custom_model_data":2118},"model":"modelengine:08_em_big_ol_bubba/bone"},{"predicate":{"custom_model_data":2119},"model":"modelengine:09_em_earth_model/head"},{"predicate":{"custom_model_data":2120},"model":"modelengine:09_em_earth_model/body"},{"predicate":{"custom_model_data":2121},"model":"modelengine:09_em_earth_model/bone"},{"predicate":{"custom_model_data":2122},"model":"modelengine:09_em_earth_model/bone2"},{"predicate":{"custom_model_data":2123},"model":"modelengine:10_em_minor_fire_elemental/leftarm"},{"predicate":{"custom_model_data":2124},"model":"modelengine:10_em_minor_fire_elemental/rightarm"},{"predicate":{"custom_model_data":2125},"model":"modelengine:10_em_minor_fire_elemental/head"},{"predicate":{"custom_model_data":2126},"model":"modelengine:10_em_minor_fire_elemental/body"},{"predicate":{"custom_model_data":2127},"model":"modelengine:11_em_blood_elemental/lower_body"},{"predicate":{"custom_model_data":2128},"model":"modelengine:11_em_blood_elemental/upper_body"},{"predicate":{"custom_model_data":2129},"model":"modelengine:11_em_blood_elemental/h_head"},{"predicate":{"custom_model_data":2130},"model":"modelengine:11_em_blood_elemental/right_deco"},{"predicate":{"custom_model_data":2131},"model":"modelengine:11_em_blood_elemental/left_deco"},{"predicate":{"custom_model_data":2132},"model":"modelengine:11_em_blood_elemental/right_hand"},{"predicate":{"custom_model_data":2133},"model":"modelengine:11_em_blood_elemental/right_finger_three"},{"predicate":{"custom_model_data":2134},"model":"modelengine:11_em_blood_elemental/right_finger_two"},{"predicate":{"custom_model_data":2135},"model":"modelengine:11_em_blood_elemental/right_finger_one"},{"predicate":{"custom_model_data":2136},"model":"modelengine:11_em_blood_elemental/right_thumb"},{"predicate":{"custom_model_data":2137},"model":"modelengine:11_em_blood_elemental/right_arm"},{"predicate":{"custom_model_data":2138},"model":"modelengine:11_em_blood_elemental/left_hand"},{"predicate":{"custom_model_data":2139},"model":"modelengine:11_em_blood_elemental/left_finger_three"},{"predicate":{"custom_model_data":2140},"model":"modelengine:11_em_blood_elemental/left_finger_two"},{"predicate":{"custom_model_data":2141},"model":"modelengine:11_em_blood_elemental/left_finger_one"},{"predicate":{"custom_model_data":2142},"model":"modelengine:11_em_blood_elemental/left_thumb"},{"predicate":{"custom_model_data":2143},"model":"modelengine:11_em_blood_elemental/left_arm"},{"predicate":{"custom_model_data":3000},"model":"modelengine:em_goblin_armor/leftarm"},{"predicate":{"custom_model_data":3001},"model":"modelengine:em_goblin_armor/rightarm"},{"predicate":{"custom_model_data":3002},"model":"modelengine:em_goblin_armor/walkingstick"},{"predicate":{"custom_model_data":3003},"model":"modelengine:em_goblin_armor/leftleg"},{"predicate":{"custom_model_data":3004},"model":"modelengine:em_goblin_armor/rightleg"},{"predicate":{"custom_model_data":3005},"model":"modelengine:em_goblin_armor/goblin_entity"},{"predicate":{"custom_model_data":3006},"model":"modelengine:em_goblin_armor/head"},{"predicate":{"custom_model_data":3007},"model":"modelengine:em_goblin_armor/backpack"},{"predicate":{"custom_model_data":3008},"model":"modelengine:em_goblin_armor/goldcoin"},{"predicate":{"custom_model_data":3009},"model":"modelengine:em_goblin_armor/arrow1"},{"predicate":{"custom_model_data":3010},"model":"modelengine:em_goblin_charms/leftarm"},{"predicate":{"custom_model_data":3011},"model":"modelengine:em_goblin_charms/rightarm"},{"predicate":{"custom_model_data":3012},"model":"modelengine:em_goblin_charms/walkingstick"},{"predicate":{"custom_model_data":3013},"model":"modelengine:em_goblin_charms/leftleg"},{"predicate":{"custom_model_data":3014},"model":"modelengine:em_goblin_charms/rightleg"},{"predicate":{"custom_model_data":3015},"model":"modelengine:em_goblin_charms/goblin_entity"},{"predicate":{"custom_model_data":3016},"model":"modelengine:em_goblin_charms/head"},{"predicate":{"custom_model_data":3017},"model":"modelengine:em_goblin_charms/backpack"},{"predicate":{"custom_model_data":3018},"model":"modelengine:em_goblin_charms/sword"},{"predicate":{"custom_model_data":3019},"model":"modelengine:em_goblin_charms/arrow1"},{"predicate":{"custom_model_data":3020},"model":"modelengine:em_goblin_charms/arrow2"},{"predicate":{"custom_model_data":3021},"model":"modelengine:em_goblin_coins/leftarm"},{"predicate":{"custom_model_data":3022},"model":"modelengine:em_goblin_coins/rightarm"},{"predicate":{"custom_model_data":3023},"model":"modelengine:em_goblin_coins/walkingstick"},{"predicate":{"custom_model_data":3024},"model":"modelengine:em_goblin_coins/leftleg"},{"predicate":{"custom_model_data":3025},"model":"modelengine:em_goblin_coins/rightleg"},{"predicate":{"custom_model_data":3026},"model":"modelengine:em_goblin_coins/goblin_entity"},{"predicate":{"custom_model_data":3027},"model":"modelengine:em_goblin_coins/head"},{"predicate":{"custom_model_data":3028},"model":"modelengine:em_goblin_coins/backpack"},{"predicate":{"custom_model_data":3029},"model":"modelengine:em_goblin_coins/goldcoin"},{"predicate":{"custom_model_data":3030},"model":"modelengine:em_goblin_coins/arrow1"},{"predicate":{"custom_model_data":3031},"model":"modelengine:em_goblin_coins/arrow2"},{"predicate":{"custom_model_data":3032},"model":"modelengine:em_goblin_treasure/leftarm"},{"predicate":{"custom_model_data":3033},"model":"modelengine:em_goblin_treasure/rightarm"},{"predicate":{"custom_model_data":3034},"model":"modelengine:em_goblin_treasure/walkingstick"},{"predicate":{"custom_model_data":3035},"model":"modelengine:em_goblin_treasure/leftleg"},{"predicate":{"custom_model_data":3036},"model":"modelengine:em_goblin_treasure/rightleg"},{"predicate":{"custom_model_data":3037},"model":"modelengine:em_goblin_treasure/goblin_entity"},{"predicate":{"custom_model_data":3038},"model":"modelengine:em_goblin_treasure/head"},{"predicate":{"custom_model_data":3039},"model":"modelengine:em_goblin_treasure/backpack"},{"predicate":{"custom_model_data":3040},"model":"modelengine:em_goblin_treasure/sword"},{"predicate":{"custom_model_data":3041},"model":"modelengine:em_goblin_treasure/arrow1"},{"predicate":{"custom_model_data":3042},"model":"modelengine:em_goblin_treasure/arrow2"},{"predicate":{"custom_model_data":3043},"model":"modelengine:em_goblin_weapon/leftarm"},{"predicate":{"custom_model_data":3044},"model":"modelengine:em_goblin_weapon/rightarm"},{"predicate":{"custom_model_data":3045},"model":"modelengine:em_goblin_weapon/walkingstick"},{"predicate":{"custom_model_data":3046},"model":"modelengine:em_goblin_weapon/leftleg"},{"predicate":{"custom_model_data":3047},"model":"modelengine:em_goblin_weapon/rightleg"},{"predicate":{"custom_model_data":3048},"model":"modelengine:em_goblin_weapon/goblin_entity"},{"predicate":{"custom_model_data":3049},"model":"modelengine:em_goblin_weapon/head"},{"predicate":{"custom_model_data":3050},"model":"modelengine:em_goblin_weapon/backpack"},{"predicate":{"custom_model_data":3051},"model":"modelengine:em_goblin_weapon/sword"},{"predicate":{"custom_model_data":3052},"model":"modelengine:em_goblin_weapon/arrow1"},{"predicate":{"custom_model_data":3053},"model":"modelengine:em_goblin_weapon/arrow2"},{"predicate":{"custom_model_data":4000},"model":"modelengine:zombie/body"},{"predicate":{"custom_model_data":4001},"model":"modelengine:zombie/head"},{"predicate":{"custom_model_data":4002},"model":"modelengine:zombie/leftarm"},{"predicate":{"custom_model_data":4003},"model":"modelengine:zombie/lefthand"},{"predicate":{"custom_model_data":4004},"model":"modelengine:zombie/rightarm"},{"predicate":{"custom_model_data":4005},"model":"modelengine:zombie/righthand"},{"predicate":{"custom_model_data":4006},"model":"modelengine:zombie/leftleg"},{"predicate":{"custom_model_data":4007},"model":"modelengine:zombie/leftfoot"},{"predicate":{"custom_model_data":4008},"model":"modelengine:zombie/rightleg"},{"predicate":{"custom_model_data":4009},"model":"modelengine:zombie/rightfoot"},{"predicate":{"custom_model_data":4010},"model":"modelengine:zombie_ground/body"},{"predicate":{"custom_model_data":4011},"model":"modelengine:zombie_ground/head"},{"predicate":{"custom_model_data":4012},"model":"modelengine:zombie_ground/leftarm"},{"predicate":{"custom_model_data":4013},"model":"modelengine:zombie_ground/lefthand"},{"predicate":{"custom_model_data":4014},"model":"modelengine:zombie_ground/rightarm"},{"predicate":{"custom_model_data":4015},"model":"modelengine:zombie_ground/righthand"},{"predicate":{"custom_model_data":4016},"model":"modelengine:zombie_ground/leftleg"},{"predicate":{"custom_model_data":4017},"model":"modelengine:zombie_ground/leftfoot"},{"predicate":{"custom_model_data":4018},"model":"modelengine:zombie_ground/rightleg"},{"predicate":{"custom_model_data":4019},"model":"modelengine:zombie_ground/rightfoot"}]}