{"textures":{"1":"modelengine:entity/firefly"},"elements":[{"from":[8.229521,7.1751337,7.6190476],"to":[8.229521,7.746562,8.190476],"rotation":{"angle":45.0,"axis":"z","origin":[7.999596,7.920698,8.0]},"faces":{"east":{"uv":[1.0,3.0,2.0,2.0],"rotation":0,"texture":"#1","tintindex":0},"south":{"uv":[0.0,1.0,0.0,0.0],"rotation":0,"texture":"#1","tintindex":0},"north":{"uv":[0.0,1.0,0.0,0.0],"rotation":0,"texture":"#1","tintindex":0},"west":{"uv":[1.0,3.0,2.0,2.0],"rotation":0,"texture":"#1","tintindex":0},"up":{"uv":[0.0,1.0,0.0,0.0],"rotation":0,"texture":"#1","tintindex":0},"down":{"uv":[0.0,0.0,0.0,1.0],"rotation":0,"texture":"#1","tintindex":0}}},{"from":[7.714286,7.3891225,7.6190476],"to":[8.285714,7.9605513,8.761905],"rotation":{"angle":0.0,"axis":"y","origin":[8.0,8.0,8.0]},"faces":{"east":{"uv":[0.0,0.0,2.0,1.0],"rotation":0,"texture":"#1","tintindex":0},"south":{"uv":[1.0,3.0,2.0,4.0],"rotation":0,"texture":"#1","tintindex":0},"north":{"uv":[3.0,0.0,4.0,1.0],"rotation":0,"texture":"#1","tintindex":0},"west":{"uv":[0.0,1.0,2.0,2.0],"rotation":0,"texture":"#1","tintindex":0},"up":{"uv":[1.0,4.0,0.0,2.0],"rotation":0,"texture":"#1","tintindex":0},"down":{"uv":[3.0,0.0,2.0,2.0],"rotation":0,"texture":"#1","tintindex":0}}},{"from":[8.229925,8.174136,7.6190476],"to":[8.229925,8.745564,8.190476],"rotation":{"angle":-45.0,"axis":"z","origin":[8.0,8.0,8.0]},"faces":{"east":{"uv":[2.0,2.0,3.0,3.0],"rotation":0,"texture":"#1","tintindex":0},"south":{"uv":[0.0,0.0,0.0,1.0],"rotation":0,"texture":"#1","tintindex":0},"north":{"uv":[0.0,0.0,0.0,1.0],"rotation":0,"texture":"#1","tintindex":0},"west":{"uv":[2.0,2.0,3.0,3.0],"rotation":0,"texture":"#1","tintindex":0},"up":{"uv":[0.0,1.0,0.0,0.0],"rotation":0,"texture":"#1","tintindex":0},"down":{"uv":[0.0,0.0,0.0,1.0],"rotation":0,"texture":"#1","tintindex":0}}},{"from":[7.7704787,7.1751337,7.6190476],"to":[7.7704787,7.746562,8.190476],"rotation":{"angle":-45.0,"axis":"z","origin":[8.000404,7.920698,8.0]},"faces":{"east":{"uv":[2.0,3.0,1.0,2.0],"rotation":0,"texture":"#1","tintindex":0},"south":{"uv":[0.0,1.0,0.0,0.0],"rotation":0,"texture":"#1","tintindex":0},"north":{"uv":[0.0,1.0,0.0,0.0],"rotation":0,"texture":"#1","tintindex":0},"west":{"uv":[2.0,3.0,1.0,2.0],"rotation":0,"texture":"#1","tintindex":0},"up":{"uv":[0.0,1.0,0.0,0.0],"rotation":0,"texture":"#1","tintindex":0},"down":{"uv":[0.0,0.0,0.0,1.0],"rotation":0,"texture":"#1","tintindex":0}}},{"from":[7.770075,8.174136,7.6190476],"to":[7.770075,8.745564,8.190476],"rotation":{"angle":45.0,"axis":"z","origin":[8.0,8.0,8.0]},"faces":{"east":{"uv":[3.0,2.0,2.0,3.0],"rotation":0,"texture":"#1","tintindex":0},"south":{"uv":[0.0,0.0,0.0,1.0],"rotation":0,"texture":"#1","tintindex":0},"north":{"uv":[0.0,0.0,0.0,1.0],"rotation":0,"texture":"#1","tintindex":0},"west":{"uv":[3.0,2.0,2.0,3.0],"rotation":0,"texture":"#1","tintindex":0},"up":{"uv":[0.0,1.0,0.0,0.0],"rotation":0,"texture":"#1","tintindex":0},"down":{"uv":[0.0,0.0,0.0,1.0],"rotation":0,"texture":"#1","tintindex":0}}}],"display":{"head":{"translation":[0.0,-6.4,0.0],"scale":[4.0,4.0,4.0]}}}