{"textures":{"0":"modelengine:entity/dung_beetle"},"elements":[{"from":[6.8242226,6.4947133,7.714286],"to":[6.8242226,7.637571,8.285714],"rotation":{"angle":-22.5,"axis":"z","origin":[7.033519,7.5931773,8.0]},"faces":{"east":{"uv":[5.0,10.0,6.0,9.5],"rotation":90,"texture":"#0","tintindex":0},"south":{"uv":[0.0,0.0,0.0,1.0],"rotation":0,"texture":"#0","tintindex":0},"north":{"uv":[0.0,1.0,0.0,0.0],"rotation":180,"texture":"#0","tintindex":0},"west":{"uv":[6.0,10.0,7.0,9.5],"rotation":270,"texture":"#0","tintindex":0},"up":{"uv":[0.0,0.5,0.0,0.0],"rotation":0,"texture":"#0","tintindex":0},"down":{"uv":[0.0,0.5,0.0,0.0],"rotation":180,"texture":"#0","tintindex":0}}},{"from":[6.857143,7.714286,7.714286],"to":[8.0,8.285714,8.285714],"rotation":{"angle":0.0,"axis":"y","origin":[7.033519,7.5931773,8.0]},"faces":{"east":{"uv":[7.0,10.0,7.5,9.5],"rotation":90,"texture":"#0","tintindex":0},"south":{"uv":[10.5,4.0,9.5,4.5],"rotation":0,"texture":"#0","tintindex":0},"north":{"uv":[10.5,5.0,9.5,4.5],"rotation":180,"texture":"#0","tintindex":0},"west":{"uv":[7.5,10.0,8.0,9.5],"rotation":270,"texture":"#0","tintindex":0},"up":{"uv":[4.0,10.0,5.0,9.5],"rotation":0,"texture":"#0","tintindex":0},"down":{"uv":[4.0,7.5,5.0,7.0],"rotation":180,"texture":"#0","tintindex":0}}}],"display":{"head":{"translation":[0.0,-6.4,0.0],"scale":[4.0,4.0,4.0]}}}