{"textures":{"0":"modelengine:entity/dung_beetle"},"elements":[{"from":[6.142857,5.8571424,7.0],"to":[9.0,9.285714,9.857143],"rotation":{"angle":0.0,"axis":"y","origin":[7.857143,5.8571424,9.285714]},"faces":{"east":{"uv":[2.5,0.0,5.0,3.0],"rotation":0,"texture":"#0","tintindex":0},"south":{"uv":[0.0,3.0,2.5,6.0],"rotation":0,"texture":"#0","tintindex":0},"north":{"uv":[0.0,0.0,2.5,3.0],"rotation":0,"texture":"#0","tintindex":0},"west":{"uv":[2.5,3.0,5.0,6.0],"rotation":0,"texture":"#0","tintindex":0},"up":{"uv":[7.5,2.5,5.0,0.0],"rotation":0,"texture":"#0","tintindex":0},"down":{"uv":[7.5,2.5,5.0,5.0],"rotation":0,"texture":"#0","tintindex":0}}},{"from":[7.285714,7.0,6.428571],"to":[9.571428,9.857143,8.714286],"rotation":{"angle":0.0,"axis":"y","origin":[7.857143,5.8571424,9.285714]},"faces":{"east":{"uv":[0.0,6.0,2.0,8.5],"rotation":0,"texture":"#0","tintindex":0},"south":{"uv":[2.0,6.0,4.0,8.5],"rotation":0,"texture":"#0","tintindex":0},"north":{"uv":[5.0,5.0,7.0,7.5],"rotation":0,"texture":"#0","tintindex":0},"west":{"uv":[7.0,5.0,9.0,7.5],"rotation":0,"texture":"#0","tintindex":0},"up":{"uv":[6.0,9.5,4.0,7.5],"rotation":0,"texture":"#0","tintindex":0},"down":{"uv":[8.0,7.5,6.0,9.5],"rotation":0,"texture":"#0","tintindex":0}}}],"display":{"head":{"translation":[0.0,-6.4,0.0],"scale":[4.0,4.0,4.0]}}}