{"textures":{"0":"modelengine:entity/dung_beetle"},"elements":[{"from":[7.142857,6.3433394,7.1895204],"to":[8.857143,7.4861965,8.332377],"rotation":{"angle":22.5,"axis":"x","origin":[8.0,6.629054,8.046663]},"faces":{"east":{"uv":[4.0,7.0,5.0,6.0],"rotation":0,"texture":"#0","tintindex":0},"south":{"uv":[9.5,1.0,11.0,0.0],"rotation":0,"texture":"#0","tintindex":0},"north":{"uv":[9.0,7.5,10.5,6.5],"rotation":0,"texture":"#0","tintindex":0},"west":{"uv":[9.5,4.0,10.5,3.0],"rotation":0,"texture":"#0","tintindex":0},"up":{"uv":[11.0,3.0,9.5,2.0],"rotation":0,"texture":"#0","tintindex":0},"down":{"uv":[11.0,1.0,9.5,2.0],"rotation":0,"texture":"#0","tintindex":0}}},{"from":[6.857143,7.2004824,7.0466633],"to":[9.142858,10.057626,8.760949],"rotation":{"angle":0.0,"axis":"y","origin":[7.714286,4.3433394,5.3323774]},"faces":{"east":{"uv":[0.0,8.5,1.5,11.0],"rotation":180,"texture":"#0","tintindex":0},"south":{"uv":[7.5,2.5,9.5,5.0],"rotation":180,"texture":"#0","tintindex":0},"north":{"uv":[7.5,0.0,9.5,2.5],"rotation":180,"texture":"#0","tintindex":0},"west":{"uv":[8.0,7.5,9.5,10.0],"rotation":180,"texture":"#0","tintindex":0},"up":{"uv":[11.0,5.0,9.0,6.5],"rotation":180,"texture":"#0","tintindex":0},"down":{"uv":[3.5,10.0,1.5,8.5],"rotation":180,"texture":"#0","tintindex":0}}},{"from":[9.949923,8.34334,5.1791573],"to":[9.949923,8.914768,6.322015],"rotation":{"angle":22.5,"axis":"y","origin":[9.740625,8.629054,6.2776213]},"faces":{"east":{"uv":[6.0,9.5,7.0,10.0],"rotation":180,"texture":"#0","tintindex":0},"south":{"uv":[0.0,0.5,0.0,0.0],"rotation":0,"texture":"#0","tintindex":0},"north":{"uv":[0.0,0.5,0.0,0.0],"rotation":0,"texture":"#0","tintindex":0},"west":{"uv":[5.0,9.5,6.0,10.0],"rotation":180,"texture":"#0","tintindex":0},"up":{"uv":[0.0,1.0,0.0,0.0],"rotation":0,"texture":"#0","tintindex":0},"down":{"uv":[0.0,0.0,0.0,1.0],"rotation":0,"texture":"#0","tintindex":0}}},{"from":[6.082998,8.34334,6.39873],"to":[7.225855,8.914768,6.970158],"rotation":{"angle":-45.0,"axis":"y","origin":[6.259374,8.629054,6.2776213]},"faces":{"east":{"uv":[7.5,9.5,7.0,10.0],"rotation":180,"texture":"#0","tintindex":0},"south":{"uv":[4.0,10.0,5.0,9.5],"rotation":0,"texture":"#0","tintindex":0},"north":{"uv":[4.0,7.5,5.0,7.0],"rotation":0,"texture":"#0","tintindex":0},"west":{"uv":[8.0,9.5,7.5,10.0],"rotation":180,"texture":"#0","tintindex":0},"up":{"uv":[10.5,5.0,9.5,4.5],"rotation":0,"texture":"#0","tintindex":0},"down":{"uv":[10.5,4.0,9.5,4.5],"rotation":0,"texture":"#0","tintindex":0}}},{"from":[7.142857,5.686679,8.971429],"to":[7.714286,6.8295364,8.971429],"rotation":{"angle":-45.0,"axis":"x","origin":[7.428571,6.1152506,8.714286]},"faces":{"east":{"uv":[0.0,1.0,0.0,0.0],"rotation":0,"texture":"#0","tintindex":0},"south":{"uv":[3.5,10.5,4.0,9.5],"rotation":0,"texture":"#0","tintindex":0},"north":{"uv":[3.5,9.5,4.0,8.5],"rotation":0,"texture":"#0","tintindex":0},"west":{"uv":[0.0,1.0,0.0,0.0],"rotation":0,"texture":"#0","tintindex":0},"up":{"uv":[0.5,0.0,0.0,0.0],"rotation":0,"texture":"#0","tintindex":0},"down":{"uv":[0.5,0.0,0.0,0.0],"rotation":0,"texture":"#0","tintindex":0}}},{"from":[6.0500774,8.34334,5.1791573],"to":[6.0500774,8.914768,6.322015],"rotation":{"angle":-22.5,"axis":"y","origin":[6.259374,8.629054,6.2776213]},"faces":{"east":{"uv":[6.0,9.5,5.0,10.0],"rotation":180,"texture":"#0","tintindex":0},"south":{"uv":[0.0,0.5,0.0,0.0],"rotation":0,"texture":"#0","tintindex":0},"north":{"uv":[0.0,0.5,0.0,0.0],"rotation":0,"texture":"#0","tintindex":0},"west":{"uv":[7.0,9.5,6.0,10.0],"rotation":180,"texture":"#0","tintindex":0},"up":{"uv":[0.0,1.0,0.0,0.0],"rotation":0,"texture":"#0","tintindex":0},"down":{"uv":[0.0,0.0,0.0,1.0],"rotation":0,"texture":"#0","tintindex":0}}},{"from":[8.285714,5.686679,8.971429],"to":[8.857143,6.8295364,8.971429],"rotation":{"angle":-45.0,"axis":"x","origin":[8.0,6.1152506,8.714286]},"faces":{"east":{"uv":[0.0,1.0,0.0,0.0],"rotation":0,"texture":"#0","tintindex":0},"south":{"uv":[4.0,10.5,3.5,9.5],"rotation":0,"texture":"#0","tintindex":0},"north":{"uv":[4.0,9.5,3.5,8.5],"rotation":0,"texture":"#0","tintindex":0},"west":{"uv":[0.0,1.0,0.0,0.0],"rotation":0,"texture":"#0","tintindex":0},"up":{"uv":[0.0,0.0,0.5,0.0],"rotation":0,"texture":"#0","tintindex":0},"down":{"uv":[0.0,0.0,0.5,0.0],"rotation":0,"texture":"#0","tintindex":0}}},{"from":[8.774145,8.34334,6.39873],"to":[9.917002,8.914768,6.970158],"rotation":{"angle":45.0,"axis":"y","origin":[9.740625,8.629054,6.2776213]},"faces":{"east":{"uv":[7.5,9.5,8.0,10.0],"rotation":180,"texture":"#0","tintindex":0},"south":{"uv":[5.0,10.0,4.0,9.5],"rotation":0,"texture":"#0","tintindex":0},"north":{"uv":[5.0,7.5,4.0,7.0],"rotation":0,"texture":"#0","tintindex":0},"west":{"uv":[7.0,9.5,7.5,10.0],"rotation":180,"texture":"#0","tintindex":0},"up":{"uv":[9.5,5.0,10.5,4.5],"rotation":0,"texture":"#0","tintindex":0},"down":{"uv":[9.5,4.0,10.5,4.5],"rotation":0,"texture":"#0","tintindex":0}}}],"display":{"head":{"translation":[0.0,-6.4,0.0],"scale":[4.0,4.0,4.0]}}}