{"textures":{"1":"modelengine:entity/snail"},"elements":[{"from":[8.383211,7.9428573,8.126068],"to":[8.383211,9.085714,8.697497],"rotation":{"angle":-22.5,"axis":"z","origin":[8.383211,8.942857,8.55464]},"faces":{"east":{"uv":[10.0,2.0,11.0,4.0],"rotation":0,"texture":"#1","tintindex":0},"south":{"uv":[0.0,0.0,0.0,2.0],"rotation":0,"texture":"#1","tintindex":0},"north":{"uv":[0.0,0.0,0.0,2.0],"rotation":0,"texture":"#1","tintindex":0},"west":{"uv":[10.0,4.0,11.0,6.0],"rotation":0,"texture":"#1","tintindex":0},"up":{"uv":[1.0,0.0,0.0,0.0],"rotation":90,"texture":"#1","tintindex":0},"down":{"uv":[1.0,0.0,0.0,0.0],"rotation":270,"texture":"#1","tintindex":0}}},{"from":[8.383211,7.9428573,7.2689257],"to":[8.383211,9.085714,7.8403544],"rotation":{"angle":-22.5,"axis":"z","origin":[8.383211,8.942857,7.697497]},"faces":{"east":{"uv":[10.0,2.0,11.0,4.0],"rotation":0,"texture":"#1","tintindex":0},"south":{"uv":[0.0,0.0,0.0,2.0],"rotation":0,"texture":"#1","tintindex":0},"north":{"uv":[0.0,0.0,0.0,2.0],"rotation":0,"texture":"#1","tintindex":0},"west":{"uv":[10.0,4.0,11.0,6.0],"rotation":0,"texture":"#1","tintindex":0},"up":{"uv":[1.0,0.0,0.0,0.0],"rotation":90,"texture":"#1","tintindex":0},"down":{"uv":[1.0,0.0,0.0,0.0],"rotation":270,"texture":"#1","tintindex":0}}},{"from":[8.097497,9.085714,8.126068],"to":[8.668925,9.657143,8.697497],"rotation":{"angle":-22.5,"axis":"z","origin":[8.383211,8.942857,8.55464]},"faces":{"east":{"uv":[0.0,11.0,1.0,12.0],"rotation":0,"texture":"#1","tintindex":0},"south":{"uv":[1.0,11.0,2.0,12.0],"rotation":0,"texture":"#1","tintindex":0},"north":{"uv":[11.0,2.0,12.0,3.0],"rotation":0,"texture":"#1","tintindex":0},"west":{"uv":[2.0,11.0,3.0,12.0],"rotation":0,"texture":"#1","tintindex":0},"up":{"uv":[4.0,12.0,3.0,11.0],"rotation":90,"texture":"#1","tintindex":0},"down":{"uv":[12.0,3.0,11.0,4.0],"rotation":270,"texture":"#1","tintindex":0}}},{"from":[8.097497,9.085714,7.2689257],"to":[8.668925,9.657143,7.8403544],"rotation":{"angle":-22.5,"axis":"z","origin":[8.383211,8.942857,7.697497]},"faces":{"east":{"uv":[0.0,11.0,1.0,12.0],"rotation":0,"texture":"#1","tintindex":0},"south":{"uv":[1.0,11.0,2.0,12.0],"rotation":0,"texture":"#1","tintindex":0},"north":{"uv":[11.0,2.0,12.0,3.0],"rotation":0,"texture":"#1","tintindex":0},"west":{"uv":[2.0,11.0,3.0,12.0],"rotation":0,"texture":"#1","tintindex":0},"up":{"uv":[4.0,12.0,3.0,11.0],"rotation":90,"texture":"#1","tintindex":0},"down":{"uv":[12.0,3.0,11.0,4.0],"rotation":270,"texture":"#1","tintindex":0}}}],"display":{"head":{"translation":[0.0,-6.4,0.0],"scale":[4.0,4.0,4.0]}}}