{"textures":{"0":"modelengine:entity/ant_farm"},"elements":[{"from":[4.5714283,5.8095236,7.714286],"to":[11.428572,11.523809,8.285714],"rotation":{"angle":0.0,"axis":"y","origin":[8.0,5.2380953,7.142857]},"faces":{"east":{"uv":[6.0,5.0,6.5,10.0],"rotation":0,"texture":"#0","tintindex":0},"south":{"uv":[0.0,0.0,6.0,5.0],"rotation":0,"texture":"#0","tintindex":0},"north":{"uv":[0.0,0.0,6.0,5.0],"rotation":0,"texture":"#0","tintindex":0},"west":{"uv":[6.5,5.0,7.0,10.0],"rotation":0,"texture":"#0","tintindex":0},"up":{"uv":[12.0,4.5,6.0,4.0],"rotation":0,"texture":"#0","tintindex":0},"down":{"uv":[12.0,4.5,6.0,5.0],"rotation":0,"texture":"#0","tintindex":0}}},{"from":[5.142857,9.809524,7.714286],"to":[10.857143,9.809524,8.285714],"rotation":{"angle":0.0,"axis":"y","origin":[8.0,5.2380953,7.142857]},"faces":{"east":{"uv":[6.0,5.0,6.5,10.0],"rotation":0,"texture":"#0","tintindex":0},"south":{"uv":[0.0,0.0,6.0,5.0],"rotation":0,"texture":"#0","tintindex":0},"north":{"uv":[0.0,0.0,6.0,5.0],"rotation":0,"texture":"#0","tintindex":0},"west":{"uv":[6.5,5.0,7.0,10.0],"rotation":0,"texture":"#0","tintindex":0},"up":{"uv":[0.5,2.0,5.5,1.5],"rotation":0,"texture":"#0","tintindex":0},"down":{"uv":[12.0,4.5,6.0,5.0],"rotation":0,"texture":"#0","tintindex":0}}},{"from":[4.0,5.2380953,7.142857],"to":[12.0,5.8095236,8.857143],"rotation":{"angle":0.0,"axis":"y","origin":[8.0,5.2380953,7.142857]},"faces":{"east":{"uv":[7.0,5.0,8.5,5.5],"rotation":0,"texture":"#0","tintindex":0},"south":{"uv":[6.0,3.5,13.0,4.0],"rotation":0,"texture":"#0","tintindex":0},"north":{"uv":[6.0,3.0,13.0,3.5],"rotation":0,"texture":"#0","tintindex":0},"west":{"uv":[7.0,5.5,8.5,6.0],"rotation":0,"texture":"#0","tintindex":0},"up":{"uv":[13.0,1.5,6.0,0.0],"rotation":0,"texture":"#0","tintindex":0},"down":{"uv":[13.0,1.5,6.0,3.0],"rotation":0,"texture":"#0","tintindex":0}}}],"display":{"head":{"translation":[0.0,-6.4,0.0],"scale":[4.0,4.0,4.0]}}}