{"textures":{"0":"modelengine:entity/bug_display"},"elements":[{"from":[9.679587,8.182453,4.7415056],"to":[9.679587,9.325311,6.4557915],"rotation":{"angle":-22.5,"axis":"x","origin":[7.679588,9.468168,5.02722]},"faces":{"east":{"uv":[8.0,7.25,8.75,7.75],"rotation":0,"texture":"#0","tintindex":0},"south":{"uv":[0.0,0.0,0.0,0.5],"rotation":0,"texture":"#0","tintindex":0},"north":{"uv":[0.0,0.0,0.0,0.5],"rotation":0,"texture":"#0","tintindex":0},"west":{"uv":[8.0,8.25,8.75,8.75],"rotation":0,"texture":"#0","tintindex":0},"up":{"uv":[0.0,0.75,0.0,0.0],"rotation":0,"texture":"#0","tintindex":0},"down":{"uv":[0.0,0.0,0.0,0.75],"rotation":0,"texture":"#0","tintindex":0}}},{"from":[5.6795874,5.3253107,4.1700773],"to":[10.251017,5.896739,12.170077],"rotation":{"angle":0.0,"axis":"y","origin":[3.3938732,5.3253107,3.5986485]},"faces":{"east":{"uv":[8.0,6.5,11.5,6.75],"rotation":0,"texture":"#0","tintindex":0},"south":{"uv":[8.0,7.0,10.0,7.25],"rotation":0,"texture":"#0","tintindex":0},"north":{"uv":[7.0,8.0,9.0,8.25],"rotation":0,"texture":"#0","tintindex":0},"west":{"uv":[8.0,6.75,11.5,7.0],"rotation":0,"texture":"#0","tintindex":0},"up":{"uv":[2.0,8.5,0.0,5.0],"rotation":0,"texture":"#0","tintindex":0},"down":{"uv":[4.0,5.0,2.0,8.5],"rotation":0,"texture":"#0","tintindex":0}}},{"from":[9.393873,5.896739,4.1700773],"to":[9.9653015,9.896739,4.7415056],"rotation":{"angle":-22.5,"axis":"x","origin":[7.679588,9.468168,5.02722]},"faces":{"east":{"uv":[7.25,8.25,7.5,10.0],"rotation":0,"texture":"#0","tintindex":0},"south":{"uv":[7.5,8.25,7.75,10.0],"rotation":0,"texture":"#0","tintindex":0},"north":{"uv":[7.0,8.25,7.25,10.0],"rotation":0,"texture":"#0","tintindex":0},"west":{"uv":[7.75,8.25,8.0,10.0],"rotation":0,"texture":"#0","tintindex":0},"up":{"uv":[8.25,8.0,8.0,7.75],"rotation":0,"texture":"#0","tintindex":0},"down":{"uv":[8.5,7.75,8.25,8.0],"rotation":0,"texture":"#0","tintindex":0}}},{"from":[5.108159,11.611025,3.5986485],"to":[10.822445,11.611025,12.741507],"rotation":{"angle":0.0,"axis":"y","origin":[3.3938732,5.3253107,3.5986485]},"faces":{"east":{"uv":[0.0,0.0,4.0,2.5],"rotation":0,"texture":"#0","tintindex":0},"south":{"uv":[6.5,2.5,9.0,5.0],"rotation":0,"texture":"#0","tintindex":0},"north":{"uv":[6.5,0.0,9.0,2.5],"rotation":0,"texture":"#0","tintindex":0},"west":{"uv":[0.0,2.5,4.0,5.0],"rotation":0,"texture":"#0","tintindex":0},"up":{"uv":[11.5,4.0,9.0,0.0],"rotation":0,"texture":"#0","tintindex":0},"down":{"uv":[6.5,0.0,4.0,4.0],"rotation":0,"texture":"#0","tintindex":0}}},{"from":[5.7796164,5.974703,8.170077],"to":[5.7796164,7.6889887,11.598649],"rotation":{"angle":22.5,"axis":"z","origin":[5.7796164,6.8318458,9.884363]},"faces":{"east":{"uv":[4.0,8.0,5.5,8.75],"rotation":0,"texture":"#0","tintindex":0},"south":{"uv":[0.0,0.0,0.0,0.75],"rotation":0,"texture":"#0","tintindex":0},"north":{"uv":[0.0,0.0,0.0,0.75],"rotation":0,"texture":"#0","tintindex":0},"west":{"uv":[5.5,8.0,4.0,8.75],"rotation":0,"texture":"#0","tintindex":0},"up":{"uv":[0.0,1.5,0.0,0.0],"rotation":0,"texture":"#0","tintindex":0},"down":{"uv":[0.0,0.0,0.0,1.5],"rotation":0,"texture":"#0","tintindex":0}}},{"from":[5.108159,5.896739,3.5986485],"to":[10.822445,11.611025,12.741507],"rotation":{"angle":0.0,"axis":"y","origin":[3.3938732,5.3253107,3.5986485]},"faces":{"east":{"uv":[0.0,0.0,4.0,2.5],"rotation":0,"texture":"#0","tintindex":0},"south":{"uv":[6.5,2.5,9.0,5.0],"rotation":0,"texture":"#0","tintindex":0},"north":{"uv":[6.5,0.0,9.0,2.5],"rotation":0,"texture":"#0","tintindex":0},"west":{"uv":[0.0,2.5,4.0,5.0],"rotation":0,"texture":"#0","tintindex":0},"up":{"uv":[6.5,4.0,4.0,0.0],"rotation":0,"texture":"#0","tintindex":0},"down":{"uv":[6.5,4.0,4.0,8.0],"rotation":0,"texture":"#0","tintindex":0}}},{"from":[5.108159,11.611025,8.170077],"to":[10.822445,11.611025,9.884363],"rotation":{"angle":-22.5,"axis":"x","origin":[7.965302,11.611025,8.170077]},"faces":{"east":{"uv":[0.0,0.0,0.75,0.0],"rotation":0,"texture":"#0","tintindex":0},"south":{"uv":[0.0,0.0,2.5,0.0],"rotation":0,"texture":"#0","tintindex":0},"north":{"uv":[0.0,0.0,2.5,0.0],"rotation":0,"texture":"#0","tintindex":0},"west":{"uv":[0.0,0.0,0.75,0.0],"rotation":0,"texture":"#0","tintindex":0},"up":{"uv":[9.0,5.75,6.5,5.0],"rotation":0,"texture":"#0","tintindex":0},"down":{"uv":[9.0,5.75,6.5,6.5],"rotation":0,"texture":"#0","tintindex":0}}},{"from":[6.108159,6.0395966,8.170077],"to":[7.822445,6.0395966,11.598649],"rotation":{"angle":0.0,"axis":"y","origin":[1.8224444,2.039596,12.170077]},"faces":{"east":{"uv":[0.0,0.0,1.5,0.0],"rotation":0,"texture":"#0","tintindex":0},"south":{"uv":[0.0,0.0,0.75,0.0],"rotation":0,"texture":"#0","tintindex":0},"north":{"uv":[0.0,0.0,0.75,0.0],"rotation":0,"texture":"#0","tintindex":0},"west":{"uv":[0.0,0.0,1.5,0.0],"rotation":0,"texture":"#0","tintindex":0},"up":{"uv":[7.25,8.0,6.5,6.5],"rotation":0,"texture":"#0","tintindex":0},"down":{"uv":[6.5,6.5,7.25,8.0],"rotation":0,"texture":"#0","tintindex":0}}}],"display":{"head":{"translation":[0.0,-6.4,0.0],"scale":[4.0,4.0,4.0]}}}