{"textures":{"0":"modelengine:entity/mso_cave_insect"},"elements":[{"from":[5.142857,8.0,7.714286],"to":[12.0,8.0,18.57143],"rotation":{"angle":-22.5,"axis":"z","origin":[8.571428,8.0,13.142858]},"faces":{"east":{"uv":[0.0,0.0,2.375,0.0],"rotation":0,"texture":"#0","tintindex":0},"south":{"uv":[0.0,0.0,1.5,0.0],"rotation":0,"texture":"#0","tintindex":0},"north":{"uv":[0.0,0.0,1.5,0.0],"rotation":0,"texture":"#0","tintindex":0},"west":{"uv":[0.0,0.0,2.375,0.0],"rotation":0,"texture":"#0","tintindex":0},"up":{"uv":[1.5,2.375,0.0,0.0],"rotation":0,"texture":"#0","tintindex":0},"down":{"uv":[0.0,0.0,1.5,2.375],"rotation":0,"texture":"#0","tintindex":0}}}],"display":{"head":{"translation":[0.0,-6.4,0.0],"scale":[4.0,4.0,4.0]}}}