{"textures":{"0":"modelengine:entity/mso_cave_insect"},"elements":[{"from":[7.595939,3.5266128,8.142858],"to":[14.158957,10.089631,14.428572],"rotation":{"angle":45.0,"axis":"z","origin":[8.0,3.930674,11.285714]},"faces":{"east":{"uv":[3.0,6.375,4.375,7.75],"rotation":0,"texture":"#0","tintindex":0},"south":{"uv":[4.375,6.375,5.75,7.75],"rotation":0,"texture":"#0","tintindex":0},"north":{"uv":[6.25,1.375,7.625,2.75],"rotation":0,"texture":"#0","tintindex":0},"west":{"uv":[0.0,6.5,1.375,7.875],"rotation":0,"texture":"#0","tintindex":0},"up":{"uv":[2.75,7.875,1.375,6.5],"rotation":0,"texture":"#0","tintindex":0},"down":{"uv":[8.625,2.75,7.25,4.125],"rotation":0,"texture":"#0","tintindex":0}}},{"from":[8.167368,4.0980415,13.857143],"to":[13.587528,9.518203,19.57143],"rotation":{"angle":45.0,"axis":"z","origin":[8.0,3.930674,17.57143]},"faces":{"east":{"uv":[4.5,3.0,5.75,4.125],"rotation":0,"texture":"#0","tintindex":0},"south":{"uv":[2.75,7.75,3.875,8.875],"rotation":0,"texture":"#0","tintindex":0},"north":{"uv":[7.75,0.0,8.875,1.125],"rotation":0,"texture":"#0","tintindex":0},"west":{"uv":[7.25,4.125,8.5,5.25],"rotation":0,"texture":"#0","tintindex":0},"up":{"uv":[8.375,6.5,7.25,5.25],"rotation":0,"texture":"#0","tintindex":0},"down":{"uv":[8.375,6.5,7.25,7.75],"rotation":0,"texture":"#0","tintindex":0}}}],"display":{"head":{"translation":[0.0,-6.4,0.0],"scale":[4.0,4.0,4.0]}}}