{"textures":{"0":"modelengine:entity/mso_cave_insect"},"elements":[{"from":[4.714286,7.885714,3.692164],"to":[7.142857,7.885714,7.063593],"rotation":{"angle":-22.5,"axis":"x","origin":[5.928571,7.885714,5.3778787]},"faces":{"east":{"uv":[0.0,0.0,0.75,0.0],"rotation":0,"texture":"#0","tintindex":0},"south":{"uv":[0.0,0.0,0.5,0.0],"rotation":0,"texture":"#0","tintindex":0},"north":{"uv":[0.0,0.0,0.5,0.0],"rotation":0,"texture":"#0","tintindex":0},"west":{"uv":[0.0,0.0,0.75,0.0],"rotation":0,"texture":"#0","tintindex":0},"up":{"uv":[4.75,12.0,4.25,11.25],"rotation":0,"texture":"#0","tintindex":0},"down":{"uv":[4.75,11.25,4.25,12.0],"rotation":0,"texture":"#0","tintindex":0}}},{"from":[5.5714283,7.4857144,6.60645],"to":[6.714286,8.742857,8.40645],"rotation":{"angle":22.5,"axis":"y","origin":[6.142857,8.114285,7.1493073]},"faces":{"east":{"uv":[11.625,0.375,12.0,0.625],"rotation":0,"texture":"#0","tintindex":0},"south":{"uv":[11.625,9.75,11.875,10.0],"rotation":0,"texture":"#0","tintindex":0},"north":{"uv":[11.625,9.5,11.875,9.75],"rotation":0,"texture":"#0","tintindex":0},"west":{"uv":[11.625,8.5,12.0,8.75],"rotation":0,"texture":"#0","tintindex":0},"up":{"uv":[11.875,9.125,11.625,8.75],"rotation":0,"texture":"#0","tintindex":0},"down":{"uv":[11.875,9.125,11.625,9.5],"rotation":0,"texture":"#0","tintindex":0}}},{"from":[8.857143,7.885714,3.692164],"to":[11.285714,7.885714,7.063593],"rotation":{"angle":-22.5,"axis":"x","origin":[10.071428,7.885714,5.3778787]},"faces":{"east":{"uv":[0.0,0.0,0.75,0.0],"rotation":0,"texture":"#0","tintindex":0},"south":{"uv":[0.0,0.0,0.5,0.0],"rotation":0,"texture":"#0","tintindex":0},"north":{"uv":[0.0,0.0,0.5,0.0],"rotation":0,"texture":"#0","tintindex":0},"west":{"uv":[0.0,0.0,0.75,0.0],"rotation":0,"texture":"#0","tintindex":0},"up":{"uv":[2.75,8.625,2.25,7.875],"rotation":0,"texture":"#0","tintindex":0},"down":{"uv":[2.75,7.875,2.25,8.625],"rotation":0,"texture":"#0","tintindex":0}}},{"from":[9.285714,7.4857144,6.60645],"to":[10.428572,8.742857,8.40645],"rotation":{"angle":-22.5,"axis":"y","origin":[9.857143,8.114285,7.1493073]},"faces":{"east":{"uv":[6.875,7.375,7.25,7.625],"rotation":0,"texture":"#0","tintindex":0},"south":{"uv":[8.5,2.5,8.75,2.75],"rotation":0,"texture":"#0","tintindex":0},"north":{"uv":[5.5,8.25,5.75,8.5],"rotation":0,"texture":"#0","tintindex":0},"west":{"uv":[10.75,3.5,11.125,3.75],"rotation":0,"texture":"#0","tintindex":0},"up":{"uv":[3.0,7.75,2.75,7.375],"rotation":0,"texture":"#0","tintindex":0},"down":{"uv":[9.75,3.75,9.5,4.125],"rotation":0,"texture":"#0","tintindex":0}}}],"display":{"head":{"translation":[0.0,-6.4,0.0],"scale":[4.0,4.0,4.0]}}}