{"textures":{"0":"modelengine:entity/mso_cave_insect"},"elements":[{"from":[11.6060915,-0.95238113,2.6796227],"to":[11.6060915,1.9047613,6.6796227],"rotation":{"angle":0.0,"axis":"y","origin":[11.6060915,0.4761901,4.6796227]},"faces":{"east":{"uv":[11.375,4.75,10.5,5.375],"rotation":0,"texture":"#0","tintindex":0},"south":{"uv":[0.0,0.0,0.0,0.625],"rotation":0,"texture":"#0","tintindex":0},"north":{"uv":[0.0,0.0,0.0,0.625],"rotation":0,"texture":"#0","tintindex":0},"west":{"uv":[11.0,10.0,10.125,10.625],"rotation":0,"texture":"#0","tintindex":0},"up":{"uv":[0.0,0.875,0.0,0.0],"rotation":0,"texture":"#0","tintindex":0},"down":{"uv":[0.0,0.0,0.0,0.875],"rotation":0,"texture":"#0","tintindex":0}}},{"from":[11.6060915,-0.95238113,2.6796227],"to":[11.6060915,1.9047613,6.6796227],"rotation":{"angle":45.0,"axis":"y","origin":[11.6060915,0.4761901,4.6796227]},"faces":{"east":{"uv":[11.375,4.75,10.5,5.375],"rotation":0,"texture":"#0","tintindex":0},"south":{"uv":[0.0,0.0,0.0,0.625],"rotation":0,"texture":"#0","tintindex":0},"north":{"uv":[0.0,0.0,0.0,0.625],"rotation":0,"texture":"#0","tintindex":0},"west":{"uv":[11.0,10.0,10.125,10.625],"rotation":0,"texture":"#0","tintindex":0},"up":{"uv":[0.0,0.875,0.0,0.0],"rotation":0,"texture":"#0","tintindex":0},"down":{"uv":[0.0,0.0,0.0,0.875],"rotation":0,"texture":"#0","tintindex":0}}},{"from":[10.748949,5.333333,4.3939085],"to":[12.463235,9.333333,10.108194],"rotation":{"angle":-45.0,"axis":"y","origin":[11.6060915,5.904762,4.6796227]},"faces":{"east":{"uv":[10.125,0.0,8.875,0.875],"rotation":0,"texture":"#0","tintindex":0},"south":{"uv":[11.25,11.25,10.875,12.125],"rotation":0,"texture":"#0","tintindex":0},"north":{"uv":[10.875,11.25,10.5,12.125],"rotation":0,"texture":"#0","tintindex":0},"west":{"uv":[8.875,0.0,10.125,0.875],"rotation":0,"texture":"#0","tintindex":0},"up":{"uv":[9.75,11.5,10.125,10.25],"rotation":0,"texture":"#0","tintindex":0},"down":{"uv":[10.5,5.375,10.875,6.625],"rotation":0,"texture":"#0","tintindex":0}}},{"from":[10.177521,1.9047613,3.251051],"to":[13.034663,9.904762,6.1081944],"rotation":{"angle":0.0,"axis":"y","origin":[10.177521,1.9047613,5.536765]},"faces":{"east":{"uv":[0.625,8.875,0.0,10.625],"rotation":0,"texture":"#0","tintindex":0},"south":{"uv":[0.0,8.875,0.625,10.625],"rotation":0,"texture":"#0","tintindex":0},"north":{"uv":[6.75,8.5,6.125,10.25],"rotation":0,"texture":"#0","tintindex":0},"west":{"uv":[6.125,8.5,6.75,10.25],"rotation":0,"texture":"#0","tintindex":0},"up":{"uv":[3.625,11.625,4.25,11.0],"rotation":0,"texture":"#0","tintindex":0},"down":{"uv":[11.0,10.0,11.625,10.625],"rotation":0,"texture":"#0","tintindex":0}}}],"display":{"head":{"translation":[0.0,-6.4,0.0],"scale":[4.0,4.0,4.0]}}}