{"textures":{"0":"modelengine:entity/moth_atlas"},"elements":[{"from":[8.857143,8.215522,5.9343967],"to":[8.857143,9.929808,7.0772543],"rotation":{"angle":-22.5,"axis":"z","origin":[8.857143,9.072665,6.5058255]},"faces":{"east":{"uv":[6.0,6.5,5.0,8.0],"rotation":0,"texture":"#0","tintindex":0},"south":{"uv":[0.0,0.0,0.0,1.5],"rotation":0,"texture":"#0","tintindex":0},"north":{"uv":[0.0,0.0,0.0,1.5],"rotation":0,"texture":"#0","tintindex":0},"west":{"uv":[5.0,6.5,4.0,8.0],"rotation":0,"texture":"#0","tintindex":0},"up":{"uv":[0.0,1.0,0.0,0.0],"rotation":0,"texture":"#0","tintindex":0},"down":{"uv":[0.0,0.0,0.0,1.0],"rotation":0,"texture":"#0","tintindex":0}}},{"from":[8.285714,8.215522,6.5058255],"to":[10.0,9.929808,6.5058255],"rotation":{"angle":-22.5,"axis":"x","origin":[8.857143,9.072665,6.5058255]},"faces":{"east":{"uv":[0.0,0.0,0.0,1.5],"rotation":0,"texture":"#0","tintindex":0},"south":{"uv":[7.0,5.0,5.5,6.5],"rotation":0,"texture":"#0","tintindex":0},"north":{"uv":[5.5,5.0,4.0,6.5],"rotation":0,"texture":"#0","tintindex":0},"west":{"uv":[0.0,0.0,0.0,1.5],"rotation":0,"texture":"#0","tintindex":0},"up":{"uv":[0.0,0.0,1.5,0.0],"rotation":0,"texture":"#0","tintindex":0},"down":{"uv":[0.0,0.0,1.5,0.0],"rotation":0,"texture":"#0","tintindex":0}}},{"from":[7.714286,7.7093396,6.83384],"to":[8.285714,8.280768,9.690983],"rotation":{"angle":0.0,"axis":"y","origin":[7.714286,7.7093396,8.548126]},"faces":{"east":{"uv":[6.0,6.5,8.5,7.0],"rotation":0,"texture":"#0","tintindex":0},"south":{"uv":[3.0,7.0,3.5,7.5],"rotation":0,"texture":"#0","tintindex":0},"north":{"uv":[7.0,2.5,7.5,3.0],"rotation":0,"texture":"#0","tintindex":0},"west":{"uv":[0.0,7.0,2.5,7.5],"rotation":0,"texture":"#0","tintindex":0},"up":{"uv":[7.5,2.5,7.0,0.0],"rotation":0,"texture":"#0","tintindex":0},"down":{"uv":[3.0,7.0,2.5,9.5],"rotation":0,"texture":"#0","tintindex":0}}},{"from":[6.0,8.215522,6.5058255],"to":[7.714286,9.929808,6.5058255],"rotation":{"angle":-22.5,"axis":"x","origin":[7.142857,9.072665,6.5058255]},"faces":{"east":{"uv":[0.0,0.0,0.0,1.5],"rotation":0,"texture":"#0","tintindex":0},"south":{"uv":[5.5,5.0,7.0,6.5],"rotation":0,"texture":"#0","tintindex":0},"north":{"uv":[4.0,5.0,5.5,6.5],"rotation":0,"texture":"#0","tintindex":0},"west":{"uv":[0.0,0.0,0.0,1.5],"rotation":0,"texture":"#0","tintindex":0},"up":{"uv":[1.5,0.0,0.0,0.0],"rotation":0,"texture":"#0","tintindex":0},"down":{"uv":[1.5,0.0,0.0,0.0],"rotation":0,"texture":"#0","tintindex":0}}},{"from":[7.142857,8.215522,5.9343967],"to":[7.142857,9.929808,7.0772543],"rotation":{"angle":22.5,"axis":"z","origin":[7.142857,9.072665,6.5058255]},"faces":{"east":{"uv":[4.0,6.5,5.0,8.0],"rotation":0,"texture":"#0","tintindex":0},"south":{"uv":[0.0,0.0,0.0,1.5],"rotation":0,"texture":"#0","tintindex":0},"north":{"uv":[0.0,0.0,0.0,1.5],"rotation":0,"texture":"#0","tintindex":0},"west":{"uv":[5.0,6.5,6.0,8.0],"rotation":0,"texture":"#0","tintindex":0},"up":{"uv":[0.0,1.0,0.0,0.0],"rotation":0,"texture":"#0","tintindex":0},"down":{"uv":[0.0,0.0,0.0,1.0],"rotation":0,"texture":"#0","tintindex":0}}}],"display":{"head":{"translation":[0.0,-6.4,0.0],"scale":[4.0,4.0,4.0]}}}