{"textures":{"0":"modelengine:entity/moth_atlas"},"elements":[{"from":[4.5714283,7.928571,7.714286],"to":[8.0,7.928571,10.571428],"rotation":{"angle":-22.5,"axis":"z","origin":[8.0,8.0,8.0]},"faces":{"east":{"uv":[0.0,0.0,2.5,0.0],"rotation":0,"texture":"#0","tintindex":0},"south":{"uv":[0.0,0.0,3.0,0.0],"rotation":0,"texture":"#0","tintindex":0},"north":{"uv":[0.0,0.0,3.0,0.0],"rotation":0,"texture":"#0","tintindex":0},"west":{"uv":[0.0,0.0,2.5,0.0],"rotation":0,"texture":"#0","tintindex":0},"up":{"uv":[7.0,2.5,4.0,0.0],"rotation":0,"texture":"#0","tintindex":0},"down":{"uv":[7.0,2.5,4.0,5.0],"rotation":0,"texture":"#0","tintindex":0}}},{"from":[3.4285712,8.071428,4.8571424],"to":[8.0,8.071428,8.857143],"rotation":{"angle":-45.0,"axis":"z","origin":[8.0,8.0,8.0]},"faces":{"east":{"uv":[0.0,0.0,3.5,0.0],"rotation":0,"texture":"#0","tintindex":0},"south":{"uv":[0.0,0.0,4.0,0.0],"rotation":0,"texture":"#0","tintindex":0},"north":{"uv":[0.0,0.0,4.0,0.0],"rotation":0,"texture":"#0","tintindex":0},"west":{"uv":[0.0,0.0,3.5,0.0],"rotation":0,"texture":"#0","tintindex":0},"up":{"uv":[4.0,3.5,0.0,0.0],"rotation":0,"texture":"#0","tintindex":0},"down":{"uv":[4.0,3.5,0.0,7.0],"rotation":0,"texture":"#0","tintindex":0}}}],"display":{"head":{"translation":[0.0,-6.4,0.0],"scale":[4.0,4.0,4.0]}}}