{"textures":{"1":"modelengine:entity/praying_mantis"},"elements":[{"from":[6.8477817,5.5841208,8.560393],"to":[6.8477817,6.612692,8.903251],"rotation":{"angle":-22.5,"axis":"z","origin":[8.0,8.0,8.0]},"faces":{"east":{"uv":[13.0,0.0,14.0,3.0],"rotation":0,"texture":"#1","tintindex":0},"south":{"uv":[0.0,0.0,0.0,3.0],"rotation":0,"texture":"#1","tintindex":0},"north":{"uv":[0.0,0.0,0.0,3.0],"rotation":0,"texture":"#1","tintindex":0},"west":{"uv":[1.0,13.0,2.0,16.0],"rotation":0,"texture":"#1","tintindex":0},"up":{"uv":[0.0,1.0,0.0,0.0],"rotation":0,"texture":"#1","tintindex":0},"down":{"uv":[0.0,0.0,0.0,1.0],"rotation":0,"texture":"#1","tintindex":0}}},{"from":[8.909697,7.5017433,7.874679],"to":[9.59541,7.5017433,8.217536],"rotation":{"angle":0.0,"axis":"y","origin":[8.0,8.0,8.0]},"faces":{"east":{"uv":[1.0,0.0,0.0,0.0],"rotation":0,"texture":"#1","tintindex":0},"south":{"uv":[2.0,0.0,0.0,0.0],"rotation":0,"texture":"#1","tintindex":0},"north":{"uv":[2.0,0.0,0.0,0.0],"rotation":0,"texture":"#1","tintindex":0},"west":{"uv":[1.0,0.0,0.0,0.0],"rotation":0,"texture":"#1","tintindex":0},"up":{"uv":[13.0,5.0,15.0,4.0],"rotation":0,"texture":"#1","tintindex":0},"down":{"uv":[13.0,5.0,15.0,6.0],"rotation":0,"texture":"#1","tintindex":0}}},{"from":[9.152218,5.5841208,8.560393],"to":[9.152218,6.612692,8.903251],"rotation":{"angle":22.5,"axis":"z","origin":[8.0,8.0,8.0]},"faces":{"east":{"uv":[2.0,13.0,1.0,16.0],"rotation":0,"texture":"#1","tintindex":0},"south":{"uv":[0.0,0.0,0.0,3.0],"rotation":0,"texture":"#1","tintindex":0},"north":{"uv":[0.0,0.0,0.0,3.0],"rotation":0,"texture":"#1","tintindex":0},"west":{"uv":[14.0,0.0,13.0,3.0],"rotation":0,"texture":"#1","tintindex":0},"up":{"uv":[0.0,1.0,0.0,0.0],"rotation":0,"texture":"#1","tintindex":0},"down":{"uv":[0.0,0.0,0.0,1.0],"rotation":0,"texture":"#1","tintindex":0}}},{"from":[8.342857,7.937721,7.531822],"to":[8.685715,9.309149,7.874679],"rotation":{"angle":0.0,"axis":"y","origin":[8.0,8.0,8.0]},"faces":{"east":{"uv":[13.0,6.0,12.0,10.0],"rotation":0,"texture":"#1","tintindex":0},"south":{"uv":[12.0,11.0,11.0,15.0],"rotation":0,"texture":"#1","tintindex":0},"north":{"uv":[10.0,11.0,9.0,15.0],"rotation":0,"texture":"#1","tintindex":0},"west":{"uv":[11.0,11.0,10.0,15.0],"rotation":0,"texture":"#1","tintindex":0},"up":{"uv":[2.0,14.0,3.0,13.0],"rotation":0,"texture":"#1","tintindex":0},"down":{"uv":[13.0,6.0,14.0,7.0],"rotation":0,"texture":"#1","tintindex":0}}},{"from":[7.3142858,7.937721,7.531822],"to":[7.6571426,9.309149,7.874679],"rotation":{"angle":0.0,"axis":"y","origin":[8.0,8.0,8.0]},"faces":{"east":{"uv":[10.0,11.0,11.0,15.0],"rotation":0,"texture":"#1","tintindex":0},"south":{"uv":[11.0,11.0,12.0,15.0],"rotation":0,"texture":"#1","tintindex":0},"north":{"uv":[9.0,11.0,10.0,15.0],"rotation":0,"texture":"#1","tintindex":0},"west":{"uv":[12.0,6.0,13.0,10.0],"rotation":0,"texture":"#1","tintindex":0},"up":{"uv":[3.0,14.0,2.0,13.0],"rotation":0,"texture":"#1","tintindex":0},"down":{"uv":[14.0,6.0,13.0,7.0],"rotation":0,"texture":"#1","tintindex":0}}},{"from":[7.3142858,8.287014,7.624911],"to":[7.6571426,10.0013,7.9677677],"rotation":{"angle":-45.0,"axis":"x","origin":[8.0,8.0,8.0]},"faces":{"east":{"uv":[4.0,11.0,5.0,16.0],"rotation":0,"texture":"#1","tintindex":0},"south":{"uv":[5.0,11.0,6.0,16.0],"rotation":0,"texture":"#1","tintindex":0},"north":{"uv":[3.0,11.0,4.0,16.0],"rotation":0,"texture":"#1","tintindex":0},"west":{"uv":[6.0,11.0,7.0,16.0],"rotation":0,"texture":"#1","tintindex":0},"up":{"uv":[14.0,8.0,13.0,7.0],"rotation":0,"texture":"#1","tintindex":0},"down":{"uv":[14.0,8.0,13.0,9.0],"rotation":0,"texture":"#1","tintindex":0}}},{"from":[6.4045897,7.1588864,8.560393],"to":[7.090304,7.1588864,8.903251],"rotation":{"angle":0.0,"axis":"y","origin":[8.0,8.0,8.0]},"faces":{"east":{"uv":[0.0,0.0,1.0,0.0],"rotation":0,"texture":"#1","tintindex":0},"south":{"uv":[0.0,0.0,2.0,0.0],"rotation":0,"texture":"#1","tintindex":0},"north":{"uv":[0.0,0.0,2.0,0.0],"rotation":0,"texture":"#1","tintindex":0},"west":{"uv":[0.0,0.0,1.0,0.0],"rotation":0,"texture":"#1","tintindex":0},"up":{"uv":[15.0,5.0,13.0,4.0],"rotation":0,"texture":"#1","tintindex":0},"down":{"uv":[15.0,5.0,13.0,6.0],"rotation":0,"texture":"#1","tintindex":0}}},{"from":[7.4857144,8.687475,9.466471],"to":[8.514286,8.687475,10.1521845],"rotation":{"angle":22.5,"axis":"x","origin":[8.0,8.0,8.0]},"faces":{"east":{"uv":[0.0,0.0,2.0,0.0],"rotation":0,"texture":"#1","tintindex":0},"south":{"uv":[0.0,0.0,3.0,0.0],"rotation":0,"texture":"#1","tintindex":0},"north":{"uv":[0.0,0.0,3.0,0.0],"rotation":0,"texture":"#1","tintindex":0},"west":{"uv":[0.0,0.0,2.0,0.0],"rotation":0,"texture":"#1","tintindex":0},"up":{"uv":[13.0,6.0,10.0,4.0],"rotation":0,"texture":"#1","tintindex":0},"down":{"uv":[3.0,11.0,0.0,13.0],"rotation":0,"texture":"#1","tintindex":0}}},{"from":[7.4857144,9.652006,7.017536],"to":[8.514286,10.337721,7.703251],"rotation":{"angle":0.0,"axis":"y","origin":[8.0,8.0,8.0]},"faces":{"east":{"uv":[11.0,0.0,13.0,2.0],"rotation":0,"texture":"#1","tintindex":0},"south":{"uv":[8.0,0.0,11.0,2.0],"rotation":0,"texture":"#1","tintindex":0},"north":{"uv":[6.0,7.0,9.0,9.0],"rotation":0,"texture":"#1","tintindex":0},"west":{"uv":[11.0,2.0,13.0,4.0],"rotation":0,"texture":"#1","tintindex":0},"up":{"uv":[11.0,4.0,8.0,2.0],"rotation":0,"texture":"#1","tintindex":0},"down":{"uv":[9.0,9.0,6.0,11.0],"rotation":0,"texture":"#1","tintindex":0}}},{"from":[7.350093,7.1918626,7.874679],"to":[7.350093,8.220434,8.217536],"rotation":{"angle":-22.5,"axis":"z","origin":[8.0,8.0,8.0]},"faces":{"east":{"uv":[12.0,10.0,13.0,13.0],"rotation":0,"texture":"#1","tintindex":0},"south":{"uv":[0.0,0.0,0.0,3.0],"rotation":0,"texture":"#1","tintindex":0},"north":{"uv":[0.0,0.0,0.0,3.0],"rotation":0,"texture":"#1","tintindex":0},"west":{"uv":[0.0,13.0,1.0,16.0],"rotation":0,"texture":"#1","tintindex":0},"up":{"uv":[0.0,1.0,0.0,0.0],"rotation":0,"texture":"#1","tintindex":0},"down":{"uv":[0.0,0.0,0.0,1.0],"rotation":0,"texture":"#1","tintindex":0}}},{"from":[7.4857144,8.0017605,7.7521844],"to":[8.514286,8.687475,9.466471],"rotation":{"angle":22.5,"axis":"x","origin":[8.0,8.0,8.0]},"faces":{"east":{"uv":[0.0,5.0,5.0,7.0],"rotation":0,"texture":"#1","tintindex":0},"south":{"uv":[9.0,9.0,12.0,11.0],"rotation":0,"texture":"#1","tintindex":0},"north":{"uv":[9.0,7.0,12.0,9.0],"rotation":0,"texture":"#1","tintindex":0},"west":{"uv":[5.0,5.0,10.0,7.0],"rotation":0,"texture":"#1","tintindex":0},"up":{"uv":[3.0,5.0,0.0,0.0],"rotation":0,"texture":"#1","tintindex":0},"down":{"uv":[6.0,0.0,3.0,5.0],"rotation":0,"texture":"#1","tintindex":0}}},{"from":[8.514286,8.629871,6.9391966],"to":[8.514286,10.0013,7.624911],"rotation":{"angle":-45.0,"axis":"x","origin":[8.0,8.0,8.0]},"faces":{"east":{"uv":[6.0,7.0,4.0,11.0],"rotation":0,"texture":"#1","tintindex":0},"south":{"uv":[0.0,0.0,0.0,4.0],"rotation":0,"texture":"#1","tintindex":0},"north":{"uv":[0.0,0.0,0.0,4.0],"rotation":0,"texture":"#1","tintindex":0},"west":{"uv":[4.0,7.0,2.0,11.0],"rotation":0,"texture":"#1","tintindex":0},"up":{"uv":[0.0,2.0,0.0,0.0],"rotation":0,"texture":"#1","tintindex":0},"down":{"uv":[0.0,0.0,0.0,2.0],"rotation":0,"texture":"#1","tintindex":0}}},{"from":[8.518702,6.875104,8.560393],"to":[8.518702,7.903675,8.903251],"rotation":{"angle":22.5,"axis":"z","origin":[8.0,8.0,8.0]},"faces":{"east":{"uv":[1.0,13.0,0.0,16.0],"rotation":0,"texture":"#1","tintindex":0},"south":{"uv":[0.0,0.0,0.0,3.0],"rotation":0,"texture":"#1","tintindex":0},"north":{"uv":[0.0,0.0,0.0,3.0],"rotation":0,"texture":"#1","tintindex":0},"west":{"uv":[13.0,10.0,12.0,13.0],"rotation":0,"texture":"#1","tintindex":0},"up":{"uv":[0.0,1.0,0.0,0.0],"rotation":0,"texture":"#1","tintindex":0},"down":{"uv":[0.0,0.0,0.0,1.0],"rotation":0,"texture":"#1","tintindex":0}}},{"from":[7.4857144,8.629871,6.9391966],"to":[7.4857144,10.0013,7.624911],"rotation":{"angle":-45.0,"axis":"x","origin":[8.0,8.0,8.0]},"faces":{"east":{"uv":[2.0,7.0,4.0,11.0],"rotation":0,"texture":"#1","tintindex":0},"south":{"uv":[0.0,0.0,0.0,4.0],"rotation":0,"texture":"#1","tintindex":0},"north":{"uv":[0.0,0.0,0.0,4.0],"rotation":0,"texture":"#1","tintindex":0},"west":{"uv":[4.0,7.0,6.0,11.0],"rotation":0,"texture":"#1","tintindex":0},"up":{"uv":[0.0,2.0,0.0,0.0],"rotation":0,"texture":"#1","tintindex":0},"down":{"uv":[0.0,0.0,0.0,2.0],"rotation":0,"texture":"#1","tintindex":0}}},{"from":[8.342857,8.287014,7.624911],"to":[8.685715,10.0013,7.9677677],"rotation":{"angle":-45.0,"axis":"x","origin":[8.0,8.0,8.0]},"faces":{"east":{"uv":[7.0,11.0,6.0,16.0],"rotation":0,"texture":"#1","tintindex":0},"south":{"uv":[6.0,11.0,5.0,16.0],"rotation":0,"texture":"#1","tintindex":0},"north":{"uv":[4.0,11.0,3.0,16.0],"rotation":0,"texture":"#1","tintindex":0},"west":{"uv":[5.0,11.0,4.0,16.0],"rotation":0,"texture":"#1","tintindex":0},"up":{"uv":[13.0,8.0,14.0,7.0],"rotation":0,"texture":"#1","tintindex":0},"down":{"uv":[13.0,8.0,14.0,9.0],"rotation":0,"texture":"#1","tintindex":0}}},{"from":[7.481299,6.875104,8.560393],"to":[7.481299,7.903675,8.903251],"rotation":{"angle":-22.5,"axis":"z","origin":[8.0,8.0,8.0]},"faces":{"east":{"uv":[12.0,10.0,13.0,13.0],"rotation":0,"texture":"#1","tintindex":0},"south":{"uv":[0.0,0.0,0.0,3.0],"rotation":0,"texture":"#1","tintindex":0},"north":{"uv":[0.0,0.0,0.0,3.0],"rotation":0,"texture":"#1","tintindex":0},"west":{"uv":[0.0,13.0,1.0,16.0],"rotation":0,"texture":"#1","tintindex":0},"up":{"uv":[0.0,1.0,0.0,0.0],"rotation":0,"texture":"#1","tintindex":0},"down":{"uv":[0.0,0.0,0.0,1.0],"rotation":0,"texture":"#1","tintindex":0}}},{"from":[6.4045897,7.5017433,7.874679],"to":[7.090304,7.5017433,8.217536],"rotation":{"angle":0.0,"axis":"y","origin":[8.0,8.0,8.0]},"faces":{"east":{"uv":[0.0,0.0,1.0,0.0],"rotation":0,"texture":"#1","tintindex":0},"south":{"uv":[0.0,0.0,2.0,0.0],"rotation":0,"texture":"#1","tintindex":0},"north":{"uv":[0.0,0.0,2.0,0.0],"rotation":0,"texture":"#1","tintindex":0},"west":{"uv":[0.0,0.0,1.0,0.0],"rotation":0,"texture":"#1","tintindex":0},"up":{"uv":[15.0,5.0,13.0,4.0],"rotation":0,"texture":"#1","tintindex":0},"down":{"uv":[15.0,5.0,13.0,6.0],"rotation":0,"texture":"#1","tintindex":0}}},{"from":[7.6571426,8.360088,8.06845],"to":[8.342857,9.731518,8.411306],"rotation":{"angle":-22.5,"axis":"x","origin":[8.0,8.0,8.0]},"faces":{"east":{"uv":[7.0,11.0,8.0,15.0],"rotation":0,"texture":"#1","tintindex":0},"south":{"uv":[0.0,7.0,2.0,11.0],"rotation":0,"texture":"#1","tintindex":0},"north":{"uv":[6.0,0.0,8.0,4.0],"rotation":0,"texture":"#1","tintindex":0},"west":{"uv":[8.0,11.0,9.0,15.0],"rotation":0,"texture":"#1","tintindex":0},"up":{"uv":[12.0,7.0,10.0,6.0],"rotation":0,"texture":"#1","tintindex":0},"down":{"uv":[15.0,3.0,13.0,4.0],"rotation":0,"texture":"#1","tintindex":0}}},{"from":[8.909697,7.1588864,8.560393],"to":[9.59541,7.1588864,8.903251],"rotation":{"angle":0.0,"axis":"y","origin":[8.0,8.0,8.0]},"faces":{"east":{"uv":[1.0,0.0,0.0,0.0],"rotation":0,"texture":"#1","tintindex":0},"south":{"uv":[2.0,0.0,0.0,0.0],"rotation":0,"texture":"#1","tintindex":0},"north":{"uv":[2.0,0.0,0.0,0.0],"rotation":0,"texture":"#1","tintindex":0},"west":{"uv":[1.0,0.0,0.0,0.0],"rotation":0,"texture":"#1","tintindex":0},"up":{"uv":[13.0,5.0,15.0,4.0],"rotation":0,"texture":"#1","tintindex":0},"down":{"uv":[13.0,5.0,15.0,6.0],"rotation":0,"texture":"#1","tintindex":0}}},{"from":[8.649907,7.1918626,7.874679],"to":[8.649907,8.220434,8.217536],"rotation":{"angle":22.5,"axis":"z","origin":[8.0,8.0,8.0]},"faces":{"east":{"uv":[1.0,13.0,0.0,16.0],"rotation":0,"texture":"#1","tintindex":0},"south":{"uv":[0.0,0.0,0.0,3.0],"rotation":0,"texture":"#1","tintindex":0},"north":{"uv":[0.0,0.0,0.0,3.0],"rotation":0,"texture":"#1","tintindex":0},"west":{"uv":[13.0,10.0,12.0,13.0],"rotation":0,"texture":"#1","tintindex":0},"up":{"uv":[0.0,1.0,0.0,0.0],"rotation":0,"texture":"#1","tintindex":0},"down":{"uv":[0.0,0.0,0.0,1.0],"rotation":0,"texture":"#1","tintindex":0}}},{"from":[7.6571426,9.86251,8.13058],"to":[8.342857,9.86251,8.473437],"rotation":{"angle":-45.0,"axis":"x","origin":[8.0,8.0,8.0]},"faces":{"east":{"uv":[0.0,0.0,1.0,0.0],"rotation":0,"texture":"#1","tintindex":0},"south":{"uv":[0.0,0.0,2.0,0.0],"rotation":0,"texture":"#1","tintindex":0},"north":{"uv":[0.0,0.0,2.0,0.0],"rotation":0,"texture":"#1","tintindex":0},"west":{"uv":[0.0,0.0,1.0,0.0],"rotation":0,"texture":"#1","tintindex":0},"up":{"uv":[8.0,5.0,6.0,4.0],"rotation":0,"texture":"#1","tintindex":0},"down":{"uv":[10.0,4.0,8.0,5.0],"rotation":0,"texture":"#1","tintindex":0}}},{"from":[9.283424,5.900879,7.874679],"to":[9.283424,6.9294505,8.217536],"rotation":{"angle":22.5,"axis":"z","origin":[8.0,8.0,8.0]},"faces":{"east":{"uv":[2.0,13.0,1.0,16.0],"rotation":0,"texture":"#1","tintindex":0},"south":{"uv":[0.0,0.0,0.0,3.0],"rotation":0,"texture":"#1","tintindex":0},"north":{"uv":[0.0,0.0,0.0,3.0],"rotation":0,"texture":"#1","tintindex":0},"west":{"uv":[14.0,0.0,13.0,3.0],"rotation":0,"texture":"#1","tintindex":0},"up":{"uv":[0.0,1.0,0.0,0.0],"rotation":0,"texture":"#1","tintindex":0},"down":{"uv":[0.0,0.0,0.0,1.0],"rotation":0,"texture":"#1","tintindex":0}}},{"from":[6.716576,5.900879,7.874679],"to":[6.716576,6.9294505,8.217536],"rotation":{"angle":-22.5,"axis":"z","origin":[8.0,8.0,8.0]},"faces":{"east":{"uv":[13.0,0.0,14.0,3.0],"rotation":0,"texture":"#1","tintindex":0},"south":{"uv":[0.0,0.0,0.0,3.0],"rotation":0,"texture":"#1","tintindex":0},"north":{"uv":[0.0,0.0,0.0,3.0],"rotation":0,"texture":"#1","tintindex":0},"west":{"uv":[1.0,13.0,2.0,16.0],"rotation":0,"texture":"#1","tintindex":0},"up":{"uv":[0.0,1.0,0.0,0.0],"rotation":0,"texture":"#1","tintindex":0},"down":{"uv":[0.0,0.0,0.0,1.0],"rotation":0,"texture":"#1","tintindex":0}}}],"display":{"head":{"translation":[0.0,-6.4,0.0],"scale":[4.0,4.0,4.0]}}}