{"textures":{"0":"modelengine:entity/rattler"},"elements":[{"from":[6.839757,7.5714283,6.5173316],"to":[8.868329,8.142858,7.945903],"rotation":{"angle":0.0,"axis":"y","origin":[7.854043,7.857143,7.231617]},"faces":{"east":{"uv":[8.0,7.0,9.5,7.5],"rotation":0,"texture":"#0","tintindex":0},"south":{"uv":[10.0,4.5,12.0,5.0],"rotation":0,"texture":"#0","tintindex":0},"north":{"uv":[6.0,1.5,8.0,2.0],"rotation":0,"texture":"#0","tintindex":0},"west":{"uv":[10.0,5.0,11.5,5.5],"rotation":0,"texture":"#0","tintindex":0},"up":{"uv":[8.0,1.5,6.0,0.0],"rotation":0,"texture":"#0","tintindex":0},"down":{"uv":[8.0,3.0,6.0,4.5],"rotation":0,"texture":"#0","tintindex":0}}},{"from":[7.135624,7.5714283,5.8030457],"to":[8.564196,8.142858,7.231617],"rotation":{"angle":45.0,"axis":"y","origin":[7.84991,7.857143,6.5173316]},"faces":{"east":{"uv":[7.0,10.0,8.5,10.5],"rotation":0,"texture":"#0","tintindex":0},"south":{"uv":[8.5,10.0,10.0,10.5],"rotation":0,"texture":"#0","tintindex":0},"north":{"uv":[10.0,5.5,11.5,6.0],"rotation":0,"texture":"#0","tintindex":0},"west":{"uv":[10.0,10.0,11.5,10.5],"rotation":0,"texture":"#0","tintindex":0},"up":{"uv":[8.5,6.0,7.0,4.5],"rotation":0,"texture":"#0","tintindex":0},"down":{"uv":[4.5,7.5,3.0,9.0],"rotation":0,"texture":"#0","tintindex":0}}}],"display":{"head":{"translation":[0.0,-6.4,0.0],"scale":[4.0,4.0,4.0]}}}