{"textures":{"0":"modelengine:entity/texture"},"elements":[{"from":[6.285714,14.285715,4.0],"to":[9.714286,19.428572,12.0],"rotation":{"angle":0.0,"axis":"y","origin":[8.0,-24.0,8.0]},"faces":{"east":{"uv":[10.0,6.5,11.75,7.625],"rotation":0,"texture":"#0","tintindex":0},"south":{"uv":[12.0,4.5,12.75,5.625],"rotation":0,"texture":"#0","tintindex":0},"north":{"uv":[10.0,11.75,10.75,12.875],"rotation":0,"texture":"#0","tintindex":0},"west":{"uv":[10.0,7.625,11.75,8.75],"rotation":0,"texture":"#0","tintindex":0},"up":{"uv":[4.75,12.5,4.0,10.75],"rotation":0,"texture":"#0","tintindex":0},"down":{"uv":[6.75,11.0,6.0,12.75],"rotation":0,"texture":"#0","tintindex":0}}},{"from":[3.4285712,12.571428,3.4285712],"to":[12.571428,16.0,12.571428],"rotation":{"angle":0.0,"axis":"y","origin":[8.0,-24.0,8.0]},"faces":{"east":{"uv":[2.0,10.75,4.0,11.5],"rotation":0,"texture":"#0","tintindex":0},"south":{"uv":[11.0,0.0,13.0,0.75],"rotation":0,"texture":"#0","tintindex":0},"north":{"uv":[0.0,10.75,2.0,11.5],"rotation":0,"texture":"#0","tintindex":0},"west":{"uv":[11.0,0.75,13.0,1.5],"rotation":0,"texture":"#0","tintindex":0},"up":{"uv":[8.0,6.0,6.0,4.0],"rotation":0,"texture":"#0","tintindex":0},"down":{"uv":[8.0,6.0,6.0,8.0],"rotation":0,"texture":"#0","tintindex":0}}},{"from":[5.142857,14.857143,4.5714283],"to":[10.857143,17.142857,11.428572],"rotation":{"angle":0.0,"axis":"y","origin":[8.0,-24.0,8.0]},"faces":{"east":{"uv":[12.0,5.625,13.5,6.125],"rotation":0,"texture":"#0","tintindex":0},"south":{"uv":[12.25,10.5,13.5,11.0],"rotation":0,"texture":"#0","tintindex":0},"north":{"uv":[12.25,10.0,13.5,10.5],"rotation":0,"texture":"#0","tintindex":0},"west":{"uv":[7.75,12.0,9.25,12.5],"rotation":0,"texture":"#0","tintindex":0},"up":{"uv":[11.25,10.25,10.0,8.75],"rotation":0,"texture":"#0","tintindex":0},"down":{"uv":[11.25,10.25,10.0,11.75],"rotation":0,"texture":"#0","tintindex":0}}},{"from":[3.4285712,3.4285712,3.4285712],"to":[12.571428,12.571428,12.571428],"rotation":{"angle":0.0,"axis":"y","origin":[8.0,-24.0,8.0]},"faces":{"east":{"uv":[0.0,4.5,2.0,6.5],"rotation":0,"texture":"#0","tintindex":0},"south":{"uv":[2.0,4.5,4.0,6.5],"rotation":0,"texture":"#0","tintindex":0},"north":{"uv":[4.0,0.0,6.0,2.0],"rotation":0,"texture":"#0","tintindex":0},"west":{"uv":[4.0,4.5,6.0,6.5],"rotation":0,"texture":"#0","tintindex":0},"up":{"uv":[7.5,4.0,5.5,2.0],"rotation":0,"texture":"#0","tintindex":0},"down":{"uv":[8.0,0.0,6.0,2.0],"rotation":0,"texture":"#0","tintindex":0}}},{"from":[7.428571,12.571428,2.8571424],"to":[8.571428,13.714286,3.4285712],"rotation":{"angle":0.0,"axis":"y","origin":[8.0,-24.0,8.0]},"faces":{"east":{"uv":[8.75,12.5,8.875,12.75],"rotation":0,"texture":"#0","tintindex":0},"south":{"uv":[8.5,12.5,8.75,12.75],"rotation":0,"texture":"#0","tintindex":0},"north":{"uv":[8.25,12.5,8.5,12.75],"rotation":0,"texture":"#0","tintindex":0},"west":{"uv":[8.875,12.5,9.0,12.75],"rotation":0,"texture":"#0","tintindex":0},"up":{"uv":[12.75,6.5,12.5,6.375],"rotation":0,"texture":"#0","tintindex":0},"down":{"uv":[9.25,12.5,9.0,12.625],"rotation":0,"texture":"#0","tintindex":0}}}],"display":{"head":{"translation":[0.0,-6.4,0.0],"scale":[4.0,4.0,4.0]}}}