{"textures":{"0":"modelengine:entity/nocsy_pet_reaper","1":"modelengine:entity/nocsy_pet_reaper_eye","3":"modelengine:entity/nocsy_pet_reaper_bonnet"},"elements":[{"from":[6.0,6.885714,6.787755],"to":[10.0,10.314286,10.787755],"rotation":{"angle":0.0,"axis":"y","origin":[8.285714,-1.6857147,6.787755]},"faces":{"east":{"uv":[6.0,4.75,7.75,6.25],"rotation":0,"texture":"#0","tintindex":0},"south":{"uv":[2.0,6.25,3.75,7.75],"rotation":0,"texture":"#0","tintindex":0},"north":{"uv":[3.75,6.0,5.5,7.5],"rotation":0,"texture":"#0","tintindex":0},"west":{"uv":[5.5,6.25,7.25,7.75],"rotation":0,"texture":"#0","tintindex":0},"up":{"uv":[3.75,6.25,2.0,4.5],"rotation":0,"texture":"#0","tintindex":0},"down":{"uv":[7.75,0.0,6.0,1.75],"rotation":0,"texture":"#0","tintindex":0}}},{"from":[5.8285713,6.6571426,6.7734694],"to":[8.114285,10.085714,6.7734694],"rotation":{"angle":0.0,"axis":"y","origin":[7.714286,-1.6857147,6.787755]},"faces":{"east":{"uv":[0.0,0.0,0.0,6.0],"rotation":0,"texture":"#1","tintindex":0},"south":{"uv":[0.0,0.0,4.0,6.0],"rotation":0,"texture":"#1","tintindex":0},"north":{"uv":[4.0,0.0,0.0,6.0],"rotation":0,"texture":"#1","tintindex":0},"west":{"uv":[0.0,0.0,0.0,6.0],"rotation":0,"texture":"#1","tintindex":0},"up":{"uv":[0.0,0.0,4.0,0.0],"rotation":0,"texture":"#1","tintindex":0},"down":{"uv":[0.0,0.0,4.0,0.0],"rotation":0,"texture":"#1","tintindex":0}}},{"from":[5.714286,5.742857,10.9163265],"to":[10.285714,10.314286,10.9163265],"rotation":{"angle":0.0,"axis":"y","origin":[8.571428,-1.6857147,10.9020405]},"faces":{"east":{"uv":[0.0,0.0,0.0,2.0],"rotation":0,"texture":"#0","tintindex":0},"south":{"uv":[6.0,4.0,4.0,6.0],"rotation":0,"texture":"#0","tintindex":0},"north":{"uv":[4.0,4.0,6.0,6.0],"rotation":0,"texture":"#0","tintindex":0},"west":{"uv":[0.0,0.0,0.0,2.0],"rotation":0,"texture":"#0","tintindex":0},"up":{"uv":[2.0,0.0,0.0,0.0],"rotation":0,"texture":"#0","tintindex":0},"down":{"uv":[2.0,0.0,0.0,0.0],"rotation":0,"texture":"#0","tintindex":0}}},{"from":[6.9142857,6.142857,6.787755],"to":[9.085714,6.885714,7.7020407],"rotation":{"angle":0.0,"axis":"y","origin":[9.085714,-1.6857147,6.787755]},"faces":{"east":{"uv":[6.5,10.5,7.0,11.0],"rotation":0,"texture":"#0","tintindex":0},"south":{"uv":[9.25,8.25,10.5,8.75],"rotation":0,"texture":"#0","tintindex":0},"north":{"uv":[8.0,4.25,9.25,4.75],"rotation":0,"texture":"#0","tintindex":0},"west":{"uv":[7.0,10.5,7.5,11.0],"rotation":0,"texture":"#0","tintindex":0},"up":{"uv":[11.0,1.25,9.75,0.75],"rotation":0,"texture":"#0","tintindex":0},"down":{"uv":[11.0,5.0,9.75,5.5],"rotation":0,"texture":"#0","tintindex":0}}},{"from":[6.0,10.094017,7.2224026],"to":[10.0,11.236875,7.508117],"rotation":{"angle":-45.0,"axis":"x","origin":[8.0,10.379732,8.079546]},"faces":{"east":{"uv":[7.0,7.5,8.5,8.5],"rotation":0,"texture":"#3","tintindex":0},"south":{"uv":[0.0,6.5,3.5,7.5],"rotation":0,"texture":"#3","tintindex":0},"north":{"uv":[4.0,5.5,7.5,6.5],"rotation":0,"texture":"#3","tintindex":0},"west":{"uv":[0.0,8.5,1.5,9.5],"rotation":0,"texture":"#3","tintindex":0},"up":{"uv":[3.5,10.75,0.0,10.5],"rotation":0,"texture":"#3","tintindex":0},"down":{"uv":[7.0,1.5,3.5,3.0],"rotation":0,"texture":"#3","tintindex":0}}},{"from":[6.0057144,9.603116,8.72672],"to":[9.994286,10.734545,11.001005],"rotation":{"angle":22.5,"axis":"x","origin":[8.285714,11.154545,9.935291]},"faces":{"east":{"uv":[5.0,7.5,7.0,8.5],"rotation":0,"texture":"#3","tintindex":0},"south":{"uv":[7.0,0.0,10.5,1.0],"rotation":0,"texture":"#3","tintindex":0},"north":{"uv":[3.5,6.5,7.0,7.5],"rotation":0,"texture":"#3","tintindex":0},"west":{"uv":[7.5,5.0,9.5,6.0],"rotation":0,"texture":"#3","tintindex":0},"up":{"uv":[3.5,2.0,0.0,0.0],"rotation":0,"texture":"#3","tintindex":0},"down":{"uv":[3.5,2.0,0.0,4.0],"rotation":0,"texture":"#3","tintindex":0}}},{"from":[5.7,5.685714,6.644898],"to":[5.7,10.814286,10.930613],"rotation":{"angle":0.0,"axis":"y","origin":[5.885714,-1.6857147,8.216327]},"faces":{"east":{"uv":[0.0,0.0,2.0,2.25],"rotation":0,"texture":"#0","tintindex":0},"south":{"uv":[0.0,0.0,0.0,2.25],"rotation":0,"texture":"#0","tintindex":0},"north":{"uv":[0.0,0.0,0.0,2.25],"rotation":0,"texture":"#0","tintindex":0},"west":{"uv":[2.0,0.0,0.0,2.25],"rotation":0,"texture":"#0","tintindex":0},"up":{"uv":[0.0,2.0,0.0,0.0],"rotation":0,"texture":"#0","tintindex":0},"down":{"uv":[0.0,0.0,0.0,2.0],"rotation":0,"texture":"#0","tintindex":0}}},{"from":[10.3,5.685714,6.644898],"to":[10.3,10.828571,10.930613],"rotation":{"angle":0.0,"axis":"y","origin":[10.114286,-1.6857147,8.216327]},"faces":{"east":{"uv":[0.0,0.0,2.0,2.25],"rotation":0,"texture":"#0","tintindex":0},"south":{"uv":[0.0,0.0,0.0,2.25],"rotation":0,"texture":"#0","tintindex":0},"north":{"uv":[0.0,0.0,0.0,2.25],"rotation":0,"texture":"#0","tintindex":0},"west":{"uv":[2.0,0.0,0.0,2.25],"rotation":0,"texture":"#0","tintindex":0},"up":{"uv":[0.0,2.0,0.0,0.0],"rotation":0,"texture":"#0","tintindex":0},"down":{"uv":[0.0,0.0,0.0,2.0],"rotation":0,"texture":"#0","tintindex":0}}},{"from":[5.707143,9.3,6.887755],"to":[10.292857,10.442858,7.3163266],"rotation":{"angle":-22.5,"axis":"x","origin":[8.578571,9.857143,7.1163263]},"faces":{"east":{"uv":[3.0,9.5,3.5,10.5],"rotation":0,"texture":"#3","tintindex":0},"south":{"uv":[0.0,5.5,4.0,6.5],"rotation":0,"texture":"#3","tintindex":0},"north":{"uv":[3.5,4.5,7.5,5.5],"rotation":0,"texture":"#3","tintindex":0},"west":{"uv":[9.5,3.0,10.0,4.0],"rotation":0,"texture":"#3","tintindex":0},"up":{"uv":[11.0,4.5,7.0,4.0],"rotation":0,"texture":"#3","tintindex":0},"down":{"uv":[11.5,4.5,7.5,5.0],"rotation":0,"texture":"#3","tintindex":0}}},{"from":[7.142857,7.2476387,11.171513],"to":[8.857143,8.390496,12.085798],"rotation":{"angle":0.0,"axis":"y","origin":[6.857143,9.361924,12.41437]},"faces":{"east":{"uv":[1.0,9.5,1.75,10.5],"rotation":0,"texture":"#3","tintindex":0},"south":{"uv":[6.0,8.5,7.5,9.5],"rotation":0,"texture":"#3","tintindex":0},"north":{"uv":[4.5,8.5,6.0,9.5],"rotation":0,"texture":"#3","tintindex":0},"west":{"uv":[2.0,9.5,2.75,10.5],"rotation":0,"texture":"#3","tintindex":0},"up":{"uv":[9.0,9.25,7.5,8.5],"rotation":0,"texture":"#3","tintindex":0},"down":{"uv":[10.0,7.5,8.5,8.25],"rotation":0,"texture":"#3","tintindex":0}}},{"from":[5.714286,10.328571,10.459184],"to":[10.285714,10.328571,11.030612],"rotation":{"angle":22.5,"axis":"x","origin":[8.0,10.6,10.9163265]},"faces":{"east":{"uv":[0.0,0.0,0.25,0.0],"rotation":0,"texture":"#0","tintindex":0},"south":{"uv":[0.0,0.0,2.0,0.0],"rotation":0,"texture":"#0","tintindex":0},"north":{"uv":[0.0,0.0,2.0,0.0],"rotation":0,"texture":"#0","tintindex":0},"west":{"uv":[0.0,0.0,0.25,0.0],"rotation":0,"texture":"#0","tintindex":0},"up":{"uv":[10.25,10.0,8.25,9.75],"rotation":0,"texture":"#0","tintindex":0},"down":{"uv":[8.25,9.75,10.25,10.0],"rotation":0,"texture":"#0","tintindex":0}}},{"from":[5.714286,5.742857,6.6591835],"to":[10.285714,10.314286,6.6591835],"rotation":{"angle":0.0,"axis":"y","origin":[8.571428,-1.6857147,6.6734695]},"faces":{"east":{"uv":[0.0,0.0,0.0,2.0],"rotation":0,"texture":"#0","tintindex":0},"south":{"uv":[6.0,0.0,4.0,2.0],"rotation":0,"texture":"#0","tintindex":0},"north":{"uv":[4.0,0.0,6.0,2.0],"rotation":0,"texture":"#0","tintindex":0},"west":{"uv":[0.0,0.0,0.0,2.0],"rotation":0,"texture":"#0","tintindex":0},"up":{"uv":[2.0,0.0,0.0,0.0],"rotation":0,"texture":"#0","tintindex":0},"down":{"uv":[2.0,0.0,0.0,0.0],"rotation":0,"texture":"#0","tintindex":0}}},{"from":[6.5714283,8.57621,10.6572275],"to":[9.428572,9.719068,11.800084],"rotation":{"angle":-22.5,"axis":"x","origin":[8.0,9.433353,12.41437]},"faces":{"east":{"uv":[9.0,8.5,10.0,9.5],"rotation":0,"texture":"#3","tintindex":0},"south":{"uv":[7.0,6.5,9.5,7.5],"rotation":0,"texture":"#3","tintindex":0},"north":{"uv":[7.0,3.0,9.5,4.0],"rotation":0,"texture":"#3","tintindex":0},"west":{"uv":[0.0,9.5,1.0,10.5],"rotation":0,"texture":"#3","tintindex":0},"up":{"uv":[2.5,8.5,0.0,7.5],"rotation":0,"texture":"#3","tintindex":0},"down":{"uv":[5.0,7.5,2.5,8.5],"rotation":0,"texture":"#3","tintindex":0}}},{"from":[5.714286,5.742857,6.9020405],"to":[10.285714,10.314286,10.844898],"rotation":{"angle":0.0,"axis":"y","origin":[8.0,-1.6857147,6.787755]},"faces":{"east":{"uv":[0.0,11.0,0.25,11.25],"rotation":0,"texture":"#0","tintindex":0},"south":{"uv":[0.0,11.0,0.25,11.25],"rotation":0,"texture":"#0","tintindex":0},"north":{"uv":[0.0,11.0,0.25,11.25],"rotation":0,"texture":"#0","tintindex":0},"west":{"uv":[0.0,11.0,0.25,11.25],"rotation":0,"texture":"#0","tintindex":0},"up":{"uv":[0.25,11.25,0.0,11.0],"rotation":0,"texture":"#0","tintindex":0},"down":{"uv":[0.25,11.0,0.0,11.25],"rotation":0,"texture":"#0","tintindex":0}}},{"from":[7.885714,6.6571426,6.7734694],"to":[10.171429,10.085714,6.7734694],"rotation":{"angle":0.0,"axis":"y","origin":[8.285714,-1.6857147,6.787755]},"faces":{"east":{"uv":[0.0,0.0,0.0,6.0],"rotation":0,"texture":"#1","tintindex":0},"south":{"uv":[4.0,0.0,0.0,6.0],"rotation":0,"texture":"#1","tintindex":0},"north":{"uv":[0.0,0.0,4.0,6.0],"rotation":0,"texture":"#1","tintindex":0},"west":{"uv":[0.0,0.0,0.0,6.0],"rotation":0,"texture":"#1","tintindex":0},"up":{"uv":[4.0,0.0,0.0,0.0],"rotation":0,"texture":"#1","tintindex":0},"down":{"uv":[4.0,0.0,0.0,0.0],"rotation":0,"texture":"#1","tintindex":0}}},{"from":[6.0,9.833353,10.542942],"to":[10.0,10.976211,12.257227],"rotation":{"angle":-45.0,"axis":"x","origin":[8.0,9.033353,12.41437]},"faces":{"east":{"uv":[1.5,8.5,3.0,9.5],"rotation":0,"texture":"#3","tintindex":0},"south":{"uv":[7.0,2.0,10.5,3.0],"rotation":0,"texture":"#3","tintindex":0},"north":{"uv":[7.0,1.0,10.5,2.0],"rotation":0,"texture":"#3","tintindex":0},"west":{"uv":[3.0,8.5,4.5,9.5],"rotation":0,"texture":"#3","tintindex":0},"up":{"uv":[7.0,4.5,3.5,3.0],"rotation":0,"texture":"#3","tintindex":0},"down":{"uv":[3.5,4.0,0.0,5.5],"rotation":0,"texture":"#3","tintindex":0}}},{"from":[5.7,2.8285713,6.6306124],"to":[5.7,5.685714,10.930613],"rotation":{"angle":0.0,"axis":"y","origin":[5.7,5.685714,8.780612]},"faces":{"east":{"uv":[0.0,6.5,2.0,7.75],"rotation":0,"texture":"#0","tintindex":0},"south":{"uv":[0.0,0.0,0.0,1.25],"rotation":0,"texture":"#0","tintindex":0},"north":{"uv":[0.0,0.0,0.0,1.25],"rotation":0,"texture":"#0","tintindex":0},"west":{"uv":[2.0,6.5,0.0,7.75],"rotation":0,"texture":"#0","tintindex":0},"up":{"uv":[0.0,2.0,0.0,0.0],"rotation":0,"texture":"#0","tintindex":0},"down":{"uv":[0.0,0.0,0.0,2.0],"rotation":0,"texture":"#0","tintindex":0}}},{"from":[5.714286,2.8999996,6.6591835],"to":[10.285714,5.757143,6.6591835],"rotation":{"angle":0.0,"axis":"y","origin":[8.0,5.742857,6.6591835]},"faces":{"east":{"uv":[0.0,0.0,0.0,1.25],"rotation":0,"texture":"#0","tintindex":0},"south":{"uv":[7.75,4.75,9.75,6.0],"rotation":0,"texture":"#0","tintindex":0},"north":{"uv":[9.75,4.75,7.75,6.0],"rotation":0,"texture":"#0","tintindex":0},"west":{"uv":[0.0,0.0,0.0,1.25],"rotation":0,"texture":"#0","tintindex":0},"up":{"uv":[2.0,0.0,0.0,0.0],"rotation":0,"texture":"#0","tintindex":0},"down":{"uv":[2.0,0.0,0.0,0.0],"rotation":0,"texture":"#0","tintindex":0}}},{"from":[10.3,2.8285713,6.6306124],"to":[10.3,5.685714,10.930613],"rotation":{"angle":0.0,"axis":"y","origin":[10.3,5.685714,8.780612]},"faces":{"east":{"uv":[0.0,6.5,2.0,7.75],"rotation":0,"texture":"#0","tintindex":0},"south":{"uv":[0.0,0.0,0.0,1.25],"rotation":0,"texture":"#0","tintindex":0},"north":{"uv":[0.0,0.0,0.0,1.25],"rotation":0,"texture":"#0","tintindex":0},"west":{"uv":[2.0,6.5,0.0,7.75],"rotation":0,"texture":"#0","tintindex":0},"up":{"uv":[0.0,2.0,0.0,0.0],"rotation":0,"texture":"#0","tintindex":0},"down":{"uv":[0.0,0.0,0.0,2.0],"rotation":0,"texture":"#0","tintindex":0}}},{"from":[5.714286,9.971429,6.8448977],"to":[10.285714,10.3714285,10.730613],"rotation":{"angle":0.0,"axis":"y","origin":[8.0,-1.6857147,6.787755]},"faces":{"east":{"uv":[0.0,11.0,0.25,11.25],"rotation":0,"texture":"#0","tintindex":0},"south":{"uv":[0.0,11.0,0.25,11.25],"rotation":0,"texture":"#0","tintindex":0},"north":{"uv":[0.0,11.0,0.25,11.25],"rotation":0,"texture":"#0","tintindex":0},"west":{"uv":[0.0,11.0,0.25,11.25],"rotation":0,"texture":"#0","tintindex":0},"up":{"uv":[0.25,11.25,0.0,11.0],"rotation":0,"texture":"#0","tintindex":0},"down":{"uv":[0.25,11.0,0.0,11.25],"rotation":0,"texture":"#0","tintindex":0}}},{"from":[5.714286,2.8999996,10.9163265],"to":[10.285714,5.757143,10.9163265],"rotation":{"angle":0.0,"axis":"y","origin":[8.0,5.742857,10.9163265]},"faces":{"east":{"uv":[0.0,0.0,0.0,1.25],"rotation":0,"texture":"#0","tintindex":0},"south":{"uv":[9.75,0.0,7.75,1.25],"rotation":0,"texture":"#0","tintindex":0},"north":{"uv":[7.75,0.0,9.75,1.25],"rotation":0,"texture":"#0","tintindex":0},"west":{"uv":[0.0,0.0,0.0,1.25],"rotation":0,"texture":"#0","tintindex":0},"up":{"uv":[2.0,0.0,0.0,0.0],"rotation":0,"texture":"#0","tintindex":0},"down":{"uv":[2.0,0.0,0.0,0.0],"rotation":0,"texture":"#0","tintindex":0}}},{"from":[5.714286,10.328571,6.544898],"to":[10.285714,10.328571,7.1306124],"rotation":{"angle":-22.5,"axis":"x","origin":[8.0,10.6,6.6591835]},"faces":{"east":{"uv":[0.0,0.0,0.25,0.0],"rotation":0,"texture":"#0","tintindex":0},"south":{"uv":[0.0,0.0,2.0,0.0],"rotation":0,"texture":"#0","tintindex":0},"north":{"uv":[0.0,0.0,2.0,0.0],"rotation":0,"texture":"#0","tintindex":0},"west":{"uv":[0.0,0.0,0.25,0.0],"rotation":0,"texture":"#0","tintindex":0},"up":{"uv":[9.75,6.0,11.75,5.75],"rotation":0,"texture":"#0","tintindex":0},"down":{"uv":[11.75,5.75,9.75,6.0],"rotation":0,"texture":"#0","tintindex":0}}},{"from":[6.0,10.44102,7.431857],"to":[10.0,11.583878,9.146143],"rotation":{"angle":-22.5,"axis":"x","origin":[7.714286,10.169592,9.774714]},"faces":{"east":{"uv":[7.0,7.5,8.5,8.5],"rotation":0,"texture":"#3","tintindex":0},"south":{"uv":[0.0,6.5,3.5,7.5],"rotation":0,"texture":"#3","tintindex":0},"north":{"uv":[4.0,5.5,7.5,6.5],"rotation":0,"texture":"#3","tintindex":0},"west":{"uv":[0.0,8.5,1.5,9.5],"rotation":0,"texture":"#3","tintindex":0},"up":{"uv":[7.0,1.5,3.5,0.0],"rotation":0,"texture":"#3","tintindex":0},"down":{"uv":[7.0,1.5,3.5,3.0],"rotation":0,"texture":"#3","tintindex":0}}},{"from":[5.714286,5.742857,6.787755],"to":[10.285714,6.142857,10.730613],"rotation":{"angle":0.0,"axis":"y","origin":[8.0,-1.6857147,6.787755]},"faces":{"east":{"uv":[0.0,11.0,0.25,11.25],"rotation":0,"texture":"#0","tintindex":0},"south":{"uv":[0.0,11.0,0.25,11.25],"rotation":0,"texture":"#0","tintindex":0},"north":{"uv":[0.0,11.0,0.25,11.25],"rotation":0,"texture":"#0","tintindex":0},"west":{"uv":[0.0,11.0,0.25,11.25],"rotation":0,"texture":"#0","tintindex":0},"up":{"uv":[0.25,11.125,0.0,11.0],"rotation":0,"texture":"#0","tintindex":0},"down":{"uv":[0.25,11.0,0.0,11.25],"rotation":0,"texture":"#0","tintindex":0}}},{"from":[5.714286,10.519226,7.1922226],"to":[10.285714,10.519226,10.392222],"rotation":{"angle":0.0,"axis":"y","origin":[8.0,10.6335125,7.563651]},"faces":{"east":{"uv":[0.0,0.0,1.375,0.0],"rotation":0,"texture":"#0","tintindex":0},"south":{"uv":[0.0,0.0,2.0,0.0],"rotation":0,"texture":"#0","tintindex":0},"north":{"uv":[0.0,0.0,2.0,0.0],"rotation":0,"texture":"#0","tintindex":0},"west":{"uv":[0.0,0.0,1.375,0.0],"rotation":0,"texture":"#0","tintindex":0},"up":{"uv":[8.0,3.125,6.0,1.75],"rotation":0,"texture":"#0","tintindex":0},"down":{"uv":[6.0,1.75,8.0,3.125],"rotation":0,"texture":"#0","tintindex":0}}}],"display":{"head":{"translation":[0.0,-6.4,0.0],"scale":[4.0,4.0,4.0]}}}