{"textures":{"0":"modelengine:entity/nocsy_pet_reaper"},"elements":[{"from":[5.681842,9.1425705,7.6],"to":[9.110414,9.1425705,9.314285],"rotation":{"angle":0.0,"axis":"y","origin":[7.8104134,-1.4288597,7.6]},"faces":{"east":{"uv":[0.75,0.0,0.0,0.0],"rotation":0,"texture":"#0","tintindex":0},"south":{"uv":[1.5,0.0,0.0,0.0],"rotation":0,"texture":"#0","tintindex":0},"north":{"uv":[1.5,0.0,0.0,0.0],"rotation":0,"texture":"#0","tintindex":0},"west":{"uv":[0.75,0.0,0.0,0.0],"rotation":0,"texture":"#0","tintindex":0},"up":{"uv":[4.25,9.75,5.75,9.0],"rotation":0,"texture":"#0","tintindex":0},"down":{"uv":[4.25,9.0,5.75,9.75],"rotation":0,"texture":"#0","tintindex":0}}},{"from":[5.453271,7.6568556,7.4857144],"to":[7.1675563,8.799713,8.6285715],"rotation":{"angle":-22.5,"axis":"y","origin":[5.3961277,8.228284,8.457143]},"faces":{"east":{"uv":[1.25,10.0,0.75,10.5],"rotation":0,"texture":"#0","tintindex":0},"south":{"uv":[0.75,10.0,0.0,10.5],"rotation":0,"texture":"#0","tintindex":0},"north":{"uv":[10.5,9.0,9.75,9.5],"rotation":0,"texture":"#0","tintindex":0},"west":{"uv":[9.75,4.25,9.25,4.75],"rotation":0,"texture":"#0","tintindex":0},"up":{"uv":[8.25,10.5,9.0,10.0],"rotation":0,"texture":"#0","tintindex":0},"down":{"uv":[9.0,10.0,9.75,10.5],"rotation":0,"texture":"#0","tintindex":0}}},{"from":[5.681842,7.428284,7.6],"to":[9.110414,7.428284,9.314285],"rotation":{"angle":0.0,"axis":"y","origin":[7.8104134,-1.4288597,7.6]},"faces":{"east":{"uv":[0.75,0.0,0.0,0.0],"rotation":0,"texture":"#0","tintindex":0},"south":{"uv":[1.5,0.0,0.0,0.0],"rotation":0,"texture":"#0","tintindex":0},"north":{"uv":[1.5,0.0,0.0,0.0],"rotation":0,"texture":"#0","tintindex":0},"west":{"uv":[0.75,0.0,0.0,0.0],"rotation":0,"texture":"#0","tintindex":0},"up":{"uv":[1.25,9.75,2.75,9.0],"rotation":0,"texture":"#0","tintindex":0},"down":{"uv":[1.25,9.0,2.75,9.75],"rotation":0,"texture":"#0","tintindex":0}}},{"from":[6.881842,7.485427,7.6571426],"to":[9.05327,9.085427,9.257143],"rotation":{"angle":0.0,"axis":"y","origin":[7.8104134,-1.4288597,7.6]},"faces":{"east":{"uv":[6.75,9.75,6.0,10.5],"rotation":0,"texture":"#0","tintindex":0},"south":{"uv":[10.25,7.5,9.25,8.25],"rotation":0,"texture":"#0","tintindex":0},"north":{"uv":[10.25,6.75,9.25,7.5],"rotation":0,"texture":"#0","tintindex":0},"west":{"uv":[6.0,9.75,5.25,10.5],"rotation":0,"texture":"#0","tintindex":0},"up":{"uv":[9.75,0.75,10.75,0.0],"rotation":0,"texture":"#0","tintindex":0},"down":{"uv":[1.25,9.75,2.25,10.5],"rotation":0,"texture":"#0","tintindex":0}}},{"from":[4.431846,7.54257,6.986392],"to":[5.8032746,8.913999,8.3578205],"rotation":{"angle":-22.5,"axis":"y","origin":[4.546132,8.228284,7.6721063]},"faces":{"east":{"uv":[1.5,10.5,1.0,11.0],"rotation":0,"texture":"#0","tintindex":0},"south":{"uv":[1.0,10.5,0.5,11.0],"rotation":0,"texture":"#0","tintindex":0},"north":{"uv":[10.75,9.5,10.25,10.0],"rotation":0,"texture":"#0","tintindex":0},"west":{"uv":[0.5,10.5,0.0,11.0],"rotation":0,"texture":"#0","tintindex":0},"up":{"uv":[1.5,11.0,2.0,10.5],"rotation":0,"texture":"#0","tintindex":0},"down":{"uv":[2.0,10.5,2.5,11.0],"rotation":0,"texture":"#0","tintindex":0}}},{"from":[6.2532706,6.8568554,7.6],"to":[9.110414,9.1425705,7.6],"rotation":{"angle":0.0,"axis":"y","origin":[7.8104134,-1.4288597,7.6]},"faces":{"east":{"uv":[0.0,0.0,0.0,1.0],"rotation":0,"texture":"#0","tintindex":0},"south":{"uv":[9.25,1.25,8.0,2.25],"rotation":0,"texture":"#0","tintindex":0},"north":{"uv":[8.0,1.25,9.25,2.25],"rotation":0,"texture":"#0","tintindex":0},"west":{"uv":[0.0,0.0,0.0,1.0],"rotation":0,"texture":"#0","tintindex":0},"up":{"uv":[0.0,0.0,1.25,0.0],"rotation":0,"texture":"#0","tintindex":0},"down":{"uv":[0.0,0.0,1.25,0.0],"rotation":0,"texture":"#0","tintindex":0}}},{"from":[6.2532706,6.8568554,9.314285],"to":[9.110414,9.1425705,9.314285],"rotation":{"angle":0.0,"axis":"y","origin":[7.8104134,-1.4288597,7.6]},"faces":{"east":{"uv":[0.0,0.0,0.0,1.0],"rotation":0,"texture":"#0","tintindex":0},"south":{"uv":[8.0,2.25,9.25,3.25],"rotation":0,"texture":"#0","tintindex":0},"north":{"uv":[9.25,2.25,8.0,3.25],"rotation":0,"texture":"#0","tintindex":0},"west":{"uv":[0.0,0.0,0.0,1.0],"rotation":0,"texture":"#0","tintindex":0},"up":{"uv":[0.0,0.0,1.25,0.0],"rotation":0,"texture":"#0","tintindex":0},"down":{"uv":[0.0,0.0,1.25,0.0],"rotation":0,"texture":"#0","tintindex":0}}}],"display":{"head":{"translation":[0.0,-6.4,0.0],"scale":[4.0,4.0,4.0]}}}