{"textures":{"0":"modelengine:entity/nocsy_pet_reaper","2":"modelengine:entity/nocsy_pet_reaper_scythe"},"elements":[{"from":[11.604221,9.235429,7.0631304],"to":[19.032793,17.23543,7.0631304],"rotation":{"angle":22.5,"axis":"y","origin":[11.832792,7.7497144,7.0059876]},"faces":{"east":{"uv":[0.0,0.0,0.0,7.0],"rotation":0,"texture":"#2","tintindex":0},"south":{"uv":[6.5,0.0,0.0,7.0],"rotation":0,"texture":"#2","tintindex":0},"north":{"uv":[0.0,0.0,6.5,7.0],"rotation":0,"texture":"#2","tintindex":0},"west":{"uv":[0.0,0.0,0.0,7.0],"rotation":0,"texture":"#2","tintindex":0},"up":{"uv":[6.5,0.0,0.0,0.0],"rotation":0,"texture":"#2","tintindex":0},"down":{"uv":[6.5,0.0,0.0,0.0],"rotation":0,"texture":"#2","tintindex":0}}},{"from":[7.268511,8.664,6.9338813],"to":[10.6970825,8.664,8.648168],"rotation":{"angle":0.0,"axis":"y","origin":[8.568511,-1.9074287,6.9338813]},"faces":{"east":{"uv":[0.0,0.0,0.75,0.0],"rotation":0,"texture":"#0","tintindex":0},"south":{"uv":[0.0,0.0,1.5,0.0],"rotation":0,"texture":"#0","tintindex":0},"north":{"uv":[0.0,0.0,1.5,0.0],"rotation":0,"texture":"#0","tintindex":0},"west":{"uv":[0.0,0.0,0.75,0.0],"rotation":0,"texture":"#0","tintindex":0},"up":{"uv":[5.75,9.75,4.25,9.0],"rotation":0,"texture":"#0","tintindex":0},"down":{"uv":[5.75,9.0,4.25,9.75],"rotation":0,"texture":"#0","tintindex":0}}},{"from":[7.268511,6.949714,6.9338813],"to":[10.6970825,6.949714,8.648168],"rotation":{"angle":0.0,"axis":"y","origin":[8.568511,-1.9074287,6.9338813]},"faces":{"east":{"uv":[0.0,0.0,0.75,0.0],"rotation":0,"texture":"#0","tintindex":0},"south":{"uv":[0.0,0.0,1.5,0.0],"rotation":0,"texture":"#0","tintindex":0},"north":{"uv":[0.0,0.0,1.5,0.0],"rotation":0,"texture":"#0","tintindex":0},"west":{"uv":[0.0,0.0,0.75,0.0],"rotation":0,"texture":"#0","tintindex":0},"up":{"uv":[2.75,9.75,1.25,9.0],"rotation":0,"texture":"#0","tintindex":0},"down":{"uv":[2.75,9.0,1.25,9.75],"rotation":0,"texture":"#0","tintindex":0}}},{"from":[10.97565,4.6068573,6.7202735],"to":[11.547078,13.178286,7.291702],"rotation":{"angle":22.5,"axis":"y","origin":[11.832792,7.7497144,7.0059876]},"faces":{"east":{"uv":[1.0,7.0,1.5,15.0],"rotation":0,"texture":"#2","tintindex":0},"south":{"uv":[2.0,7.0,2.5,15.0],"rotation":0,"texture":"#2","tintindex":0},"north":{"uv":[0.0,7.0,0.5,15.0],"rotation":0,"texture":"#2","tintindex":0},"west":{"uv":[3.0,7.0,3.5,15.0],"rotation":0,"texture":"#2","tintindex":0},"up":{"uv":[11.0,8.0,10.0,7.0],"rotation":0,"texture":"#2","tintindex":0},"down":{"uv":[9.0,10.0,8.0,11.0],"rotation":0,"texture":"#2","tintindex":0}}},{"from":[10.575649,7.064,6.3202734],"to":[11.947078,8.435429,7.691702],"rotation":{"angle":22.5,"axis":"y","origin":[11.832792,7.7497144,7.0059876]},"faces":{"east":{"uv":[0.0,10.5,0.5,11.0],"rotation":0,"texture":"#0","tintindex":0},"south":{"uv":[0.5,10.5,1.0,11.0],"rotation":0,"texture":"#0","tintindex":0},"north":{"uv":[10.25,9.5,10.75,10.0],"rotation":0,"texture":"#0","tintindex":0},"west":{"uv":[1.0,10.5,1.5,11.0],"rotation":0,"texture":"#0","tintindex":0},"up":{"uv":[2.0,11.0,1.5,10.5],"rotation":0,"texture":"#0","tintindex":0},"down":{"uv":[2.5,10.5,2.0,11.0],"rotation":0,"texture":"#0","tintindex":0}}},{"from":[7.3256536,7.006857,6.991024],"to":[9.497082,8.606857,8.591024],"rotation":{"angle":0.0,"axis":"y","origin":[8.568511,-1.9074287,6.9338813]},"faces":{"east":{"uv":[5.25,9.75,6.0,10.5],"rotation":0,"texture":"#0","tintindex":0},"south":{"uv":[9.25,7.5,10.25,8.25],"rotation":0,"texture":"#0","tintindex":0},"north":{"uv":[9.25,6.75,10.25,7.5],"rotation":0,"texture":"#0","tintindex":0},"west":{"uv":[6.0,9.75,6.75,10.5],"rotation":0,"texture":"#0","tintindex":0},"up":{"uv":[10.75,0.75,9.75,0.0],"rotation":0,"texture":"#0","tintindex":0},"down":{"uv":[2.25,9.75,1.25,10.5],"rotation":0,"texture":"#0","tintindex":0}}},{"from":[7.268511,6.3782854,8.648168],"to":[10.125653,8.664,8.648168],"rotation":{"angle":0.0,"axis":"y","origin":[8.568511,-1.9074287,6.9338813]},"faces":{"east":{"uv":[0.0,0.0,0.0,1.0],"rotation":0,"texture":"#0","tintindex":0},"south":{"uv":[9.25,2.25,8.0,3.25],"rotation":0,"texture":"#0","tintindex":0},"north":{"uv":[8.0,2.25,9.25,3.25],"rotation":0,"texture":"#0","tintindex":0},"west":{"uv":[0.0,0.0,0.0,1.0],"rotation":0,"texture":"#0","tintindex":0},"up":{"uv":[1.25,0.0,0.0,0.0],"rotation":0,"texture":"#0","tintindex":0},"down":{"uv":[1.25,0.0,0.0,0.0],"rotation":0,"texture":"#0","tintindex":0}}},{"from":[9.211368,7.1782856,6.819596],"to":[10.925653,8.321143,7.962453],"rotation":{"angle":22.5,"axis":"y","origin":[10.982797,7.7497144,7.791024]},"faces":{"east":{"uv":[9.25,4.25,9.75,4.75],"rotation":0,"texture":"#0","tintindex":0},"south":{"uv":[0.0,10.0,0.75,10.5],"rotation":0,"texture":"#0","tintindex":0},"north":{"uv":[9.75,9.0,10.5,9.5],"rotation":0,"texture":"#0","tintindex":0},"west":{"uv":[0.75,10.0,1.25,10.5],"rotation":0,"texture":"#0","tintindex":0},"up":{"uv":[9.0,10.5,8.25,10.0],"rotation":0,"texture":"#0","tintindex":0},"down":{"uv":[9.75,10.0,9.0,10.5],"rotation":0,"texture":"#0","tintindex":0}}},{"from":[10.804221,4.4354286,6.548845],"to":[11.718507,5.9211426,7.4631305],"rotation":{"angle":22.5,"axis":"y","origin":[11.832792,7.7497144,7.0059876]},"faces":{"east":{"uv":[8.0,8.5,9.0,10.0],"rotation":0,"texture":"#2","tintindex":0},"south":{"uv":[9.0,7.0,10.0,8.5],"rotation":0,"texture":"#2","tintindex":0},"north":{"uv":[8.0,7.0,9.0,8.5],"rotation":0,"texture":"#2","tintindex":0},"west":{"uv":[9.0,8.5,10.0,10.0],"rotation":0,"texture":"#2","tintindex":0},"up":{"uv":[11.0,9.0,10.0,8.0],"rotation":0,"texture":"#2","tintindex":0},"down":{"uv":[10.0,10.0,9.0,11.0],"rotation":0,"texture":"#2","tintindex":0}}},{"from":[10.804221,11.292572,6.548845],"to":[11.718507,15.635429,7.4631305],"rotation":{"angle":22.5,"axis":"y","origin":[11.832792,7.7497144,7.0059876]},"faces":{"east":{"uv":[5.0,7.0,6.0,11.0],"rotation":0,"texture":"#2","tintindex":0},"south":{"uv":[6.0,7.0,7.0,11.0],"rotation":0,"texture":"#2","tintindex":0},"north":{"uv":[4.0,7.0,5.0,11.0],"rotation":0,"texture":"#2","tintindex":0},"west":{"uv":[7.0,7.0,8.0,11.0],"rotation":0,"texture":"#2","tintindex":0},"up":{"uv":[11.0,10.0,10.0,9.0],"rotation":0,"texture":"#2","tintindex":0},"down":{"uv":[11.0,10.0,10.0,11.0],"rotation":0,"texture":"#2","tintindex":0}}},{"from":[7.268511,6.3782854,6.9338813],"to":[10.125653,8.664,6.9338813],"rotation":{"angle":0.0,"axis":"y","origin":[8.568511,-1.9074287,6.9338813]},"faces":{"east":{"uv":[0.0,0.0,0.0,1.0],"rotation":0,"texture":"#0","tintindex":0},"south":{"uv":[8.0,1.25,9.25,2.25],"rotation":0,"texture":"#0","tintindex":0},"north":{"uv":[9.25,1.25,8.0,2.25],"rotation":0,"texture":"#0","tintindex":0},"west":{"uv":[0.0,0.0,0.0,1.0],"rotation":0,"texture":"#0","tintindex":0},"up":{"uv":[1.25,0.0,0.0,0.0],"rotation":0,"texture":"#0","tintindex":0},"down":{"uv":[1.25,0.0,0.0,0.0],"rotation":0,"texture":"#0","tintindex":0}}}],"display":{"head":{"translation":[0.0,-6.4,0.0],"scale":[4.0,4.0,4.0]}}}