{"textures":{"2":"modelengine:entity/nocsy_pikachu_full"},"elements":[{"from":[6.2585144,4.000228,6.2768],"to":[9.741486,9.220343,8.022629],"rotation":{"angle":0.0,"axis":"y","origin":[7.1314287,2.5714283,7.714286]},"faces":{"east":{"uv":[9.5,3.5,10.25,5.75],"rotation":0,"texture":"#2","tintindex":0},"south":{"uv":[4.5,2.25,6.0,4.5],"rotation":0,"texture":"#2","tintindex":0},"north":{"uv":[4.5,0.0,6.0,2.25],"rotation":0,"texture":"#2","tintindex":0},"west":{"uv":[9.0,9.5,9.75,11.75],"rotation":0,"texture":"#2","tintindex":0},"up":{"uv":[11.0,1.75,9.5,1.0],"rotation":0,"texture":"#2","tintindex":0},"down":{"uv":[11.0,5.75,9.5,6.5],"rotation":0,"texture":"#2","tintindex":0}}},{"from":[6.262857,4.3085713,6.4114285],"to":[9.737143,9.085714,9.451428],"rotation":{"angle":0.0,"axis":"y","origin":[7.1314287,2.5714283,7.714286]},"faces":{"east":{"uv":[4.5,6.75,5.875,8.875],"rotation":0,"texture":"#2","tintindex":0},"south":{"uv":[6.0,0.0,7.5,2.125],"rotation":0,"texture":"#2","tintindex":0},"north":{"uv":[4.5,4.5,6.0,6.625],"rotation":0,"texture":"#2","tintindex":0},"west":{"uv":[6.0,7.5,7.375,9.625],"rotation":0,"texture":"#2","tintindex":0},"up":{"uv":[4.5,10.375,3.0,9.0],"rotation":0,"texture":"#2","tintindex":0},"down":{"uv":[6.0,9.0,4.5,10.375],"rotation":0,"texture":"#2","tintindex":0}}},{"from":[6.2672,3.7917714,6.850057],"to":[9.7328,7.691657,9.8813715],"rotation":{"angle":-22.5,"axis":"x","origin":[8.0,6.6971426,7.9314284]},"faces":{"east":{"uv":[0.0,9.0,1.375,10.75],"rotation":0,"texture":"#2","tintindex":0},"south":{"uv":[8.0,5.25,9.5,7.0],"rotation":0,"texture":"#2","tintindex":0},"north":{"uv":[8.0,3.5,9.5,5.25],"rotation":0,"texture":"#2","tintindex":0},"west":{"uv":[1.5,9.0,2.875,10.75],"rotation":0,"texture":"#2","tintindex":0},"up":{"uv":[10.75,8.375,9.25,7.0],"rotation":0,"texture":"#2","tintindex":0},"down":{"uv":[9.0,9.25,7.5,10.625],"rotation":0,"texture":"#2","tintindex":0}}}],"display":{"head":{"translation":[0.0,-6.4,0.0],"scale":[4.0,4.0,4.0]}}}