{"textures":{"0":"modelengine:entity/nocsy_pikachu_mouse","1":"modelengine:entity/nocsy_pikachu_cheeks","2":"modelengine:entity/nocsy_pikachu_full"},"elements":[{"from":[10.206858,7.7403398,5.8686056],"to":[10.424,9.582625,9.368034],"rotation":{"angle":0.0,"axis":"y","origin":[9.302857,1.6986251,8.121177]},"faces":{"east":{"uv":[0.0,0.0,5.5,3.5],"rotation":0,"texture":"#1","tintindex":0},"south":{"uv":[6.0,0.0,6.5,3.5],"rotation":0,"texture":"#1","tintindex":0},"north":{"uv":[5.5,0.0,6.0,3.5],"rotation":0,"texture":"#1","tintindex":0},"west":{"uv":[0.0,4.0,5.5,7.5],"rotation":0,"texture":"#1","tintindex":0},"up":{"uv":[0.0,13.0,0.5,7.5],"rotation":0,"texture":"#1","tintindex":0},"down":{"uv":[0.5,7.5,1.0,13.0],"rotation":0,"texture":"#1","tintindex":0}}},{"from":[7.8508573,9.186054,5.168034],"to":[8.063429,9.36434,5.5177484],"rotation":{"angle":-22.5,"axis":"z","origin":[8.0,9.318054,5.3428907]},"faces":{"east":{"uv":[0.625,12.75,0.5,12.875],"rotation":0,"texture":"#2","tintindex":0},"south":{"uv":[8.125,12.5,8.0,12.625],"rotation":0,"texture":"#2","tintindex":0},"north":{"uv":[0.625,12.5,0.5,12.625],"rotation":0,"texture":"#2","tintindex":0},"west":{"uv":[12.625,7.25,12.5,7.375],"rotation":0,"texture":"#2","tintindex":0},"up":{"uv":[12.75,3.625,12.875,3.5],"rotation":0,"texture":"#2","tintindex":0},"down":{"uv":[8.0,12.5,8.125,12.625],"rotation":0,"texture":"#2","tintindex":0}}},{"from":[8.434952,9.276214,5.8061695],"to":[10.179409,11.020671,5.8061695],"rotation":{"angle":0.0,"axis":"y","origin":[6.6742125,1.6985507,8.12331]},"faces":{"east":{"uv":[0.0,0.0,0.0,0.75],"rotation":0,"texture":"#2","tintindex":0},"south":{"uv":[11.75,5.75,11.0,6.5],"rotation":0,"texture":"#2","tintindex":0},"north":{"uv":[11.75,2.0,11.0,2.75],"rotation":0,"texture":"#2","tintindex":0},"west":{"uv":[0.0,0.0,0.0,0.75],"rotation":0,"texture":"#2","tintindex":0},"up":{"uv":[0.75,0.0,0.0,0.0],"rotation":0,"texture":"#2","tintindex":0},"down":{"uv":[0.75,0.0,0.0,0.0],"rotation":0,"texture":"#2","tintindex":0}}},{"from":[5.5759997,7.7403398,5.8686056],"to":[5.793143,9.582625,9.368034],"rotation":{"angle":0.0,"axis":"y","origin":[6.6971426,1.6986251,8.121177]},"faces":{"east":{"uv":[5.5,4.0,0.0,7.5],"rotation":0,"texture":"#1","tintindex":0},"south":{"uv":[6.5,0.0,6.0,3.5],"rotation":0,"texture":"#1","tintindex":0},"north":{"uv":[6.0,0.0,5.5,3.5],"rotation":0,"texture":"#1","tintindex":0},"west":{"uv":[5.5,0.0,0.0,3.5],"rotation":0,"texture":"#1","tintindex":0},"up":{"uv":[0.5,13.0,0.0,7.5],"rotation":0,"texture":"#1","tintindex":0},"down":{"uv":[1.0,7.5,0.5,13.0],"rotation":0,"texture":"#1","tintindex":0}}},{"from":[5.741714,7.6917686,5.862891],"to":[10.2582855,11.774055,9.945177],"rotation":{"angle":0.0,"axis":"y","origin":[6.6971426,1.6986251,8.121177]},"faces":{"east":{"uv":[7.5,7.5,9.125,9.125],"rotation":0,"texture":"#2","tintindex":0},"south":{"uv":[7.875,4.0,6.0,5.625],"rotation":0,"texture":"#2","tintindex":0},"north":{"uv":[6.0,2.25,7.875,3.875],"rotation":0,"texture":"#2","tintindex":0},"west":{"uv":[8.0,1.75,9.625,3.375],"rotation":0,"texture":"#2","tintindex":0},"up":{"uv":[7.875,7.375,6.0,5.75],"rotation":0,"texture":"#2","tintindex":0},"down":{"uv":[9.375,0.0,7.5,1.625],"rotation":0,"texture":"#2","tintindex":0}}},{"from":[6.1113343,9.276214,5.8061695],"to":[7.8557916,11.020671,5.8061695],"rotation":{"angle":0.0,"axis":"y","origin":[9.325788,1.6985507,8.12331]},"faces":{"east":{"uv":[0.0,0.0,0.0,0.75],"rotation":0,"texture":"#2","tintindex":0},"south":{"uv":[11.25,0.0,12.0,0.75],"rotation":0,"texture":"#2","tintindex":0},"north":{"uv":[11.0,9.5,11.75,10.25],"rotation":0,"texture":"#2","tintindex":0},"west":{"uv":[0.0,0.0,0.0,0.75],"rotation":0,"texture":"#2","tintindex":0},"up":{"uv":[0.75,0.0,0.0,0.0],"rotation":0,"texture":"#2","tintindex":0},"down":{"uv":[0.75,0.0,0.0,0.0],"rotation":0,"texture":"#2","tintindex":0}}},{"from":[6.4602256,9.741402,5.791632],"to":[7.0417113,10.322887,5.791632],"rotation":{"angle":0.0,"axis":"y","origin":[9.325788,1.6985507,8.12331]},"faces":{"east":{"uv":[0.0,0.0,0.0,0.25],"rotation":0,"texture":"#2","tintindex":0},"south":{"uv":[11.0,10.25,11.25,10.5],"rotation":0,"texture":"#2","tintindex":0},"north":{"uv":[9.0,9.25,9.25,9.5],"rotation":0,"texture":"#2","tintindex":0},"west":{"uv":[0.0,0.0,0.0,0.25],"rotation":0,"texture":"#2","tintindex":0},"up":{"uv":[0.25,0.0,0.0,0.0],"rotation":0,"texture":"#2","tintindex":0},"down":{"uv":[0.25,0.0,0.0,0.0],"rotation":0,"texture":"#2","tintindex":0}}},{"from":[6.0457144,7.6483397,5.341748],"to":[9.954286,9.534054,6.2103195],"rotation":{"angle":0.0,"axis":"y","origin":[8.217143,8.86434,5.7326055]},"faces":{"east":{"uv":[5.0,12.0,5.375,13.0],"rotation":0,"texture":"#2","tintindex":0},"south":{"uv":[9.5,0.0,11.25,1.0],"rotation":0,"texture":"#2","tintindex":0},"north":{"uv":[9.25,8.5,11.0,9.5],"rotation":0,"texture":"#2","tintindex":0},"west":{"uv":[5.5,12.0,5.875,13.0],"rotation":0,"texture":"#2","tintindex":0},"up":{"uv":[12.0,5.625,10.25,5.25],"rotation":0,"texture":"#2","tintindex":0},"down":{"uv":[12.5,8.0,10.75,8.375],"rotation":0,"texture":"#2","tintindex":0}}},{"from":[6.319314,7.9188294,5.244475],"to":[9.680686,9.786258,5.244475],"rotation":{"angle":0.0,"axis":"y","origin":[8.186743,7.8617325,6.0500407]},"faces":{"east":{"uv":[0.0,0.0,0.0,4.0],"rotation":0,"texture":"#0","tintindex":0},"south":{"uv":[7.0,0.0,0.0,4.0],"rotation":0,"texture":"#0","tintindex":0},"north":{"uv":[0.0,0.0,7.0,4.0],"rotation":0,"texture":"#0","tintindex":0},"west":{"uv":[0.0,0.0,0.0,4.0],"rotation":0,"texture":"#0","tintindex":0},"up":{"uv":[7.0,0.0,0.0,0.0],"rotation":0,"texture":"#0","tintindex":0},"down":{"uv":[7.0,0.0,0.0,0.0],"rotation":0,"texture":"#0","tintindex":0}}},{"from":[7.808,9.257483,5.168034],"to":[8.192,9.492911,5.5177484],"rotation":{"angle":0.0,"axis":"y","origin":[9.451428,8.578626,5.7326055]},"faces":{"east":{"uv":[12.5,7.25,12.625,7.375],"rotation":0,"texture":"#2","tintindex":0},"south":{"uv":[8.0,12.5,8.125,12.625],"rotation":0,"texture":"#2","tintindex":0},"north":{"uv":[0.5,12.5,0.625,12.625],"rotation":0,"texture":"#2","tintindex":0},"west":{"uv":[0.5,12.75,0.625,12.875],"rotation":0,"texture":"#2","tintindex":0},"up":{"uv":[12.875,3.625,12.75,3.5],"rotation":0,"texture":"#2","tintindex":0},"down":{"uv":[8.125,12.5,8.0,12.625],"rotation":0,"texture":"#2","tintindex":0}}},{"from":[7.9365716,9.186054,5.168034],"to":[8.149143,9.36434,5.5177484],"rotation":{"angle":22.5,"axis":"z","origin":[8.0,9.318054,5.3428907]},"faces":{"east":{"uv":[12.5,7.25,12.625,7.375],"rotation":0,"texture":"#2","tintindex":0},"south":{"uv":[8.0,12.5,8.125,12.625],"rotation":0,"texture":"#2","tintindex":0},"north":{"uv":[0.5,12.5,0.625,12.625],"rotation":0,"texture":"#2","tintindex":0},"west":{"uv":[0.5,12.75,0.625,12.875],"rotation":0,"texture":"#2","tintindex":0},"up":{"uv":[12.875,3.625,12.75,3.5],"rotation":0,"texture":"#2","tintindex":0},"down":{"uv":[8.125,12.5,8.0,12.625],"rotation":0,"texture":"#2","tintindex":0}}},{"from":[8.4931,9.741402,5.791632],"to":[9.074586,10.322887,5.791632],"rotation":{"angle":0.0,"axis":"y","origin":[6.6742125,1.6985507,8.12331]},"faces":{"east":{"uv":[0.0,0.0,0.0,0.25],"rotation":0,"texture":"#2","tintindex":0},"south":{"uv":[12.0,11.25,12.25,11.5],"rotation":0,"texture":"#2","tintindex":0},"north":{"uv":[6.5,12.0,6.75,12.25],"rotation":0,"texture":"#2","tintindex":0},"west":{"uv":[0.0,0.0,0.0,0.25],"rotation":0,"texture":"#2","tintindex":0},"up":{"uv":[0.25,0.0,0.0,0.0],"rotation":0,"texture":"#2","tintindex":0},"down":{"uv":[0.25,0.0,0.0,0.0],"rotation":0,"texture":"#2","tintindex":0}}}],"display":{"head":{"translation":[0.0,-6.4,0.0],"scale":[4.0,4.0,4.0]}}}