{"textures":{"2":"modelengine:entity/nocsy_pikachu_full"},"elements":[{"from":[7.7716346,5.9453278,6.8085995],"to":[8.596291,8.437642,7.633256],"rotation":{"angle":22.5,"axis":"z","origin":[7.8295856,7.5145936,7.2209277]},"faces":{"east":{"uv":[2.75,12.0,3.125,13.125],"rotation":0,"texture":"#2","tintindex":0},"south":{"uv":[3.25,12.0,3.625,13.125],"rotation":0,"texture":"#2","tintindex":0},"north":{"uv":[2.25,12.0,2.625,13.125],"rotation":0,"texture":"#2","tintindex":0},"west":{"uv":[3.75,12.0,4.125,13.125],"rotation":0,"texture":"#2","tintindex":0},"up":{"uv":[11.375,13.375,11.0,13.0],"rotation":0,"texture":"#2","tintindex":0},"down":{"uv":[11.875,13.0,11.5,13.375],"rotation":0,"texture":"#2","tintindex":0}}},{"from":[8.193943,6.841694,6.8085995],"to":[9.075743,8.917093,7.633256],"rotation":{"angle":0.0,"axis":"y","origin":[9.080328,8.973794,7.0124702]},"faces":{"east":{"uv":[12.25,8.5,12.625,9.375],"rotation":0,"texture":"#2","tintindex":0},"south":{"uv":[12.25,11.25,12.625,12.125],"rotation":0,"texture":"#2","tintindex":0},"north":{"uv":[7.5,12.25,7.875,13.125],"rotation":0,"texture":"#2","tintindex":0},"west":{"uv":[12.25,12.25,12.625,13.125],"rotation":0,"texture":"#2","tintindex":0},"up":{"uv":[1.375,13.625,1.0,13.25],"rotation":0,"texture":"#2","tintindex":0},"down":{"uv":[1.875,13.25,1.5,13.625],"rotation":0,"texture":"#2","tintindex":0}}},{"from":[8.208978,8.925848,6.8081822],"to":[9.034468,11.002082,7.6336727],"rotation":{"angle":22.5,"axis":"z","origin":[9.080328,8.973794,7.0124702]},"faces":{"east":{"uv":[12.25,2.75,12.625,3.625],"rotation":0,"texture":"#2","tintindex":0},"south":{"uv":[6.5,12.25,6.875,13.125],"rotation":0,"texture":"#2","tintindex":0},"north":{"uv":[12.25,1.75,12.625,2.625],"rotation":0,"texture":"#2","tintindex":0},"west":{"uv":[7.0,12.25,7.375,13.125],"rotation":0,"texture":"#2","tintindex":0},"up":{"uv":[0.375,13.625,0.0,13.25],"rotation":0,"texture":"#2","tintindex":0},"down":{"uv":[0.875,13.25,0.5,13.625],"rotation":0,"texture":"#2","tintindex":0}}},{"from":[7.8295856,10.683143,6.8040133],"to":[8.454957,11.266823,7.6378417],"rotation":{"angle":-45.0,"axis":"z","origin":[7.8295856,11.266823,7.0124702]},"faces":{"east":{"uv":[2.0,13.25,2.375,13.5],"rotation":0,"texture":"#2","tintindex":0},"south":{"uv":[8.0,12.25,8.25,12.5],"rotation":0,"texture":"#2","tintindex":0},"north":{"uv":[12.25,4.25,12.5,4.5],"rotation":0,"texture":"#2","tintindex":0},"west":{"uv":[2.5,13.25,2.875,13.5],"rotation":0,"texture":"#2","tintindex":0},"up":{"uv":[11.75,3.125,11.5,2.75],"rotation":0,"texture":"#2","tintindex":0},"down":{"uv":[11.75,3.25,11.5,3.625],"rotation":0,"texture":"#2","tintindex":0}}},{"from":[7.4183855,8.354136,6.8097277],"to":[8.240786,10.844193,7.632128],"rotation":{"angle":0.0,"axis":"y","origin":[9.9975395,-1.699213,7.2209277]},"faces":{"east":{"uv":[0.75,12.0,1.125,13.125],"rotation":0,"texture":"#2","tintindex":0},"south":{"uv":[1.25,12.0,1.625,13.125],"rotation":0,"texture":"#2","tintindex":0},"north":{"uv":[11.75,11.75,12.125,12.875],"rotation":0,"texture":"#2","tintindex":0},"west":{"uv":[1.75,12.0,2.125,13.125],"rotation":0,"texture":"#2","tintindex":0},"up":{"uv":[10.375,13.375,10.0,13.0],"rotation":0,"texture":"#2","tintindex":0},"down":{"uv":[10.875,13.0,10.5,13.375],"rotation":0,"texture":"#2","tintindex":0}}}],"display":{"head":{"translation":[0.0,-6.4,0.0],"scale":[4.0,4.0,4.0]}}}