{"textures":{"2":"modelengine:entity/nocsy_pikachu_full"},"elements":[{"from":[5.0034285,5.5862713,6.7230954],"to":[6.306286,6.628557,7.591667],"rotation":{"angle":-45.0,"axis":"x","origin":[5.6548567,5.9771285,7.0922384]},"faces":{"east":{"uv":[12.75,11.25,13.125,11.75],"rotation":0,"texture":"#2","tintindex":0},"south":{"uv":[12.5,4.25,13.125,4.75],"rotation":0,"texture":"#2","tintindex":0},"north":{"uv":[12.25,3.75,12.875,4.25],"rotation":0,"texture":"#2","tintindex":0},"west":{"uv":[12.75,11.75,13.125,12.25],"rotation":0,"texture":"#2","tintindex":0},"up":{"uv":[13.375,2.875,12.75,2.5],"rotation":0,"texture":"#2","tintindex":0},"down":{"uv":[13.375,3.0,12.75,3.375],"rotation":0,"texture":"#2","tintindex":0}}},{"from":[9.689371,6.179427,6.3674483],"to":[11.000915,8.359542,8.981849],"rotation":{"angle":0.0,"axis":"y","origin":[10.345143,7.70377,7.6746483]},"faces":{"east":{"uv":[9.75,1.75,10.875,2.75],"rotation":0,"texture":"#2","tintindex":0},"south":{"uv":[11.0,1.0,11.625,2.0],"rotation":0,"texture":"#2","tintindex":0},"north":{"uv":[8.25,10.75,8.875,11.75],"rotation":0,"texture":"#2","tintindex":0},"west":{"uv":[6.0,9.75,7.125,10.75],"rotation":0,"texture":"#2","tintindex":0},"up":{"uv":[1.375,11.875,0.75,10.75],"rotation":0,"texture":"#2","tintindex":0},"down":{"uv":[2.125,10.75,1.5,11.875],"rotation":0,"texture":"#2","tintindex":0}}},{"from":[9.693714,5.5862713,6.7230954],"to":[10.996572,6.628557,7.591667],"rotation":{"angle":-45.0,"axis":"x","origin":[10.345143,5.9771285,7.0922384]},"faces":{"east":{"uv":[7.5,1.75,7.875,2.25],"rotation":0,"texture":"#2","tintindex":0},"south":{"uv":[9.5,6.5,10.125,7.0],"rotation":0,"texture":"#2","tintindex":0},"north":{"uv":[8.0,7.0,8.625,7.5],"rotation":0,"texture":"#2","tintindex":0},"west":{"uv":[8.75,7.0,9.125,7.5],"rotation":0,"texture":"#2","tintindex":0},"up":{"uv":[13.125,11.125,12.5,10.75],"rotation":0,"texture":"#2","tintindex":0},"down":{"uv":[13.375,0.0,12.75,0.375],"rotation":0,"texture":"#2","tintindex":0}}},{"from":[4.997943,5.309713,6.84402],"to":[6.3117714,6.189256,8.592134],"rotation":{"angle":0.0,"axis":"y","origin":[5.6548567,7.70377,7.6746483]},"faces":{"east":{"uv":[12.5,8.0,13.25,8.375],"rotation":0,"texture":"#2","tintindex":0},"south":{"uv":[12.75,9.0,13.375,9.375],"rotation":0,"texture":"#2","tintindex":0},"north":{"uv":[12.75,8.5,13.375,8.875],"rotation":0,"texture":"#2","tintindex":0},"west":{"uv":[12.5,10.25,13.25,10.625],"rotation":0,"texture":"#2","tintindex":0},"up":{"uv":[11.875,11.0,11.25,10.25],"rotation":0,"texture":"#2","tintindex":0},"down":{"uv":[11.875,11.0,11.25,11.75],"rotation":0,"texture":"#2","tintindex":0}}},{"from":[5.0034285,5.387889,8.033801],"to":[6.306286,6.430175,8.902372],"rotation":{"angle":22.5,"axis":"x","origin":[5.6548567,6.1153173,8.305229]},"faces":{"east":{"uv":[12.75,12.25,13.125,12.75],"rotation":0,"texture":"#2","tintindex":0},"south":{"uv":[12.5,5.75,13.125,6.25],"rotation":0,"texture":"#2","tintindex":0},"north":{"uv":[12.5,4.75,13.125,5.25],"rotation":0,"texture":"#2","tintindex":0},"west":{"uv":[12.75,12.75,13.125,13.25],"rotation":0,"texture":"#2","tintindex":0},"up":{"uv":[4.875,13.125,4.25,12.75],"rotation":0,"texture":"#2","tintindex":0},"down":{"uv":[13.375,7.25,12.75,7.625],"rotation":0,"texture":"#2","tintindex":0}}},{"from":[9.693714,5.387889,8.033801],"to":[10.996572,6.430175,8.902372],"rotation":{"angle":22.5,"axis":"x","origin":[10.345143,6.1153173,8.305229]},"faces":{"east":{"uv":[9.75,2.75,10.125,3.25],"rotation":0,"texture":"#2","tintindex":0},"south":{"uv":[12.0,7.5,12.625,8.0],"rotation":0,"texture":"#2","tintindex":0},"north":{"uv":[11.0,4.75,11.625,5.25],"rotation":0,"texture":"#2","tintindex":0},"west":{"uv":[10.25,6.5,10.625,7.0],"rotation":0,"texture":"#2","tintindex":0},"up":{"uv":[13.375,0.875,12.75,0.5],"rotation":0,"texture":"#2","tintindex":0},"down":{"uv":[13.375,1.0,12.75,1.375],"rotation":0,"texture":"#2","tintindex":0}}},{"from":[9.949943,4.9373918,5.563955],"to":[11.000915,5.3803635,8.61264],"rotation":{"angle":0.0,"axis":"y","origin":[10.388572,4.985163,6.9145837]},"faces":{"east":{"uv":[11.75,9.75,13.125,10.0],"rotation":0,"texture":"#2","tintindex":0},"south":{"uv":[11.25,0.75,11.75,1.0],"rotation":0,"texture":"#2","tintindex":0},"north":{"uv":[9.75,3.25,10.25,3.5],"rotation":0,"texture":"#2","tintindex":0},"west":{"uv":[11.75,10.0,13.125,10.25],"rotation":0,"texture":"#2","tintindex":0},"up":{"uv":[11.25,7.875,10.75,6.5],"rotation":0,"texture":"#2","tintindex":0},"down":{"uv":[7.25,10.75,6.75,12.125],"rotation":0,"texture":"#2","tintindex":0}}},{"from":[4.9990854,4.9373918,5.563955],"to":[6.050057,5.3803635,8.61264],"rotation":{"angle":0.0,"axis":"y","origin":[5.6114283,4.985163,6.9145837]},"faces":{"east":{"uv":[12.0,5.25,13.375,5.5],"rotation":0,"texture":"#2","tintindex":0},"south":{"uv":[12.75,7.75,13.25,8.0],"rotation":0,"texture":"#2","tintindex":0},"north":{"uv":[12.25,9.5,12.75,9.75],"rotation":0,"texture":"#2","tintindex":0},"west":{"uv":[12.0,5.5,13.375,5.75],"rotation":0,"texture":"#2","tintindex":0},"up":{"uv":[7.75,12.125,7.25,10.75],"rotation":0,"texture":"#2","tintindex":0},"down":{"uv":[8.25,10.75,7.75,12.125],"rotation":0,"texture":"#2","tintindex":0}}},{"from":[4.9990854,6.179427,6.3674483],"to":[6.3106284,8.359542,8.981849],"rotation":{"angle":0.0,"axis":"y","origin":[5.6548567,7.70377,7.6746483]},"faces":{"east":{"uv":[9.75,9.5,10.875,10.5],"rotation":0,"texture":"#2","tintindex":0},"south":{"uv":[11.0,8.5,11.625,9.5],"rotation":0,"texture":"#2","tintindex":0},"north":{"uv":[11.0,3.75,11.625,4.75],"rotation":0,"texture":"#2","tintindex":0},"west":{"uv":[10.25,2.75,11.375,3.75],"rotation":0,"texture":"#2","tintindex":0},"up":{"uv":[2.875,11.875,2.25,10.75],"rotation":0,"texture":"#2","tintindex":0},"down":{"uv":[6.625,10.75,6.0,11.875],"rotation":0,"texture":"#2","tintindex":0}}},{"from":[9.689371,5.310856,6.845163],"to":[11.000915,6.188113,8.590991],"rotation":{"angle":0.0,"axis":"y","origin":[10.345143,7.70377,7.6746483]},"faces":{"east":{"uv":[12.5,6.25,13.25,6.625],"rotation":0,"texture":"#2","tintindex":0},"south":{"uv":[12.75,2.0,13.375,2.375],"rotation":0,"texture":"#2","tintindex":0},"north":{"uv":[12.75,1.5,13.375,1.875],"rotation":0,"texture":"#2","tintindex":0},"west":{"uv":[12.5,6.75,13.25,7.125],"rotation":0,"texture":"#2","tintindex":0},"up":{"uv":[11.875,7.25,11.25,6.5],"rotation":0,"texture":"#2","tintindex":0},"down":{"uv":[11.875,7.25,11.25,8.0],"rotation":0,"texture":"#2","tintindex":0}}}],"display":{"head":{"translation":[0.0,-6.4,0.0],"scale":[4.0,4.0,4.0]}}}