{"textures":{"0":"modelengine:entity/mso_cave_fly"},"elements":[{"from":[-6.4847717,9.931906,1.7857141],"to":[6.658086,9.931906,14.214286],"rotation":{"angle":-45.0,"axis":"z","origin":[4.9438,7.21762,5.928571]},"faces":{"east":{"uv":[0.0,0.0,5.5,0.0],"rotation":0,"texture":"#0","tintindex":0},"south":{"uv":[0.0,0.0,5.75,0.0],"rotation":0,"texture":"#0","tintindex":0},"north":{"uv":[0.0,0.0,5.75,0.0],"rotation":0,"texture":"#0","tintindex":0},"west":{"uv":[0.0,0.0,5.5,0.0],"rotation":0,"texture":"#0","tintindex":0},"up":{"uv":[11.5,5.5,5.75,0.0],"rotation":0,"texture":"#0","tintindex":0},"down":{"uv":[11.5,0.0,5.75,5.5],"rotation":0,"texture":"#0","tintindex":0}}}],"display":{"head":{"translation":[0.0,-6.4,0.0],"scale":[4.0,4.0,4.0]}}}