{"textures":{"0":"modelengine:entity/mso_cave_fly"},"elements":[{"from":[9.428572,5.9009657,4.9973392],"to":[14.0,5.9009657,9.997339],"rotation":{"angle":-45.0,"axis":"z","origin":[11.142858,7.472394,6.854482]},"faces":{"east":{"uv":[0.0,0.0,2.25,0.0],"rotation":0,"texture":"#0","tintindex":0},"south":{"uv":[0.0,0.0,2.0,0.0],"rotation":0,"texture":"#0","tintindex":0},"north":{"uv":[0.0,0.0,2.0,0.0],"rotation":0,"texture":"#0","tintindex":0},"west":{"uv":[0.0,0.0,2.25,0.0],"rotation":0,"texture":"#0","tintindex":0},"up":{"uv":[2.0,13.25,0.0,11.0],"rotation":0,"texture":"#0","tintindex":0},"down":{"uv":[2.0,11.0,0.0,13.25],"rotation":0,"texture":"#0","tintindex":0}}},{"from":[1.9999995,5.9009657,4.9973392],"to":[6.5714283,5.9009657,9.997339],"rotation":{"angle":45.0,"axis":"z","origin":[4.8571424,7.472394,6.854482]},"faces":{"east":{"uv":[0.0,0.0,2.25,0.0],"rotation":0,"texture":"#0","tintindex":0},"south":{"uv":[0.0,0.0,2.0,0.0],"rotation":0,"texture":"#0","tintindex":0},"north":{"uv":[0.0,0.0,2.0,0.0],"rotation":0,"texture":"#0","tintindex":0},"west":{"uv":[0.0,0.0,2.25,0.0],"rotation":0,"texture":"#0","tintindex":0},"up":{"uv":[6.0,13.25,4.0,11.0],"rotation":0,"texture":"#0","tintindex":0},"down":{"uv":[6.0,11.0,4.0,13.25],"rotation":0,"texture":"#0","tintindex":0}}},{"from":[6.5714283,6.18668,8.140197],"to":[9.428572,9.043822,11.5687685],"rotation":{"angle":22.5,"axis":"x","origin":[8.0,8.329537,10.283054]},"faces":{"east":{"uv":[8.0,12.75,9.5,14.0],"rotation":0,"texture":"#0","tintindex":0},"south":{"uv":[13.25,0.0,14.5,1.25],"rotation":0,"texture":"#0","tintindex":0},"north":{"uv":[0.0,13.25,1.25,14.5],"rotation":0,"texture":"#0","tintindex":0},"west":{"uv":[9.5,12.75,11.0,14.0],"rotation":0,"texture":"#0","tintindex":0},"up":{"uv":[12.25,14.25,11.0,12.75],"rotation":0,"texture":"#0","tintindex":0},"down":{"uv":[13.5,13.0,12.25,14.5],"rotation":0,"texture":"#0","tintindex":0}}},{"from":[6.0,5.615251,9.997339],"to":[10.0,9.615252,15.140197],"rotation":{"angle":45.0,"axis":"x","origin":[8.0,8.329537,10.283054]},"faces":{"east":{"uv":[8.0,11.0,10.25,12.75],"rotation":0,"texture":"#0","tintindex":0},"south":{"uv":[11.5,6.25,13.25,8.0],"rotation":0,"texture":"#0","tintindex":0},"north":{"uv":[11.5,4.5,13.25,6.25],"rotation":0,"texture":"#0","tintindex":0},"west":{"uv":[10.25,11.0,12.5,12.75],"rotation":0,"texture":"#0","tintindex":0},"up":{"uv":[13.25,2.25,11.5,0.0],"rotation":0,"texture":"#0","tintindex":0},"down":{"uv":[13.25,2.25,11.5,4.5],"rotation":0,"texture":"#0","tintindex":0}}},{"from":[7.142857,7.472394,5.140197],"to":[8.857143,9.18668,8.568768],"rotation":{"angle":0.0,"axis":"y","origin":[8.0,7.472394,8.568768]},"faces":{"east":{"uv":[4.5,13.25,6.0,14.0],"rotation":0,"texture":"#0","tintindex":0},"south":{"uv":[13.25,7.25,14.0,8.0],"rotation":0,"texture":"#0","tintindex":0},"north":{"uv":[6.75,13.25,7.5,14.0],"rotation":0,"texture":"#0","tintindex":0},"west":{"uv":[13.25,5.0,14.75,5.75],"rotation":0,"texture":"#0","tintindex":0},"up":{"uv":[14.0,7.25,13.25,5.75],"rotation":0,"texture":"#0","tintindex":0},"down":{"uv":[6.75,13.25,6.0,14.75],"rotation":0,"texture":"#0","tintindex":0}}}],"display":{"head":{"translation":[0.0,-6.4,0.0],"scale":[4.0,4.0,4.0]}}}